2026-09-07 02:23:32,725 INFO Downloading training data for Uttar Pradesh (899 grid cells, bbox {'lat_min': 23.5, 'lat_max': 30.5, 'lon_min': 77.0, 'lon_max': 84.5})
2026-09-07 02:24:46,966 INFO Building CHIRPS NetCDF for 2012 (122 days)...
2026-09-07 02:24:47,274 WARNING CPLE_AppDefined in PROJ: internal_proj_create_from_database: /opt/anaconda3/share/proj/proj.db contains DATABASE.LAYOUT.VERSION.MINOR = 2 whereas a number >= 6 is expected. It comes from another PROJ installation.
2026-09-07 02:24:47,274 WARNING CPLE_AppDefined in PROJ: internal_proj_create_from_name: /opt/anaconda3/share/proj/proj.db contains DATABASE.LAYOUT.VERSION.MINOR = 2 whereas a number >= 6 is expected. It comes from another PROJ installation.
2026-09-07 02:24:47,314 WARNING CPLE_AppDefined in PROJ: internal_proj_create_from_database: /opt/anaconda3/share/proj/proj.db contains DATABASE.LAYOUT.VERSION.MINOR = 2 whereas a number >= 6 is expected. It comes from another PROJ installation.
2026-09-07 02:24:47,314 WARNING CPLE_AppDefined in PROJ: internal_proj_create_from_name: /opt/anaconda3/share/proj/proj.db contains DATABASE.LAYOUT.VERSION.MINOR = 2 whereas a number >= 6 is expected. It comes from another PROJ installation.
2026-09-07 02:24:47,342 WARNING CPLE_AppDefined in PROJ: internal_proj_create_from_database: /opt/anaconda3/share/proj/proj.db contains DATABASE.LAYOUT.VERSION.MINOR = 2 whereas a number >= 6 is expected. It comes from another PROJ installation.
2026-09-07 02:24:47,342 WARNING CPLE_AppDefined in PROJ: internal_proj_create_from_name: /opt/anaconda3/share/proj/proj.db contains DATABASE.LAYOUT.VERSION.MINOR = 2 whereas a number >= 6 is expected. It comes from another PROJ installation.
2026-09-07 02:24:47,370 WARNING CPLE_AppDefined in PROJ: internal_proj_create_from_database: /opt/anaconda3/share/proj/proj.db contains DATABASE.LAYOUT.VERSION.MINOR = 2 whereas a number >= 6 is expected. It comes from another PROJ installation.
2026-09-07 02:24:47,370 WARNING CPLE_AppDefined in PROJ: internal_proj_create_from_name: /opt/anaconda3/share/proj/proj.db contains DATABASE.LAYOUT.VERSION.MINOR = 2 whereas a number >= 6 is expected. It comes from another PROJ installation.
2026-09-07 02:24:47,399 WARNING CPLE_AppDefined in PROJ: internal_proj_create_from_database: /opt/anaconda3/share/proj/proj.db contains DATABASE.LAYOUT.VERSION.MINOR = 2 whereas a number >= 6 is expected. It comes from another PROJ installation.
2026-09-07 02:24:47,399 WARNING CPLE_AppDefined in PROJ: internal_proj_create_from_name: /opt/anaconda3/share/proj/proj.db contains DATABASE.LAYOUT.VERSION.MINOR = 2 whereas a number >= 6 is expected. It comes from another PROJ installation.
2026-09-07 02:24:47,428 WARNING CPLE_AppDefined in PROJ: internal_proj_create_from_database: /opt/anaconda3/share/proj/proj.db contains DATABASE.LAYOUT.VERSION.MINOR = 2 whereas a number >= 6 is expected. It comes from another PROJ installation.
2026-09-07 02:24:47,428 WARNING CPLE_AppDefined in PROJ: internal_proj_create_from_name: /opt/anaconda3/share/proj/proj.db contains DATABASE.LAYOUT.VERSION.MINOR = 2 whereas a number >= 6 is expected. It comes from another PROJ installation.
2026-09-07 02:24:47,457 WARNING CPLE_AppDefined in PROJ: internal_proj_create_from_database: /opt/anaconda3/share/proj/proj.db contains DATABASE.LAYOUT.VERSION.MINOR = 2 whereas a number >= 6 is expected. It comes from another PROJ installation.
2026-09-07 02:24:47,458 WARNING CPLE_AppDefined in PROJ: internal_proj_create_from_name: /opt/anaconda3/share/proj/proj.db contains DATABASE.LAYOUT.VERSION.MINOR = 2 whereas a number >= 6 is expected. It comes from another PROJ installation.
2026-09-07 02:24:47,487 WARNING CPLE_AppDefined in PROJ: internal_proj_create_from_database: /opt/anaconda3/share/proj/proj.db contains DATABASE.LAYOUT.VERSION.MINOR = 2 whereas a number >= 6 is expected. It comes from another PROJ installation.
2026-09-07 02:24:47,487 WARNING CPLE_AppDefined in PROJ: internal_proj_create_from_name: /opt/anaconda3/share/proj/proj.db contains DATABASE.LAYOUT.VERSION.MINOR = 2 whereas a number >= 6 is expected. It comes from another PROJ installation.
2026-09-07 02:24:47,517 WARNING CPLE_AppDefined in PROJ: internal_proj_create_from_database: /opt/anaconda3/share/proj/proj.db contains DATABASE.LAYOUT.VERSION.MINOR = 2 whereas a number >= 6 is expected. It comes from another PROJ installation.
2026-09-07 02:24:47,517 WARNING CPLE_AppDefined in PROJ: internal_proj_create_from_name: /opt/anaconda3/share/proj/proj.db contains DATABASE.LAYOUT.VERSION.MINOR = 2 whereas a number >= 6 is expected. It comes from another PROJ installation.
2026-09-07 02:24:47,549 WARNING CPLE_AppDefined in PROJ: internal_proj_create_from_database: /opt/anaconda3/share/proj/proj.db contains DATABASE.LAYOUT.VERSION.MINOR = 2 whereas a number >= 6 is expected. It comes from another PROJ installation.
2026-09-07 02:24:47,549 WARNING CPLE_AppDefined in PROJ: internal_proj_create_from_name: /opt/anaconda3/share/proj/proj.db contains DATABASE.LAYOUT.VERSION.MINOR = 2 whereas a number >= 6 is expected. It comes from another PROJ installation.
2026-09-07 02:24:47,579 WARNING CPLE_AppDefined in PROJ: internal_proj_create_from_database: /opt/anaconda3/share/proj/proj.db contains DATABASE.LAYOUT.VERSION.MINOR = 2 whereas a number >= 6 is expected. It comes from another PROJ installation.
2026-09-07 02:24:47,579 WARNING CPLE_AppDefined in PROJ: internal_proj_create_from_name: /opt/anaconda3/share/proj/proj.db contains DATABASE.LAYOUT.VERSION.MINOR = 2 whereas a number >= 6 is expected. It comes from another PROJ installation.
2026-09-07 02:24:47,609 WARNING CPLE_AppDefined in PROJ: internal_proj_create_from_database: /opt/anaconda3/share/proj/proj.db contains DATABASE.LAYOUT.VERSION.MINOR = 2 whereas a number >= 6 is expected. It comes from another PROJ installation.
2026-09-07 02:24:47,609 WARNING CPLE_AppDefined in PROJ: internal_proj_create_from_name: /opt/anaconda3/share/proj/proj.db contains DATABASE.LAYOUT.VERSION.MINOR = 2 whereas a number >= 6 is expected. It comes from another PROJ installation.
2026-09-07 02:24:47,639 WARNING CPLE_AppDefined in PROJ: internal_proj_create_from_database: /opt/anaconda3/share/proj/proj.db contains DATABASE.LAYOUT.VERSION.MINOR = 2 whereas a number >= 6 is expected. It comes from another PROJ installation.
2026-09-07 02:24:47,639 WARNING CPLE_AppDefined in PROJ: internal_proj_create_from_name: /opt/anaconda3/share/proj/proj.db contains DATABASE.LAYOUT.VERSION.MINOR = 2 whereas a number >= 6 is expected. It comes from another PROJ installation.
2026-09-07 02:24:47,668 WARNING CPLE_AppDefined in PROJ: internal_proj_create_from_database: /opt/anaconda3/share/proj/proj.db contains DATABASE.LAYOUT.VERSION.MINOR = 2 whereas a number >= 6 is expected. It comes from another PROJ installation.
2026-09-07 02:24:47,668 WARNING CPLE_AppDefined in PROJ: internal_proj_create_from_name: /opt/anaconda3/share/proj/proj.db contains DATABASE.LAYOUT.VERSION.MINOR = 2 whereas a number >= 6 is expected. It comes from another PROJ installation.
2026-09-07 02:24:47,699 WARNING CPLE_AppDefined in PROJ: internal_proj_create_from_database: /opt/anaconda3/share/proj/proj.db contains DATABASE.LAYOUT.VERSION.MINOR = 2 whereas a number >= 6 is expected. It comes from another PROJ installation.
2026-09-07 02:24:47,699 WARNING CPLE_AppDefined in PROJ: internal_proj_create_from_name: /opt/anaconda3/share/proj/proj.db contains DATABASE.LAYOUT.VERSION.MINOR = 2 whereas a number >= 6 is expected. It comes from another PROJ installation.
2026-09-07 02:24:47,730 WARNING CPLE_AppDefined in PROJ: internal_proj_create_from_database: /opt/anaconda3/share/proj/proj.db contains DATABASE.LAYOUT.VERSION.MINOR = 2 whereas a number >= 6 is expected. It comes from another PROJ installation.
2026-09-07 02:24:47,730 WARNING CPLE_AppDefined in PROJ: internal_proj_create_from_name: /opt/anaconda3/share/proj/proj.db contains DATABASE.LAYOUT.VERSION.MINOR = 2 whereas a number >= 6 is expected. It comes from another PROJ installation.
2026-09-07 02:24:47,761 WARNING CPLE_AppDefined in PROJ: internal_proj_create_from_database: /opt/anaconda3/share/proj/proj.db contains DATABASE.LAYOUT.VERSION.MINOR = 2 whereas a number >= 6 is expected. It comes from another PROJ installation.
2026-09-07 02:24:47,761 WARNING CPLE_AppDefined in PROJ: internal_proj_create_from_name: /opt/anaconda3/share/proj/proj.db contains DATABASE.LAYOUT.VERSION.MINOR = 2 whereas a number >= 6 is expected. It comes from another PROJ installation.
2026-09-07 02:24:47,790 WARNING CPLE_AppDefined in PROJ: internal_proj_create_from_database: /opt/anaconda3/share/proj/proj.db contains DATABASE.LAYOUT.VERSION.MINOR = 2 whereas a number >= 6 is expected. It comes from another PROJ installation.
2026-09-07 02:24:47,790 WARNING CPLE_AppDefined in PROJ: internal_proj_create_from_name: /opt/anaconda3/share/proj/proj.db contains DATABASE.LAYOUT.VERSION.MINOR = 2 whereas a number >= 6 is expected. It comes from another PROJ installation.
2026-09-07 02:24:47,820 WARNING CPLE_AppDefined in PROJ: internal_proj_create_from_database: /opt/anaconda3/share/proj/proj.db contains DATABASE.LAYOUT.VERSION.MINOR = 2 whereas a number >= 6 is expected. It comes from another PROJ installation.
2026-09-07 02:24:47,821 WARNING CPLE_AppDefined in PROJ: internal_proj_create_from_name: /opt/anaconda3/share/proj/proj.db contains DATABASE.LAYOUT.VERSION.MINOR = 2 whereas a number >= 6 is expected. It comes from another PROJ installation.
2026-09-07 02:24:47,851 WARNING CPLE_AppDefined in PROJ: internal_proj_create_from_database: /opt/anaconda3/share/proj/proj.db contains DATABASE.LAYOUT.VERSION.MINOR = 2 whereas a number >= 6 is expected. It comes from another PROJ installation.
2026-09-07 02:24:47,851 WARNING CPLE_AppDefined in PROJ: internal_proj_create_from_name: /opt/anaconda3/share/proj/proj.db contains DATABASE.LAYOUT.VERSION.MINOR = 2 whereas a number >= 6 is expected. It comes from another PROJ installation.
2026-09-07 02:24:47,880 WARNING CPLE_AppDefined in PROJ: internal_proj_create_from_database: /opt/anaconda3/share/proj/proj.db contains DATABASE.LAYOUT.VERSION.MINOR = 2 whereas a number >= 6 is expected. It comes from another PROJ installation.
2026-09-07 02:24:47,880 WARNING CPLE_AppDefined in PROJ: internal_proj_create_from_name: /opt/anaconda3/share/proj/proj.db contains DATABASE.LAYOUT.VERSION.MINOR = 2 whereas a number >= 6 is expected. It comes from another PROJ installation.
2026-09-07 02:24:47,909 WARNING CPLE_AppDefined in PROJ: internal_proj_create_from_database: /opt/anaconda3/share/proj/proj.db contains DATABASE.LAYOUT.VERSION.MINOR = 2 whereas a number >= 6 is expected. It comes from another PROJ installation.
2026-09-07 02:24:47,909 WARNING CPLE_AppDefined in PROJ: internal_proj_create_from_name: /opt/anaconda3/share/proj/proj.db contains DATABASE.LAYOUT.VERSION.MINOR = 2 whereas a number >= 6 is expected. It comes from another PROJ installation.
2026-09-07 02:24:47,938 WARNING CPLE_AppDefined in PROJ: internal_proj_create_from_database: /opt/anaconda3/share/proj/proj.db contains DATABASE.LAYOUT.VERSION.MINOR = 2 whereas a number >= 6 is expected. It comes from another PROJ installation.
2026-09-07 02:24:47,938 WARNING CPLE_AppDefined in PROJ: internal_proj_create_from_name: /opt/anaconda3/share/proj/proj.db contains DATABASE.LAYOUT.VERSION.MINOR = 2 whereas a number >= 6 is expected. It comes from another PROJ installation.
2026-09-07 02:24:47,966 WARNING CPLE_AppDefined in PROJ: internal_proj_create_from_database: /opt/anaconda3/share/proj/proj.db contains DATABASE.LAYOUT.VERSION.MINOR = 2 whereas a number >= 6 is expected. It comes from another PROJ installation.
2026-09-07 02:24:47,966 WARNING CPLE_AppDefined in PROJ: internal_proj_create_from_name: /opt/anaconda3/share/proj/proj.db contains DATABASE.LAYOUT.VERSION.MINOR = 2 whereas a number >= 6 is expected. It comes from another PROJ installation.
2026-09-07 02:24:47,997 WARNING CPLE_AppDefined in PROJ: internal_proj_create_from_database: /opt/anaconda3/share/proj/proj.db contains DATABASE.LAYOUT.VERSION.MINOR = 2 whereas a number >= 6 is expected. It comes from another PROJ installation.
2026-09-07 02:24:47,997 WARNING CPLE_AppDefined in PROJ: internal_proj_create_from_name: /opt/anaconda3/share/proj/proj.db contains DATABASE.LAYOUT.VERSION.MINOR = 2 whereas a number >= 6 is expected. It comes from another PROJ installation.
2026-09-07 02:24:48,030 WARNING CPLE_AppDefined in PROJ: internal_proj_create_from_database: /opt/anaconda3/share/proj/proj.db contains DATABASE.LAYOUT.VERSION.MINOR = 2 whereas a number >= 6 is expected. It comes from another PROJ installation.
2026-09-07 02:24:48,030 WARNING CPLE_AppDefined in PROJ: internal_proj_create_from_name: /opt/anaconda3/share/proj/proj.db contains DATABASE.LAYOUT.VERSION.MINOR = 2 whereas a number >= 6 is expected. It comes from another PROJ installation.
2026-09-07 02:24:48,060 WARNING CPLE_AppDefined in PROJ: internal_proj_create_from_database: /opt/anaconda3/share/proj/proj.db contains DATABASE.LAYOUT.VERSION.MINOR = 2 whereas a number >= 6 is expected. It comes from another PROJ installation.
2026-09-07 02:24:48,060 WARNING CPLE_AppDefined in PROJ: internal_proj_create_from_name: /opt/anaconda3/share/proj/proj.db contains DATABASE.LAYOUT.VERSION.MINOR = 2 whereas a number >= 6 is expected. It comes from another PROJ installation.
2026-09-07 02:24:48,089 WARNING CPLE_AppDefined in PROJ: internal_proj_create_from_database: /opt/anaconda3/share/proj/proj.db contains DATABASE.LAYOUT.VERSION.MINOR = 2 whereas a number >= 6 is expected. It comes from another PROJ installation.
2026-09-07 02:24:48,090 WARNING CPLE_AppDefined in PROJ: internal_proj_create_from_name: /opt/anaconda3/share/proj/proj.db contains DATABASE.LAYOUT.VERSION.MINOR = 2 whereas a number >= 6 is expected. It comes from another PROJ installation.
2026-09-07 02:24:48,118 WARNING CPLE_AppDefined in PROJ: internal_proj_create_from_database: /opt/anaconda3/share/proj/proj.db contains DATABASE.LAYOUT.VERSION.MINOR = 2 whereas a number >= 6 is expected. It comes from another PROJ installation.
2026-09-07 02:24:48,118 WARNING CPLE_AppDefined in PROJ: internal_proj_create_from_name: /opt/anaconda3/share/proj/proj.db contains DATABASE.LAYOUT.VERSION.MINOR = 2 whereas a number >= 6 is expected. It comes from another PROJ installation.
2026-09-07 02:24:48,149 WARNING CPLE_AppDefined in PROJ: internal_proj_create_from_database: /opt/anaconda3/share/proj/proj.db contains DATABASE.LAYOUT.VERSION.MINOR = 2 whereas a number >= 6 is expected. It comes from another PROJ installation.
2026-09-07 02:24:48,149 WARNING CPLE_AppDefined in PROJ: internal_proj_create_from_name: /opt/anaconda3/share/proj/proj.db contains DATABASE.LAYOUT.VERSION.MINOR = 2 whereas a number >= 6 is expected. It comes from another PROJ installation.
2026-09-07 02:24:48,180 WARNING CPLE_AppDefined in PROJ: internal_proj_create_from_database: /opt/anaconda3/share/proj/proj.db contains DATABASE.LAYOUT.VERSION.MINOR = 2 whereas a number >= 6 is expected. It comes from another PROJ installation.
2026-09-07 02:24:48,180 WARNING CPLE_AppDefined in PROJ: internal_proj_create_from_name: /opt/anaconda3/share/proj/proj.db contains DATABASE.LAYOUT.VERSION.MINOR = 2 whereas a number >= 6 is expected. It comes from another PROJ installation.
2026-09-07 02:24:48,214 WARNING CPLE_AppDefined in PROJ: internal_proj_create_from_database: /opt/anaconda3/share/proj/proj.db contains DATABASE.LAYOUT.VERSION.MINOR = 2 whereas a number >= 6 is expected. It comes from another PROJ installation.
2026-09-07 02:24:48,214 WARNING CPLE_AppDefined in PROJ: internal_proj_create_from_name: /opt/anaconda3/share/proj/proj.db contains DATABASE.LAYOUT.VERSION.MINOR = 2 whereas a number >= 6 is expected. It comes from another PROJ installation.
2026-09-07 02:24:48,245 WARNING CPLE_AppDefined in PROJ: internal_proj_create_from_database: /opt/anaconda3/share/proj/proj.db contains DATABASE.LAYOUT.VERSION.MINOR = 2 whereas a number >= 6 is expected. It comes from another PROJ installation.
2026-09-07 02:24:48,245 WARNING CPLE_AppDefined in PROJ: internal_proj_create_from_name: /opt/anaconda3/share/proj/proj.db contains DATABASE.LAYOUT.VERSION.MINOR = 2 whereas a number >= 6 is expected. It comes from another PROJ installation.
2026-09-07 02:24:48,275 WARNING CPLE_AppDefined in PROJ: internal_proj_create_from_database: /opt/anaconda3/share/proj/proj.db contains DATABASE.LAYOUT.VERSION.MINOR = 2 whereas a number >= 6 is expected. It comes from another PROJ installation.
2026-09-07 02:24:48,275 WARNING CPLE_AppDefined in PROJ: internal_proj_create_from_name: /opt/anaconda3/share/proj/proj.db contains DATABASE.LAYOUT.VERSION.MINOR = 2 whereas a number >= 6 is expected. It comes from another PROJ installation.
2026-09-07 02:24:48,305 WARNING CPLE_AppDefined in PROJ: internal_proj_create_from_database: /opt/anaconda3/share/proj/proj.db contains DATABASE.LAYOUT.VERSION.MINOR = 2 whereas a number >= 6 is expected. It comes from another PROJ installation.
2026-09-07 02:24:48,305 WARNING CPLE_AppDefined in PROJ: internal_proj_create_from_name: /opt/anaconda3/share/proj/proj.db contains DATABASE.LAYOUT.VERSION.MINOR = 2 whereas a number >= 6 is expected. It comes from another PROJ installation.
2026-09-07 02:24:48,334 WARNING CPLE_AppDefined in PROJ: internal_proj_create_from_database: /opt/anaconda3/share/proj/proj.db contains DATABASE.LAYOUT.VERSION.MINOR = 2 whereas a number >= 6 is expected. It comes from another PROJ installation.
2026-09-07 02:24:48,334 WARNING CPLE_AppDefined in PROJ: internal_proj_create_from_name: /opt/anaconda3/share/proj/proj.db contains DATABASE.LAYOUT.VERSION.MINOR = 2 whereas a number >= 6 is expected. It comes from another PROJ installation.
2026-09-07 02:24:48,362 WARNING CPLE_AppDefined in PROJ: internal_proj_create_from_database: /opt/anaconda3/share/proj/proj.db contains DATABASE.LAYOUT.VERSION.MINOR = 2 whereas a number >= 6 is expected. It comes from another PROJ installation.
2026-09-07 02:24:48,362 WARNING CPLE_AppDefined in PROJ: internal_proj_create_from_name: /opt/anaconda3/share/proj/proj.db contains DATABASE.LAYOUT.VERSION.MINOR = 2 whereas a number >= 6 is expected. It comes from another PROJ installation.
2026-09-07 02:24:48,391 WARNING CPLE_AppDefined in PROJ: internal_proj_create_from_database: /opt/anaconda3/share/proj/proj.db contains DATABASE.LAYOUT.VERSION.MINOR = 2 whereas a number >= 6 is expected. It comes from another PROJ installation.
2026-09-07 02:24:48,391 WARNING CPLE_AppDefined in PROJ: internal_proj_create_from_name: /opt/anaconda3/share/proj/proj.db contains DATABASE.LAYOUT.VERSION.MINOR = 2 whereas a number >= 6 is expected. It comes from another PROJ installation.
2026-09-07 02:24:48,419 WARNING CPLE_AppDefined in PROJ: internal_proj_create_from_database: /opt/anaconda3/share/proj/proj.db contains DATABASE.LAYOUT.VERSION.MINOR = 2 whereas a number >= 6 is expected. It comes from another PROJ installation.
2026-09-07 02:24:48,419 WARNING CPLE_AppDefined in PROJ: internal_proj_create_from_name: /opt/anaconda3/share/proj/proj.db contains DATABASE.LAYOUT.VERSION.MINOR = 2 whereas a number >= 6 is expected. It comes from another PROJ installation.
2026-09-07 02:24:48,448 WARNING CPLE_AppDefined in PROJ: internal_proj_create_from_database: /opt/anaconda3/share/proj/proj.db contains DATABASE.LAYOUT.VERSION.MINOR = 2 whereas a number >= 6 is expected. It comes from another PROJ installation.
2026-09-07 02:24:48,448 WARNING CPLE_AppDefined in PROJ: internal_proj_create_from_name: /opt/anaconda3/share/proj/proj.db contains DATABASE.LAYOUT.VERSION.MINOR = 2 whereas a number >= 6 is expected. It comes from another PROJ installation.
2026-09-07 02:24:48,476 WARNING CPLE_AppDefined in PROJ: internal_proj_create_from_database: /opt/anaconda3/share/proj/proj.db contains DATABASE.LAYOUT.VERSION.MINOR = 2 whereas a number >= 6 is expected. It comes from another PROJ installation.
2026-09-07 02:24:48,476 WARNING CPLE_AppDefined in PROJ: internal_proj_create_from_name: /opt/anaconda3/share/proj/proj.db contains DATABASE.LAYOUT.VERSION.MINOR = 2 whereas a number >= 6 is expected. It comes from another PROJ installation.
2026-09-07 02:24:48,504 WARNING CPLE_AppDefined in PROJ: internal_proj_create_from_database: /opt/anaconda3/share/proj/proj.db contains DATABASE.LAYOUT.VERSION.MINOR = 2 whereas a number >= 6 is expected. It comes from another PROJ installation.
2026-09-07 02:24:48,504 WARNING CPLE_AppDefined in PROJ: internal_proj_create_from_name: /opt/anaconda3/share/proj/proj.db contains DATABASE.LAYOUT.VERSION.MINOR = 2 whereas a number >= 6 is expected. It comes from another PROJ installation.
2026-09-07 02:24:48,532 WARNING CPLE_AppDefined in PROJ: internal_proj_create_from_database: /opt/anaconda3/share/proj/proj.db contains DATABASE.LAYOUT.VERSION.MINOR = 2 whereas a number >= 6 is expected. It comes from another PROJ installation.
2026-09-07 02:24:48,533 WARNING CPLE_AppDefined in PROJ: internal_proj_create_from_name: /opt/anaconda3/share/proj/proj.db contains DATABASE.LAYOUT.VERSION.MINOR = 2 whereas a number >= 6 is expected. It comes from another PROJ installation.
2026-09-07 02:24:48,562 WARNING CPLE_AppDefined in PROJ: internal_proj_create_from_database: /opt/anaconda3/share/proj/proj.db contains DATABASE.LAYOUT.VERSION.MINOR = 2 whereas a number >= 6 is expected. It comes from another PROJ installation.
2026-09-07 02:24:48,562 WARNING CPLE_AppDefined in PROJ: internal_proj_create_from_name: /opt/anaconda3/share/proj/proj.db contains DATABASE.LAYOUT.VERSION.MINOR = 2 whereas a number >= 6 is expected. It comes from another PROJ installation.
2026-09-07 02:24:48,590 WARNING CPLE_AppDefined in PROJ: internal_proj_create_from_database: /opt/anaconda3/share/proj/proj.db contains DATABASE.LAYOUT.VERSION.MINOR = 2 whereas a number >= 6 is expected. It comes from another PROJ installation.
2026-09-07 02:24:48,590 WARNING CPLE_AppDefined in PROJ: internal_proj_create_from_name: /opt/anaconda3/share/proj/proj.db contains DATABASE.LAYOUT.VERSION.MINOR = 2 whereas a number >= 6 is expected. It comes from another PROJ installation.
2026-09-07 02:24:48,618 WARNING CPLE_AppDefined in PROJ: internal_proj_create_from_database: /opt/anaconda3/share/proj/proj.db contains DATABASE.LAYOUT.VERSION.MINOR = 2 whereas a number >= 6 is expected. It comes from another PROJ installation.
2026-09-07 02:24:48,619 WARNING CPLE_AppDefined in PROJ: internal_proj_create_from_name: /opt/anaconda3/share/proj/proj.db contains DATABASE.LAYOUT.VERSION.MINOR = 2 whereas a number >= 6 is expected. It comes from another PROJ installation.
2026-09-07 02:24:48,647 WARNING CPLE_AppDefined in PROJ: internal_proj_create_from_database: /opt/anaconda3/share/proj/proj.db contains DATABASE.LAYOUT.VERSION.MINOR = 2 whereas a number >= 6 is expected. It comes from another PROJ installation.
2026-09-07 02:24:48,647 WARNING CPLE_AppDefined in PROJ: internal_proj_create_from_name: /opt/anaconda3/share/proj/proj.db contains DATABASE.LAYOUT.VERSION.MINOR = 2 whereas a number >= 6 is expected. It comes from another PROJ installation.
2026-09-07 02:24:48,676 WARNING CPLE_AppDefined in PROJ: internal_proj_create_from_database: /opt/anaconda3/share/proj/proj.db contains DATABASE.LAYOUT.VERSION.MINOR = 2 whereas a number >= 6 is expected. It comes from another PROJ installation.
2026-09-07 02:24:48,676 WARNING CPLE_AppDefined in PROJ: internal_proj_create_from_name: /opt/anaconda3/share/proj/proj.db contains DATABASE.LAYOUT.VERSION.MINOR = 2 whereas a number >= 6 is expected. It comes from another PROJ installation.
2026-09-07 02:24:48,705 WARNING CPLE_AppDefined in PROJ: internal_proj_create_from_database: /opt/anaconda3/share/proj/proj.db contains DATABASE.LAYOUT.VERSION.MINOR = 2 whereas a number >= 6 is expected. It comes from another PROJ installation.
2026-09-07 02:24:48,705 WARNING CPLE_AppDefined in PROJ: internal_proj_create_from_name: /opt/anaconda3/share/proj/proj.db contains DATABASE.LAYOUT.VERSION.MINOR = 2 whereas a number >= 6 is expected. It comes from another PROJ installation.
2026-09-07 02:24:48,734 WARNING CPLE_AppDefined in PROJ: internal_proj_create_from_database: /opt/anaconda3/share/proj/proj.db contains DATABASE.LAYOUT.VERSION.MINOR = 2 whereas a number >= 6 is expected. It comes from another PROJ installation.
2026-09-07 02:24:48,734 WARNING CPLE_AppDefined in PROJ: internal_proj_create_from_name: /opt/anaconda3/share/proj/proj.db contains DATABASE.LAYOUT.VERSION.MINOR = 2 whereas a number >= 6 is expected. It comes from another PROJ installation.
2026-09-07 02:24:48,766 WARNING CPLE_AppDefined in PROJ: internal_proj_create_from_database: /opt/anaconda3/share/proj/proj.db contains DATABASE.LAYOUT.VERSION.MINOR = 2 whereas a number >= 6 is expected. It comes from another PROJ installation.
2026-09-07 02:24:48,766 WARNING CPLE_AppDefined in PROJ: internal_proj_create_from_name: /opt/anaconda3/share/proj/proj.db contains DATABASE.LAYOUT.VERSION.MINOR = 2 whereas a number >= 6 is expected. It comes from another PROJ installation.
2026-09-07 02:24:48,796 WARNING CPLE_AppDefined in PROJ: internal_proj_create_from_database: /opt/anaconda3/share/proj/proj.db contains DATABASE.LAYOUT.VERSION.MINOR = 2 whereas a number >= 6 is expected. It comes from another PROJ installation.
2026-09-07 02:24:48,796 WARNING CPLE_AppDefined in PROJ: internal_proj_create_from_name: /opt/anaconda3/share/proj/proj.db contains DATABASE.LAYOUT.VERSION.MINOR = 2 whereas a number >= 6 is expected. It comes from another PROJ installation.
2026-09-07 02:24:48,826 WARNING CPLE_AppDefined in PROJ: internal_proj_create_from_database: /opt/anaconda3/share/proj/proj.db contains DATABASE.LAYOUT.VERSION.MINOR = 2 whereas a number >= 6 is expected. It comes from another PROJ installation.
2026-09-07 02:24:48,826 WARNING CPLE_AppDefined in PROJ: internal_proj_create_from_name: /opt/anaconda3/share/proj/proj.db contains DATABASE.LAYOUT.VERSION.MINOR = 2 whereas a number >= 6 is expected. It comes from another PROJ installation.
2026-09-07 02:24:48,855 WARNING CPLE_AppDefined in PROJ: internal_proj_create_from_database: /opt/anaconda3/share/proj/proj.db contains DATABASE.LAYOUT.VERSION.MINOR = 2 whereas a number >= 6 is expected. It comes from another PROJ installation.
2026-09-07 02:24:48,856 WARNING CPLE_AppDefined in PROJ: internal_proj_create_from_name: /opt/anaconda3/share/proj/proj.db contains DATABASE.LAYOUT.VERSION.MINOR = 2 whereas a number >= 6 is expected. It comes from another PROJ installation.
2026-09-07 02:24:48,885 WARNING CPLE_AppDefined in PROJ: internal_proj_create_from_database: /opt/anaconda3/share/proj/proj.db contains DATABASE.LAYOUT.VERSION.MINOR = 2 whereas a number >= 6 is expected. It comes from another PROJ installation.
2026-09-07 02:24:48,885 WARNING CPLE_AppDefined in PROJ: internal_proj_create_from_name: /opt/anaconda3/share/proj/proj.db contains DATABASE.LAYOUT.VERSION.MINOR = 2 whereas a number >= 6 is expected. It comes from another PROJ installation.
2026-09-07 02:24:48,915 WARNING CPLE_AppDefined in PROJ: internal_proj_create_from_database: /opt/anaconda3/share/proj/proj.db contains DATABASE.LAYOUT.VERSION.MINOR = 2 whereas a number >= 6 is expected. It comes from another PROJ installation.
2026-09-07 02:24:48,915 WARNING CPLE_AppDefined in PROJ: internal_proj_create_from_name: /opt/anaconda3/share/proj/proj.db contains DATABASE.LAYOUT.VERSION.MINOR = 2 whereas a number >= 6 is expected. It comes from another PROJ installation.
2026-09-07 02:24:48,943 WARNING CPLE_AppDefined in PROJ: internal_proj_create_from_database: /opt/anaconda3/share/proj/proj.db contains DATABASE.LAYOUT.VERSION.MINOR = 2 whereas a number >= 6 is expected. It comes from another PROJ installation.
2026-09-07 02:24:48,943 WARNING CPLE_AppDefined in PROJ: internal_proj_create_from_name: /opt/anaconda3/share/proj/proj.db contains DATABASE.LAYOUT.VERSION.MINOR = 2 whereas a number >= 6 is expected. It comes from another PROJ installation.
2026-09-07 02:24:48,972 WARNING CPLE_AppDefined in PROJ: internal_proj_create_from_database: /opt/anaconda3/share/proj/proj.db contains DATABASE.LAYOUT.VERSION.MINOR = 2 whereas a number >= 6 is expected. It comes from another PROJ installation.
2026-09-07 02:24:48,972 WARNING CPLE_AppDefined in PROJ: internal_proj_create_from_name: /opt/anaconda3/share/proj/proj.db contains DATABASE.LAYOUT.VERSION.MINOR = 2 whereas a number >= 6 is expected. It comes from another PROJ installation.
2026-09-07 02:24:49,001 WARNING CPLE_AppDefined in PROJ: internal_proj_create_from_database: /opt/anaconda3/share/proj/proj.db contains DATABASE.LAYOUT.VERSION.MINOR = 2 whereas a number >= 6 is expected. It comes from another PROJ installation.
2026-09-07 02:24:49,001 WARNING CPLE_AppDefined in PROJ: internal_proj_create_from_name: /opt/anaconda3/share/proj/proj.db contains DATABASE.LAYOUT.VERSION.MINOR = 2 whereas a number >= 6 is expected. It comes from another PROJ installation.
2026-09-07 02:24:49,030 WARNING CPLE_AppDefined in PROJ: internal_proj_create_from_database: /opt/anaconda3/share/proj/proj.db contains DATABASE.LAYOUT.VERSION.MINOR = 2 whereas a number >= 6 is expected. It comes from another PROJ installation.
2026-09-07 02:24:49,030 WARNING CPLE_AppDefined in PROJ: internal_proj_create_from_name: /opt/anaconda3/share/proj/proj.db contains DATABASE.LAYOUT.VERSION.MINOR = 2 whereas a number >= 6 is expected. It comes from another PROJ installation.
2026-09-07 02:24:49,058 WARNING CPLE_AppDefined in PROJ: internal_proj_create_from_database: /opt/anaconda3/share/proj/proj.db contains DATABASE.LAYOUT.VERSION.MINOR = 2 whereas a number >= 6 is expected. It comes from another PROJ installation.
2026-09-07 02:24:49,058 WARNING CPLE_AppDefined in PROJ: internal_proj_create_from_name: /opt/anaconda3/share/proj/proj.db contains DATABASE.LAYOUT.VERSION.MINOR = 2 whereas a number >= 6 is expected. It comes from another PROJ installation.
2026-09-07 02:24:49,086 WARNING CPLE_AppDefined in PROJ: internal_proj_create_from_database: /opt/anaconda3/share/proj/proj.db contains DATABASE.LAYOUT.VERSION.MINOR = 2 whereas a number >= 6 is expected. It comes from another PROJ installation.
2026-09-07 02:24:49,086 WARNING CPLE_AppDefined in PROJ: internal_proj_create_from_name: /opt/anaconda3/share/proj/proj.db contains DATABASE.LAYOUT.VERSION.MINOR = 2 whereas a number >= 6 is expected. It comes from another PROJ installation.
2026-09-07 02:24:49,115 WARNING CPLE_AppDefined in PROJ: internal_proj_create_from_database: /opt/anaconda3/share/proj/proj.db contains DATABASE.LAYOUT.VERSION.MINOR = 2 whereas a number >= 6 is expected. It comes from another PROJ installation.
2026-09-07 02:24:49,115 WARNING CPLE_AppDefined in PROJ: internal_proj_create_from_name: /opt/anaconda3/share/proj/proj.db contains DATABASE.LAYOUT.VERSION.MINOR = 2 whereas a number >= 6 is expected. It comes from another PROJ installation.
2026-09-07 02:24:49,143 WARNING CPLE_AppDefined in PROJ: internal_proj_create_from_database: /opt/anaconda3/share/proj/proj.db contains DATABASE.LAYOUT.VERSION.MINOR = 2 whereas a number >= 6 is expected. It comes from another PROJ installation.
2026-09-07 02:24:49,143 WARNING CPLE_AppDefined in PROJ: internal_proj_create_from_name: /opt/anaconda3/share/proj/proj.db contains DATABASE.LAYOUT.VERSION.MINOR = 2 whereas a number >= 6 is expected. It comes from another PROJ installation.
2026-09-07 02:24:49,172 WARNING CPLE_AppDefined in PROJ: internal_proj_create_from_database: /opt/anaconda3/share/proj/proj.db contains DATABASE.LAYOUT.VERSION.MINOR = 2 whereas a number >= 6 is expected. It comes from another PROJ installation.
2026-09-07 02:24:49,172 WARNING CPLE_AppDefined in PROJ: internal_proj_create_from_name: /opt/anaconda3/share/proj/proj.db contains DATABASE.LAYOUT.VERSION.MINOR = 2 whereas a number >= 6 is expected. It comes from another PROJ installation.
2026-09-07 02:24:49,200 WARNING CPLE_AppDefined in PROJ: internal_proj_create_from_database: /opt/anaconda3/share/proj/proj.db contains DATABASE.LAYOUT.VERSION.MINOR = 2 whereas a number >= 6 is expected. It comes from another PROJ installation.
2026-09-07 02:24:49,200 WARNING CPLE_AppDefined in PROJ: internal_proj_create_from_name: /opt/anaconda3/share/proj/proj.db contains DATABASE.LAYOUT.VERSION.MINOR = 2 whereas a number >= 6 is expected. It comes from another PROJ installation.
2026-09-07 02:24:49,228 WARNING CPLE_AppDefined in PROJ: internal_proj_create_from_database: /opt/anaconda3/share/proj/proj.db contains DATABASE.LAYOUT.VERSION.MINOR = 2 whereas a number >= 6 is expected. It comes from another PROJ installation.
2026-09-07 02:24:49,228 WARNING CPLE_AppDefined in PROJ: internal_proj_create_from_name: /opt/anaconda3/share/proj/proj.db contains DATABASE.LAYOUT.VERSION.MINOR = 2 whereas a number >= 6 is expected. It comes from another PROJ installation.
2026-09-07 02:24:49,257 WARNING CPLE_AppDefined in PROJ: internal_proj_create_from_database: /opt/anaconda3/share/proj/proj.db contains DATABASE.LAYOUT.VERSION.MINOR = 2 whereas a number >= 6 is expected. It comes from another PROJ installation.
2026-09-07 02:24:49,257 WARNING CPLE_AppDefined in PROJ: internal_proj_create_from_name: /opt/anaconda3/share/proj/proj.db contains DATABASE.LAYOUT.VERSION.MINOR = 2 whereas a number >= 6 is expected. It comes from another PROJ installation.
2026-09-07 02:24:49,287 WARNING CPLE_AppDefined in PROJ: internal_proj_create_from_database: /opt/anaconda3/share/proj/proj.db contains DATABASE.LAYOUT.VERSION.MINOR = 2 whereas a number >= 6 is expected. It comes from another PROJ installation.
2026-09-07 02:24:49,287 WARNING CPLE_AppDefined in PROJ: internal_proj_create_from_name: /opt/anaconda3/share/proj/proj.db contains DATABASE.LAYOUT.VERSION.MINOR = 2 whereas a number >= 6 is expected. It comes from another PROJ installation.
2026-09-07 02:24:49,316 WARNING CPLE_AppDefined in PROJ: internal_proj_create_from_database: /opt/anaconda3/share/proj/proj.db contains DATABASE.LAYOUT.VERSION.MINOR = 2 whereas a number >= 6 is expected. It comes from another PROJ installation.
2026-09-07 02:24:49,316 WARNING CPLE_AppDefined in PROJ: internal_proj_create_from_name: /opt/anaconda3/share/proj/proj.db contains DATABASE.LAYOUT.VERSION.MINOR = 2 whereas a number >= 6 is expected. It comes from another PROJ installation.
2026-09-07 02:24:49,345 WARNING CPLE_AppDefined in PROJ: internal_proj_create_from_database: /opt/anaconda3/share/proj/proj.db contains DATABASE.LAYOUT.VERSION.MINOR = 2 whereas a number >= 6 is expected. It comes from another PROJ installation.
2026-09-07 02:24:49,345 WARNING CPLE_AppDefined in PROJ: internal_proj_create_from_name: /opt/anaconda3/share/proj/proj.db contains DATABASE.LAYOUT.VERSION.MINOR = 2 whereas a number >= 6 is expected. It comes from another PROJ installation.
2026-09-07 02:24:49,374 WARNING CPLE_AppDefined in PROJ: internal_proj_create_from_database: /opt/anaconda3/share/proj/proj.db contains DATABASE.LAYOUT.VERSION.MINOR = 2 whereas a number >= 6 is expected. It comes from another PROJ installation.
2026-09-07 02:24:49,374 WARNING CPLE_AppDefined in PROJ: internal_proj_create_from_name: /opt/anaconda3/share/proj/proj.db contains DATABASE.LAYOUT.VERSION.MINOR = 2 whereas a number >= 6 is expected. It comes from another PROJ installation.
2026-09-07 02:24:49,403 WARNING CPLE_AppDefined in PROJ: internal_proj_create_from_database: /opt/anaconda3/share/proj/proj.db contains DATABASE.LAYOUT.VERSION.MINOR = 2 whereas a number >= 6 is expected. It comes from another PROJ installation.
2026-09-07 02:24:49,403 WARNING CPLE_AppDefined in PROJ: internal_proj_create_from_name: /opt/anaconda3/share/proj/proj.db contains DATABASE.LAYOUT.VERSION.MINOR = 2 whereas a number >= 6 is expected. It comes from another PROJ installation.
2026-09-07 02:24:49,432 WARNING CPLE_AppDefined in PROJ: internal_proj_create_from_database: /opt/anaconda3/share/proj/proj.db contains DATABASE.LAYOUT.VERSION.MINOR = 2 whereas a number >= 6 is expected. It comes from another PROJ installation.
2026-09-07 02:24:49,432 WARNING CPLE_AppDefined in PROJ: internal_proj_create_from_name: /opt/anaconda3/share/proj/proj.db contains DATABASE.LAYOUT.VERSION.MINOR = 2 whereas a number >= 6 is expected. It comes from another PROJ installation.
2026-09-07 02:24:49,461 WARNING CPLE_AppDefined in PROJ: internal_proj_create_from_database: /opt/anaconda3/share/proj/proj.db contains DATABASE.LAYOUT.VERSION.MINOR = 2 whereas a number >= 6 is expected. It comes from another PROJ installation.
2026-09-07 02:24:49,461 WARNING CPLE_AppDefined in PROJ: internal_proj_create_from_name: /opt/anaconda3/share/proj/proj.db contains DATABASE.LAYOUT.VERSION.MINOR = 2 whereas a number >= 6 is expected. It comes from another PROJ installation.
2026-09-07 02:24:49,490 WARNING CPLE_AppDefined in PROJ: internal_proj_create_from_database: /opt/anaconda3/share/proj/proj.db contains DATABASE.LAYOUT.VERSION.MINOR = 2 whereas a number >= 6 is expected. It comes from another PROJ installation.
2026-09-07 02:24:49,490 WARNING CPLE_AppDefined in PROJ: internal_proj_create_from_name: /opt/anaconda3/share/proj/proj.db contains DATABASE.LAYOUT.VERSION.MINOR = 2 whereas a number >= 6 is expected. It comes from another PROJ installation.
2026-09-07 02:24:49,518 WARNING CPLE_AppDefined in PROJ: internal_proj_create_from_database: /opt/anaconda3/share/proj/proj.db contains DATABASE.LAYOUT.VERSION.MINOR = 2 whereas a number >= 6 is expected. It comes from another PROJ installation.
2026-09-07 02:24:49,518 WARNING CPLE_AppDefined in PROJ: internal_proj_create_from_name: /opt/anaconda3/share/proj/proj.db contains DATABASE.LAYOUT.VERSION.MINOR = 2 whereas a number >= 6 is expected. It comes from another PROJ installation.
2026-09-07 02:24:49,547 WARNING CPLE_AppDefined in PROJ: internal_proj_create_from_database: /opt/anaconda3/share/proj/proj.db contains DATABASE.LAYOUT.VERSION.MINOR = 2 whereas a number >= 6 is expected. It comes from another PROJ installation.
2026-09-07 02:24:49,547 WARNING CPLE_AppDefined in PROJ: internal_proj_create_from_name: /opt/anaconda3/share/proj/proj.db contains DATABASE.LAYOUT.VERSION.MINOR = 2 whereas a number >= 6 is expected. It comes from another PROJ installation.
2026-09-07 02:24:49,575 WARNING CPLE_AppDefined in PROJ: internal_proj_create_from_database: /opt/anaconda3/share/proj/proj.db contains DATABASE.LAYOUT.VERSION.MINOR = 2 whereas a number >= 6 is expected. It comes from another PROJ installation.
2026-09-07 02:24:49,575 WARNING CPLE_AppDefined in PROJ: internal_proj_create_from_name: /opt/anaconda3/share/proj/proj.db contains DATABASE.LAYOUT.VERSION.MINOR = 2 whereas a number >= 6 is expected. It comes from another PROJ installation.
2026-09-07 02:24:49,604 WARNING CPLE_AppDefined in PROJ: internal_proj_create_from_database: /opt/anaconda3/share/proj/proj.db contains DATABASE.LAYOUT.VERSION.MINOR = 2 whereas a number >= 6 is expected. It comes from another PROJ installation.
2026-09-07 02:24:49,604 WARNING CPLE_AppDefined in PROJ: internal_proj_create_from_name: /opt/anaconda3/share/proj/proj.db contains DATABASE.LAYOUT.VERSION.MINOR = 2 whereas a number >= 6 is expected. It comes from another PROJ installation.
2026-09-07 02:24:49,633 WARNING CPLE_AppDefined in PROJ: internal_proj_create_from_database: /opt/anaconda3/share/proj/proj.db contains DATABASE.LAYOUT.VERSION.MINOR = 2 whereas a number >= 6 is expected. It comes from another PROJ installation.
2026-09-07 02:24:49,633 WARNING CPLE_AppDefined in PROJ: internal_proj_create_from_name: /opt/anaconda3/share/proj/proj.db contains DATABASE.LAYOUT.VERSION.MINOR = 2 whereas a number >= 6 is expected. It comes from another PROJ installation.
2026-09-07 02:24:49,661 WARNING CPLE_AppDefined in PROJ: internal_proj_create_from_database: /opt/anaconda3/share/proj/proj.db contains DATABASE.LAYOUT.VERSION.MINOR = 2 whereas a number >= 6 is expected. It comes from another PROJ installation.
2026-09-07 02:24:49,662 WARNING CPLE_AppDefined in PROJ: internal_proj_create_from_name: /opt/anaconda3/share/proj/proj.db contains DATABASE.LAYOUT.VERSION.MINOR = 2 whereas a number >= 6 is expected. It comes from another PROJ installation.
2026-09-07 02:24:49,690 WARNING CPLE_AppDefined in PROJ: internal_proj_create_from_database: /opt/anaconda3/share/proj/proj.db contains DATABASE.LAYOUT.VERSION.MINOR = 2 whereas a number >= 6 is expected. It comes from another PROJ installation.
2026-09-07 02:24:49,690 WARNING CPLE_AppDefined in PROJ: internal_proj_create_from_name: /opt/anaconda3/share/proj/proj.db contains DATABASE.LAYOUT.VERSION.MINOR = 2 whereas a number >= 6 is expected. It comes from another PROJ installation.
2026-09-07 02:24:49,719 WARNING CPLE_AppDefined in PROJ: internal_proj_create_from_database: /opt/anaconda3/share/proj/proj.db contains DATABASE.LAYOUT.VERSION.MINOR = 2 whereas a number >= 6 is expected. It comes from another PROJ installation.
2026-09-07 02:24:49,719 WARNING CPLE_AppDefined in PROJ: internal_proj_create_from_name: /opt/anaconda3/share/proj/proj.db contains DATABASE.LAYOUT.VERSION.MINOR = 2 whereas a number >= 6 is expected. It comes from another PROJ installation.
2026-09-07 02:24:49,747 WARNING CPLE_AppDefined in PROJ: internal_proj_create_from_database: /opt/anaconda3/share/proj/proj.db contains DATABASE.LAYOUT.VERSION.MINOR = 2 whereas a number >= 6 is expected. It comes from another PROJ installation.
2026-09-07 02:24:49,748 WARNING CPLE_AppDefined in PROJ: internal_proj_create_from_name: /opt/anaconda3/share/proj/proj.db contains DATABASE.LAYOUT.VERSION.MINOR = 2 whereas a number >= 6 is expected. It comes from another PROJ installation.
2026-09-07 02:24:49,776 WARNING CPLE_AppDefined in PROJ: internal_proj_create_from_database: /opt/anaconda3/share/proj/proj.db contains DATABASE.LAYOUT.VERSION.MINOR = 2 whereas a number >= 6 is expected. It comes from another PROJ installation.
2026-09-07 02:24:49,776 WARNING CPLE_AppDefined in PROJ: internal_proj_create_from_name: /opt/anaconda3/share/proj/proj.db contains DATABASE.LAYOUT.VERSION.MINOR = 2 whereas a number >= 6 is expected. It comes from another PROJ installation.
2026-09-07 02:24:49,805 WARNING CPLE_AppDefined in PROJ: internal_proj_create_from_database: /opt/anaconda3/share/proj/proj.db contains DATABASE.LAYOUT.VERSION.MINOR = 2 whereas a number >= 6 is expected. It comes from another PROJ installation.
2026-09-07 02:24:49,805 WARNING CPLE_AppDefined in PROJ: internal_proj_create_from_name: /opt/anaconda3/share/proj/proj.db contains DATABASE.LAYOUT.VERSION.MINOR = 2 whereas a number >= 6 is expected. It comes from another PROJ installation.
2026-09-07 02:24:49,833 WARNING CPLE_AppDefined in PROJ: internal_proj_create_from_database: /opt/anaconda3/share/proj/proj.db contains DATABASE.LAYOUT.VERSION.MINOR = 2 whereas a number >= 6 is expected. It comes from another PROJ installation.
2026-09-07 02:24:49,833 WARNING CPLE_AppDefined in PROJ: internal_proj_create_from_name: /opt/anaconda3/share/proj/proj.db contains DATABASE.LAYOUT.VERSION.MINOR = 2 whereas a number >= 6 is expected. It comes from another PROJ installation.
2026-09-07 02:24:49,861 WARNING CPLE_AppDefined in PROJ: internal_proj_create_from_database: /opt/anaconda3/share/proj/proj.db contains DATABASE.LAYOUT.VERSION.MINOR = 2 whereas a number >= 6 is expected. It comes from another PROJ installation.
2026-09-07 02:24:49,861 WARNING CPLE_AppDefined in PROJ: internal_proj_create_from_name: /opt/anaconda3/share/proj/proj.db contains DATABASE.LAYOUT.VERSION.MINOR = 2 whereas a number >= 6 is expected. It comes from another PROJ installation.
2026-09-07 02:24:49,890 WARNING CPLE_AppDefined in PROJ: internal_proj_create_from_database: /opt/anaconda3/share/proj/proj.db contains DATABASE.LAYOUT.VERSION.MINOR = 2 whereas a number >= 6 is expected. It comes from another PROJ installation.
2026-09-07 02:24:49,890 WARNING CPLE_AppDefined in PROJ: internal_proj_create_from_name: /opt/anaconda3/share/proj/proj.db contains DATABASE.LAYOUT.VERSION.MINOR = 2 whereas a number >= 6 is expected. It comes from another PROJ installation.
2026-09-07 02:24:49,918 WARNING CPLE_AppDefined in PROJ: internal_proj_create_from_database: /opt/anaconda3/share/proj/proj.db contains DATABASE.LAYOUT.VERSION.MINOR = 2 whereas a number >= 6 is expected. It comes from another PROJ installation.
2026-09-07 02:24:49,919 WARNING CPLE_AppDefined in PROJ: internal_proj_create_from_name: /opt/anaconda3/share/proj/proj.db contains DATABASE.LAYOUT.VERSION.MINOR = 2 whereas a number >= 6 is expected. It comes from another PROJ installation.
2026-09-07 02:24:49,947 WARNING CPLE_AppDefined in PROJ: internal_proj_create_from_database: /opt/anaconda3/share/proj/proj.db contains DATABASE.LAYOUT.VERSION.MINOR = 2 whereas a number >= 6 is expected. It comes from another PROJ installation.
2026-09-07 02:24:49,947 WARNING CPLE_AppDefined in PROJ: internal_proj_create_from_name: /opt/anaconda3/share/proj/proj.db contains DATABASE.LAYOUT.VERSION.MINOR = 2 whereas a number >= 6 is expected. It comes from another PROJ installation.
2026-09-07 02:24:49,976 WARNING CPLE_AppDefined in PROJ: internal_proj_create_from_database: /opt/anaconda3/share/proj/proj.db contains DATABASE.LAYOUT.VERSION.MINOR = 2 whereas a number >= 6 is expected. It comes from another PROJ installation.
2026-09-07 02:24:49,976 WARNING CPLE_AppDefined in PROJ: internal_proj_create_from_name: /opt/anaconda3/share/proj/proj.db contains DATABASE.LAYOUT.VERSION.MINOR = 2 whereas a number >= 6 is expected. It comes from another PROJ installation.
2026-09-07 02:24:50,004 WARNING CPLE_AppDefined in PROJ: internal_proj_create_from_database: /opt/anaconda3/share/proj/proj.db contains DATABASE.LAYOUT.VERSION.MINOR = 2 whereas a number >= 6 is expected. It comes from another PROJ installation.
2026-09-07 02:24:50,004 WARNING CPLE_AppDefined in PROJ: internal_proj_create_from_name: /opt/anaconda3/share/proj/proj.db contains DATABASE.LAYOUT.VERSION.MINOR = 2 whereas a number >= 6 is expected. It comes from another PROJ installation.
2026-09-07 02:24:50,033 WARNING CPLE_AppDefined in PROJ: internal_proj_create_from_database: /opt/anaconda3/share/proj/proj.db contains DATABASE.LAYOUT.VERSION.MINOR = 2 whereas a number >= 6 is expected. It comes from another PROJ installation.
2026-09-07 02:24:50,033 WARNING CPLE_AppDefined in PROJ: internal_proj_create_from_name: /opt/anaconda3/share/proj/proj.db contains DATABASE.LAYOUT.VERSION.MINOR = 2 whereas a number >= 6 is expected. It comes from another PROJ installation.
2026-09-07 02:24:50,061 WARNING CPLE_AppDefined in PROJ: internal_proj_create_from_database: /opt/anaconda3/share/proj/proj.db contains DATABASE.LAYOUT.VERSION.MINOR = 2 whereas a number >= 6 is expected. It comes from another PROJ installation.
2026-09-07 02:24:50,061 WARNING CPLE_AppDefined in PROJ: internal_proj_create_from_name: /opt/anaconda3/share/proj/proj.db contains DATABASE.LAYOUT.VERSION.MINOR = 2 whereas a number >= 6 is expected. It comes from another PROJ installation.
2026-09-07 02:24:50,090 WARNING CPLE_AppDefined in PROJ: internal_proj_create_from_database: /opt/anaconda3/share/proj/proj.db contains DATABASE.LAYOUT.VERSION.MINOR = 2 whereas a number >= 6 is expected. It comes from another PROJ installation.
2026-09-07 02:24:50,090 WARNING CPLE_AppDefined in PROJ: internal_proj_create_from_name: /opt/anaconda3/share/proj/proj.db contains DATABASE.LAYOUT.VERSION.MINOR = 2 whereas a number >= 6 is expected. It comes from another PROJ installation.
2026-09-07 02:24:50,118 WARNING CPLE_AppDefined in PROJ: internal_proj_create_from_database: /opt/anaconda3/share/proj/proj.db contains DATABASE.LAYOUT.VERSION.MINOR = 2 whereas a number >= 6 is expected. It comes from another PROJ installation.
2026-09-07 02:24:50,118 WARNING CPLE_AppDefined in PROJ: internal_proj_create_from_name: /opt/anaconda3/share/proj/proj.db contains DATABASE.LAYOUT.VERSION.MINOR = 2 whereas a number >= 6 is expected. It comes from another PROJ installation.
2026-09-07 02:24:50,147 WARNING CPLE_AppDefined in PROJ: internal_proj_create_from_database: /opt/anaconda3/share/proj/proj.db contains DATABASE.LAYOUT.VERSION.MINOR = 2 whereas a number >= 6 is expected. It comes from another PROJ installation.
2026-09-07 02:24:50,147 WARNING CPLE_AppDefined in PROJ: internal_proj_create_from_name: /opt/anaconda3/share/proj/proj.db contains DATABASE.LAYOUT.VERSION.MINOR = 2 whereas a number >= 6 is expected. It comes from another PROJ installation.
2026-09-07 02:24:50,175 WARNING CPLE_AppDefined in PROJ: internal_proj_create_from_database: /opt/anaconda3/share/proj/proj.db contains DATABASE.LAYOUT.VERSION.MINOR = 2 whereas a number >= 6 is expected. It comes from another PROJ installation.
2026-09-07 02:24:50,175 WARNING CPLE_AppDefined in PROJ: internal_proj_create_from_name: /opt/anaconda3/share/proj/proj.db contains DATABASE.LAYOUT.VERSION.MINOR = 2 whereas a number >= 6 is expected. It comes from another PROJ installation.
2026-09-07 02:24:50,203 WARNING CPLE_AppDefined in PROJ: internal_proj_create_from_database: /opt/anaconda3/share/proj/proj.db contains DATABASE.LAYOUT.VERSION.MINOR = 2 whereas a number >= 6 is expected. It comes from another PROJ installation.
2026-09-07 02:24:50,203 WARNING CPLE_AppDefined in PROJ: internal_proj_create_from_name: /opt/anaconda3/share/proj/proj.db contains DATABASE.LAYOUT.VERSION.MINOR = 2 whereas a number >= 6 is expected. It comes from another PROJ installation.
2026-09-07 02:24:50,231 WARNING CPLE_AppDefined in PROJ: internal_proj_create_from_database: /opt/anaconda3/share/proj/proj.db contains DATABASE.LAYOUT.VERSION.MINOR = 2 whereas a number >= 6 is expected. It comes from another PROJ installation.
2026-09-07 02:24:50,231 WARNING CPLE_AppDefined in PROJ: internal_proj_create_from_name: /opt/anaconda3/share/proj/proj.db contains DATABASE.LAYOUT.VERSION.MINOR = 2 whereas a number >= 6 is expected. It comes from another PROJ installation.
2026-09-07 02:24:50,259 WARNING CPLE_AppDefined in PROJ: internal_proj_create_from_database: /opt/anaconda3/share/proj/proj.db contains DATABASE.LAYOUT.VERSION.MINOR = 2 whereas a number >= 6 is expected. It comes from another PROJ installation.
2026-09-07 02:24:50,259 WARNING CPLE_AppDefined in PROJ: internal_proj_create_from_name: /opt/anaconda3/share/proj/proj.db contains DATABASE.LAYOUT.VERSION.MINOR = 2 whereas a number >= 6 is expected. It comes from another PROJ installation.
2026-09-07 02:24:50,288 WARNING CPLE_AppDefined in PROJ: internal_proj_create_from_database: /opt/anaconda3/share/proj/proj.db contains DATABASE.LAYOUT.VERSION.MINOR = 2 whereas a number >= 6 is expected. It comes from another PROJ installation.
2026-09-07 02:24:50,288 WARNING CPLE_AppDefined in PROJ: internal_proj_create_from_name: /opt/anaconda3/share/proj/proj.db contains DATABASE.LAYOUT.VERSION.MINOR = 2 whereas a number >= 6 is expected. It comes from another PROJ installation.
2026-09-07 02:24:50,316 WARNING CPLE_AppDefined in PROJ: internal_proj_create_from_database: /opt/anaconda3/share/proj/proj.db contains DATABASE.LAYOUT.VERSION.MINOR = 2 whereas a number >= 6 is expected. It comes from another PROJ installation.
2026-09-07 02:24:50,316 WARNING CPLE_AppDefined in PROJ: internal_proj_create_from_name: /opt/anaconda3/share/proj/proj.db contains DATABASE.LAYOUT.VERSION.MINOR = 2 whereas a number >= 6 is expected. It comes from another PROJ installation.
2026-09-07 02:24:50,345 WARNING CPLE_AppDefined in PROJ: internal_proj_create_from_database: /opt/anaconda3/share/proj/proj.db contains DATABASE.LAYOUT.VERSION.MINOR = 2 whereas a number >= 6 is expected. It comes from another PROJ installation.
2026-09-07 02:24:50,345 WARNING CPLE_AppDefined in PROJ: internal_proj_create_from_name: /opt/anaconda3/share/proj/proj.db contains DATABASE.LAYOUT.VERSION.MINOR = 2 whereas a number >= 6 is expected. It comes from another PROJ installation.
2026-09-07 02:24:50,375 WARNING CPLE_AppDefined in PROJ: internal_proj_create_from_database: /opt/anaconda3/share/proj/proj.db contains DATABASE.LAYOUT.VERSION.MINOR = 2 whereas a number >= 6 is expected. It comes from another PROJ installation.
2026-09-07 02:24:50,375 WARNING CPLE_AppDefined in PROJ: internal_proj_create_from_name: /opt/anaconda3/share/proj/proj.db contains DATABASE.LAYOUT.VERSION.MINOR = 2 whereas a number >= 6 is expected. It comes from another PROJ installation.
2026-09-07 02:24:50,405 WARNING CPLE_AppDefined in PROJ: internal_proj_create_from_database: /opt/anaconda3/share/proj/proj.db contains DATABASE.LAYOUT.VERSION.MINOR = 2 whereas a number >= 6 is expected. It comes from another PROJ installation.
2026-09-07 02:24:50,406 WARNING CPLE_AppDefined in PROJ: internal_proj_create_from_name: /opt/anaconda3/share/proj/proj.db contains DATABASE.LAYOUT.VERSION.MINOR = 2 whereas a number >= 6 is expected. It comes from another PROJ installation.
2026-09-07 02:24:50,435 WARNING CPLE_AppDefined in PROJ: internal_proj_create_from_database: /opt/anaconda3/share/proj/proj.db contains DATABASE.LAYOUT.VERSION.MINOR = 2 whereas a number >= 6 is expected. It comes from another PROJ installation.
2026-09-07 02:24:50,435 WARNING CPLE_AppDefined in PROJ: internal_proj_create_from_name: /opt/anaconda3/share/proj/proj.db contains DATABASE.LAYOUT.VERSION.MINOR = 2 whereas a number >= 6 is expected. It comes from another PROJ installation.
2026-09-07 02:24:50,464 WARNING CPLE_AppDefined in PROJ: internal_proj_create_from_database: /opt/anaconda3/share/proj/proj.db contains DATABASE.LAYOUT.VERSION.MINOR = 2 whereas a number >= 6 is expected. It comes from another PROJ installation.
2026-09-07 02:24:50,464 WARNING CPLE_AppDefined in PROJ: internal_proj_create_from_name: /opt/anaconda3/share/proj/proj.db contains DATABASE.LAYOUT.VERSION.MINOR = 2 whereas a number >= 6 is expected. It comes from another PROJ installation.
2026-09-07 02:24:50,493 WARNING CPLE_AppDefined in PROJ: internal_proj_create_from_database: /opt/anaconda3/share/proj/proj.db contains DATABASE.LAYOUT.VERSION.MINOR = 2 whereas a number >= 6 is expected. It comes from another PROJ installation.
2026-09-07 02:24:50,494 WARNING CPLE_AppDefined in PROJ: internal_proj_create_from_name: /opt/anaconda3/share/proj/proj.db contains DATABASE.LAYOUT.VERSION.MINOR = 2 whereas a number >= 6 is expected. It comes from another PROJ installation.
2026-09-07 02:24:50,522 WARNING CPLE_AppDefined in PROJ: internal_proj_create_from_database: /opt/anaconda3/share/proj/proj.db contains DATABASE.LAYOUT.VERSION.MINOR = 2 whereas a number >= 6 is expected. It comes from another PROJ installation.
2026-09-07 02:24:50,522 WARNING CPLE_AppDefined in PROJ: internal_proj_create_from_name: /opt/anaconda3/share/proj/proj.db contains DATABASE.LAYOUT.VERSION.MINOR = 2 whereas a number >= 6 is expected. It comes from another PROJ installation.
2026-09-07 02:24:50,551 WARNING CPLE_AppDefined in PROJ: internal_proj_create_from_database: /opt/anaconda3/share/proj/proj.db contains DATABASE.LAYOUT.VERSION.MINOR = 2 whereas a number >= 6 is expected. It comes from another PROJ installation.
2026-09-07 02:24:50,551 WARNING CPLE_AppDefined in PROJ: internal_proj_create_from_name: /opt/anaconda3/share/proj/proj.db contains DATABASE.LAYOUT.VERSION.MINOR = 2 whereas a number >= 6 is expected. It comes from another PROJ installation.
2026-09-07 02:24:50,580 WARNING CPLE_AppDefined in PROJ: internal_proj_create_from_database: /opt/anaconda3/share/proj/proj.db contains DATABASE.LAYOUT.VERSION.MINOR = 2 whereas a number >= 6 is expected. It comes from another PROJ installation.
2026-09-07 02:24:50,580 WARNING CPLE_AppDefined in PROJ: internal_proj_create_from_name: /opt/anaconda3/share/proj/proj.db contains DATABASE.LAYOUT.VERSION.MINOR = 2 whereas a number >= 6 is expected. It comes from another PROJ installation.
2026-09-07 02:24:50,608 WARNING CPLE_AppDefined in PROJ: internal_proj_create_from_database: /opt/anaconda3/share/proj/proj.db contains DATABASE.LAYOUT.VERSION.MINOR = 2 whereas a number >= 6 is expected. It comes from another PROJ installation.
2026-09-07 02:24:50,608 WARNING CPLE_AppDefined in PROJ: internal_proj_create_from_name: /opt/anaconda3/share/proj/proj.db contains DATABASE.LAYOUT.VERSION.MINOR = 2 whereas a number >= 6 is expected. It comes from another PROJ installation.
2026-09-07 02:24:50,637 WARNING CPLE_AppDefined in PROJ: internal_proj_create_from_database: /opt/anaconda3/share/proj/proj.db contains DATABASE.LAYOUT.VERSION.MINOR = 2 whereas a number >= 6 is expected. It comes from another PROJ installation.
2026-09-07 02:24:50,637 WARNING CPLE_AppDefined in PROJ: internal_proj_create_from_name: /opt/anaconda3/share/proj/proj.db contains DATABASE.LAYOUT.VERSION.MINOR = 2 whereas a number >= 6 is expected. It comes from another PROJ installation.
2026-09-07 02:24:50,664 WARNING CPLE_AppDefined in PROJ: internal_proj_create_from_database: /opt/anaconda3/share/proj/proj.db contains DATABASE.LAYOUT.VERSION.MINOR = 2 whereas a number >= 6 is expected. It comes from another PROJ installation.
2026-09-07 02:24:50,664 WARNING CPLE_AppDefined in PROJ: internal_proj_create_from_name: /opt/anaconda3/share/proj/proj.db contains DATABASE.LAYOUT.VERSION.MINOR = 2 whereas a number >= 6 is expected. It comes from another PROJ installation.
2026-09-07 02:24:50,691 WARNING CPLE_AppDefined in PROJ: internal_proj_create_from_database: /opt/anaconda3/share/proj/proj.db contains DATABASE.LAYOUT.VERSION.MINOR = 2 whereas a number >= 6 is expected. It comes from another PROJ installation.
2026-09-07 02:24:50,691 WARNING CPLE_AppDefined in PROJ: internal_proj_create_from_name: /opt/anaconda3/share/proj/proj.db contains DATABASE.LAYOUT.VERSION.MINOR = 2 whereas a number >= 6 is expected. It comes from another PROJ installation.
2026-09-07 02:24:50,718 WARNING CPLE_AppDefined in PROJ: internal_proj_create_from_database: /opt/anaconda3/share/proj/proj.db contains DATABASE.LAYOUT.VERSION.MINOR = 2 whereas a number >= 6 is expected. It comes from another PROJ installation.
2026-09-07 02:24:50,718 WARNING CPLE_AppDefined in PROJ: internal_proj_create_from_name: /opt/anaconda3/share/proj/proj.db contains DATABASE.LAYOUT.VERSION.MINOR = 2 whereas a number >= 6 is expected. It comes from another PROJ installation.
2026-09-07 02:24:50,746 WARNING CPLE_AppDefined in PROJ: internal_proj_create_from_database: /opt/anaconda3/share/proj/proj.db contains DATABASE.LAYOUT.VERSION.MINOR = 2 whereas a number >= 6 is expected. It comes from another PROJ installation.
2026-09-07 02:24:50,746 WARNING CPLE_AppDefined in PROJ: internal_proj_create_from_name: /opt/anaconda3/share/proj/proj.db contains DATABASE.LAYOUT.VERSION.MINOR = 2 whereas a number >= 6 is expected. It comes from another PROJ installation.
2026-09-07 02:24:50,773 WARNING CPLE_AppDefined in PROJ: internal_proj_create_from_database: /opt/anaconda3/share/proj/proj.db contains DATABASE.LAYOUT.VERSION.MINOR = 2 whereas a number >= 6 is expected. It comes from another PROJ installation.
2026-09-07 02:24:50,773 WARNING CPLE_AppDefined in PROJ: internal_proj_create_from_name: /opt/anaconda3/share/proj/proj.db contains DATABASE.LAYOUT.VERSION.MINOR = 2 whereas a number >= 6 is expected. It comes from another PROJ installation.
2026-09-07 02:24:50,801 WARNING CPLE_AppDefined in PROJ: internal_proj_create_from_database: /opt/anaconda3/share/proj/proj.db contains DATABASE.LAYOUT.VERSION.MINOR = 2 whereas a number >= 6 is expected. It comes from another PROJ installation.
2026-09-07 02:24:50,801 WARNING CPLE_AppDefined in PROJ: internal_proj_create_from_name: /opt/anaconda3/share/proj/proj.db contains DATABASE.LAYOUT.VERSION.MINOR = 2 whereas a number >= 6 is expected. It comes from another PROJ installation.
2026-09-07 02:24:52,073 INFO Saved /Users/helloworld/Desktop/SIH/SIH2026/data/regions/uttar_pradesh/satellite/chirps_uttar_pradesh_2012.nc (0.4 MB)
2026-09-07 02:24:52,094 ERROR ERA5 2012: HTTPSConnectionPool(host='archive-api.open-meteo.com', port=443): Max retries exceeded with url: /v1/archive?latitude=23.5&longitude=77.0&start_date=2012-06-01&end_date=2012-09-30&hourly=precipitation&timezone=UTC (Caused by NameResolutionError("<urllib3.connection.HTTPSConnection object at 0x16934da90>: Failed to resolve 'archive-api.open-meteo.com' ([Errno 8] nodename nor servname provided, or not known)"))
2026-09-07 02:24:52,110 ERROR MERRA-2 2012: HTTPSConnectionPool(host='power.larc.nasa.gov', port=443): Max retries exceeded with url: /api/temporal/hourly/point?parameters=PRECTOTCORR&community=AG&longitude=77.0&latitude=23.5&start=20120601&end=20120930&format=JSON (Caused by NameResolutionError("<urllib3.connection.HTTPSConnection object at 0x16934d6d0>: Failed to resolve 'power.larc.nasa.gov' ([Errno 8] nodename nor servname provided, or not known)"))
2026-09-07 02:26:36,238 INFO Building CHIRPS NetCDF for 2013 (122 days)...
2026-09-07 02:26:36,287 WARNING CPLE_AppDefined in PROJ: internal_proj_create_from_database: /opt/anaconda3/share/proj/proj.db contains DATABASE.LAYOUT.VERSION.MINOR = 2 whereas a number >= 6 is expected. It comes from another PROJ installation.
2026-09-07 02:26:36,287 WARNING CPLE_AppDefined in PROJ: internal_proj_create_from_name: /opt/anaconda3/share/proj/proj.db contains DATABASE.LAYOUT.VERSION.MINOR = 2 whereas a number >= 6 is expected. It comes from another PROJ installation.
2026-09-07 02:26:36,325 WARNING CPLE_AppDefined in PROJ: internal_proj_create_from_database: /opt/anaconda3/share/proj/proj.db contains DATABASE.LAYOUT.VERSION.MINOR = 2 whereas a number >= 6 is expected. It comes from another PROJ installation.
2026-09-07 02:26:36,325 WARNING CPLE_AppDefined in PROJ: internal_proj_create_from_name: /opt/anaconda3/share/proj/proj.db contains DATABASE.LAYOUT.VERSION.MINOR = 2 whereas a number >= 6 is expected. It comes from another PROJ installation.
2026-09-07 02:26:36,354 WARNING CPLE_AppDefined in PROJ: internal_proj_create_from_database: /opt/anaconda3/share/proj/proj.db contains DATABASE.LAYOUT.VERSION.MINOR = 2 whereas a number >= 6 is expected. It comes from another PROJ installation.
2026-09-07 02:26:36,354 WARNING CPLE_AppDefined in PROJ: internal_proj_create_from_name: /opt/anaconda3/share/proj/proj.db contains DATABASE.LAYOUT.VERSION.MINOR = 2 whereas a number >= 6 is expected. It comes from another PROJ installation.
2026-09-07 02:26:36,384 WARNING CPLE_AppDefined in PROJ: internal_proj_create_from_database: /opt/anaconda3/share/proj/proj.db contains DATABASE.LAYOUT.VERSION.MINOR = 2 whereas a number >= 6 is expected. It comes from another PROJ installation.
2026-09-07 02:26:36,384 WARNING CPLE_AppDefined in PROJ: internal_proj_create_from_name: /opt/anaconda3/share/proj/proj.db contains DATABASE.LAYOUT.VERSION.MINOR = 2 whereas a number >= 6 is expected. It comes from another PROJ installation.
2026-09-07 02:26:36,413 WARNING CPLE_AppDefined in PROJ: internal_proj_create_from_database: /opt/anaconda3/share/proj/proj.db contains DATABASE.LAYOUT.VERSION.MINOR = 2 whereas a number >= 6 is expected. It comes from another PROJ installation.
2026-09-07 02:26:36,413 WARNING CPLE_AppDefined in PROJ: internal_proj_create_from_name: /opt/anaconda3/share/proj/proj.db contains DATABASE.LAYOUT.VERSION.MINOR = 2 whereas a number >= 6 is expected. It comes from another PROJ installation.
2026-09-07 02:26:36,442 WARNING CPLE_AppDefined in PROJ: internal_proj_create_from_database: /opt/anaconda3/share/proj/proj.db contains DATABASE.LAYOUT.VERSION.MINOR = 2 whereas a number >= 6 is expected. It comes from another PROJ installation.
2026-09-07 02:26:36,442 WARNING CPLE_AppDefined in PROJ: internal_proj_create_from_name: /opt/anaconda3/share/proj/proj.db contains DATABASE.LAYOUT.VERSION.MINOR = 2 whereas a number >= 6 is expected. It comes from another PROJ installation.
2026-09-07 02:26:36,471 WARNING CPLE_AppDefined in PROJ: internal_proj_create_from_database: /opt/anaconda3/share/proj/proj.db contains DATABASE.LAYOUT.VERSION.MINOR = 2 whereas a number >= 6 is expected. It comes from another PROJ installation.
2026-09-07 02:26:36,471 WARNING CPLE_AppDefined in PROJ: internal_proj_create_from_name: /opt/anaconda3/share/proj/proj.db contains DATABASE.LAYOUT.VERSION.MINOR = 2 whereas a number >= 6 is expected. It comes from another PROJ installation.
2026-09-07 02:26:36,500 WARNING CPLE_AppDefined in PROJ: internal_proj_create_from_database: /opt/anaconda3/share/proj/proj.db contains DATABASE.LAYOUT.VERSION.MINOR = 2 whereas a number >= 6 is expected. It comes from another PROJ installation.
2026-09-07 02:26:36,500 WARNING CPLE_AppDefined in PROJ: internal_proj_create_from_name: /opt/anaconda3/share/proj/proj.db contains DATABASE.LAYOUT.VERSION.MINOR = 2 whereas a number >= 6 is expected. It comes from another PROJ installation.
2026-09-07 02:26:36,530 WARNING CPLE_AppDefined in PROJ: internal_proj_create_from_database: /opt/anaconda3/share/proj/proj.db contains DATABASE.LAYOUT.VERSION.MINOR = 2 whereas a number >= 6 is expected. It comes from another PROJ installation.
2026-09-07 02:26:36,530 WARNING CPLE_AppDefined in PROJ: internal_proj_create_from_name: /opt/anaconda3/share/proj/proj.db contains DATABASE.LAYOUT.VERSION.MINOR = 2 whereas a number >= 6 is expected. It comes from another PROJ installation.
2026-09-07 02:26:36,559 WARNING CPLE_AppDefined in PROJ: internal_proj_create_from_database: /opt/anaconda3/share/proj/proj.db contains DATABASE.LAYOUT.VERSION.MINOR = 2 whereas a number >= 6 is expected. It comes from another PROJ installation.
2026-09-07 02:26:36,559 WARNING CPLE_AppDefined in PROJ: internal_proj_create_from_name: /opt/anaconda3/share/proj/proj.db contains DATABASE.LAYOUT.VERSION.MINOR = 2 whereas a number >= 6 is expected. It comes from another PROJ installation.
2026-09-07 02:26:36,588 WARNING CPLE_AppDefined in PROJ: internal_proj_create_from_database: /opt/anaconda3/share/proj/proj.db contains DATABASE.LAYOUT.VERSION.MINOR = 2 whereas a number >= 6 is expected. It comes from another PROJ installation.
2026-09-07 02:26:36,588 WARNING CPLE_AppDefined in PROJ: internal_proj_create_from_name: /opt/anaconda3/share/proj/proj.db contains DATABASE.LAYOUT.VERSION.MINOR = 2 whereas a number >= 6 is expected. It comes from another PROJ installation.
2026-09-07 02:26:36,617 WARNING CPLE_AppDefined in PROJ: internal_proj_create_from_database: /opt/anaconda3/share/proj/proj.db contains DATABASE.LAYOUT.VERSION.MINOR = 2 whereas a number >= 6 is expected. It comes from another PROJ installation.
2026-09-07 02:26:36,617 WARNING CPLE_AppDefined in PROJ: internal_proj_create_from_name: /opt/anaconda3/share/proj/proj.db contains DATABASE.LAYOUT.VERSION.MINOR = 2 whereas a number >= 6 is expected. It comes from another PROJ installation.
2026-09-07 02:26:36,644 WARNING CPLE_AppDefined in PROJ: internal_proj_create_from_database: /opt/anaconda3/share/proj/proj.db contains DATABASE.LAYOUT.VERSION.MINOR = 2 whereas a number >= 6 is expected. It comes from another PROJ installation.
2026-09-07 02:26:36,645 WARNING CPLE_AppDefined in PROJ: internal_proj_create_from_name: /opt/anaconda3/share/proj/proj.db contains DATABASE.LAYOUT.VERSION.MINOR = 2 whereas a number >= 6 is expected. It comes from another PROJ installation.
2026-09-07 02:26:36,673 WARNING CPLE_AppDefined in PROJ: internal_proj_create_from_database: /opt/anaconda3/share/proj/proj.db contains DATABASE.LAYOUT.VERSION.MINOR = 2 whereas a number >= 6 is expected. It comes from another PROJ installation.
2026-09-07 02:26:36,673 WARNING CPLE_AppDefined in PROJ: internal_proj_create_from_name: /opt/anaconda3/share/proj/proj.db contains DATABASE.LAYOUT.VERSION.MINOR = 2 whereas a number >= 6 is expected. It comes from another PROJ installation.
2026-09-07 02:26:36,702 WARNING CPLE_AppDefined in PROJ: internal_proj_create_from_database: /opt/anaconda3/share/proj/proj.db contains DATABASE.LAYOUT.VERSION.MINOR = 2 whereas a number >= 6 is expected. It comes from another PROJ installation.
2026-09-07 02:26:36,702 WARNING CPLE_AppDefined in PROJ: internal_proj_create_from_name: /opt/anaconda3/share/proj/proj.db contains DATABASE.LAYOUT.VERSION.MINOR = 2 whereas a number >= 6 is expected. It comes from another PROJ installation.
2026-09-07 02:26:36,731 WARNING CPLE_AppDefined in PROJ: internal_proj_create_from_database: /opt/anaconda3/share/proj/proj.db contains DATABASE.LAYOUT.VERSION.MINOR = 2 whereas a number >= 6 is expected. It comes from another PROJ installation.
2026-09-07 02:26:36,731 WARNING CPLE_AppDefined in PROJ: internal_proj_create_from_name: /opt/anaconda3/share/proj/proj.db contains DATABASE.LAYOUT.VERSION.MINOR = 2 whereas a number >= 6 is expected. It comes from another PROJ installation.
2026-09-07 02:26:36,759 WARNING CPLE_AppDefined in PROJ: internal_proj_create_from_database: /opt/anaconda3/share/proj/proj.db contains DATABASE.LAYOUT.VERSION.MINOR = 2 whereas a number >= 6 is expected. It comes from another PROJ installation.
2026-09-07 02:26:36,759 WARNING CPLE_AppDefined in PROJ: internal_proj_create_from_name: /opt/anaconda3/share/proj/proj.db contains DATABASE.LAYOUT.VERSION.MINOR = 2 whereas a number >= 6 is expected. It comes from another PROJ installation.
2026-09-07 02:26:36,788 WARNING CPLE_AppDefined in PROJ: internal_proj_create_from_database: /opt/anaconda3/share/proj/proj.db contains DATABASE.LAYOUT.VERSION.MINOR = 2 whereas a number >= 6 is expected. It comes from another PROJ installation.
2026-09-07 02:26:36,788 WARNING CPLE_AppDefined in PROJ: internal_proj_create_from_name: /opt/anaconda3/share/proj/proj.db contains DATABASE.LAYOUT.VERSION.MINOR = 2 whereas a number >= 6 is expected. It comes from another PROJ installation.
2026-09-07 02:26:36,817 WARNING CPLE_AppDefined in PROJ: internal_proj_create_from_database: /opt/anaconda3/share/proj/proj.db contains DATABASE.LAYOUT.VERSION.MINOR = 2 whereas a number >= 6 is expected. It comes from another PROJ installation.
2026-09-07 02:26:36,817 WARNING CPLE_AppDefined in PROJ: internal_proj_create_from_name: /opt/anaconda3/share/proj/proj.db contains DATABASE.LAYOUT.VERSION.MINOR = 2 whereas a number >= 6 is expected. It comes from another PROJ installation.
2026-09-07 02:26:36,846 WARNING CPLE_AppDefined in PROJ: internal_proj_create_from_database: /opt/anaconda3/share/proj/proj.db contains DATABASE.LAYOUT.VERSION.MINOR = 2 whereas a number >= 6 is expected. It comes from another PROJ installation.
2026-09-07 02:26:36,846 WARNING CPLE_AppDefined in PROJ: internal_proj_create_from_name: /opt/anaconda3/share/proj/proj.db contains DATABASE.LAYOUT.VERSION.MINOR = 2 whereas a number >= 6 is expected. It comes from another PROJ installation.
2026-09-07 02:26:36,874 WARNING CPLE_AppDefined in PROJ: internal_proj_create_from_database: /opt/anaconda3/share/proj/proj.db contains DATABASE.LAYOUT.VERSION.MINOR = 2 whereas a number >= 6 is expected. It comes from another PROJ installation.
2026-09-07 02:26:36,874 WARNING CPLE_AppDefined in PROJ: internal_proj_create_from_name: /opt/anaconda3/share/proj/proj.db contains DATABASE.LAYOUT.VERSION.MINOR = 2 whereas a number >= 6 is expected. It comes from another PROJ installation.
2026-09-07 02:26:36,903 WARNING CPLE_AppDefined in PROJ: internal_proj_create_from_database: /opt/anaconda3/share/proj/proj.db contains DATABASE.LAYOUT.VERSION.MINOR = 2 whereas a number >= 6 is expected. It comes from another PROJ installation.
2026-09-07 02:26:36,903 WARNING CPLE_AppDefined in PROJ: internal_proj_create_from_name: /opt/anaconda3/share/proj/proj.db contains DATABASE.LAYOUT.VERSION.MINOR = 2 whereas a number >= 6 is expected. It comes from another PROJ installation.
2026-09-07 02:26:36,932 WARNING CPLE_AppDefined in PROJ: internal_proj_create_from_database: /opt/anaconda3/share/proj/proj.db contains DATABASE.LAYOUT.VERSION.MINOR = 2 whereas a number >= 6 is expected. It comes from another PROJ installation.
2026-09-07 02:26:36,932 WARNING CPLE_AppDefined in PROJ: internal_proj_create_from_name: /opt/anaconda3/share/proj/proj.db contains DATABASE.LAYOUT.VERSION.MINOR = 2 whereas a number >= 6 is expected. It comes from another PROJ installation.
2026-09-07 02:26:36,961 WARNING CPLE_AppDefined in PROJ: internal_proj_create_from_database: /opt/anaconda3/share/proj/proj.db contains DATABASE.LAYOUT.VERSION.MINOR = 2 whereas a number >= 6 is expected. It comes from another PROJ installation.
2026-09-07 02:26:36,961 WARNING CPLE_AppDefined in PROJ: internal_proj_create_from_name: /opt/anaconda3/share/proj/proj.db contains DATABASE.LAYOUT.VERSION.MINOR = 2 whereas a number >= 6 is expected. It comes from another PROJ installation.
2026-09-07 02:26:36,989 WARNING CPLE_AppDefined in PROJ: internal_proj_create_from_database: /opt/anaconda3/share/proj/proj.db contains DATABASE.LAYOUT.VERSION.MINOR = 2 whereas a number >= 6 is expected. It comes from another PROJ installation.
2026-09-07 02:26:36,989 WARNING CPLE_AppDefined in PROJ: internal_proj_create_from_name: /opt/anaconda3/share/proj/proj.db contains DATABASE.LAYOUT.VERSION.MINOR = 2 whereas a number >= 6 is expected. It comes from another PROJ installation.
2026-09-07 02:26:37,018 WARNING CPLE_AppDefined in PROJ: internal_proj_create_from_database: /opt/anaconda3/share/proj/proj.db contains DATABASE.LAYOUT.VERSION.MINOR = 2 whereas a number >= 6 is expected. It comes from another PROJ installation.
2026-09-07 02:26:37,018 WARNING CPLE_AppDefined in PROJ: internal_proj_create_from_name: /opt/anaconda3/share/proj/proj.db contains DATABASE.LAYOUT.VERSION.MINOR = 2 whereas a number >= 6 is expected. It comes from another PROJ installation.
2026-09-07 02:26:37,047 WARNING CPLE_AppDefined in PROJ: internal_proj_create_from_database: /opt/anaconda3/share/proj/proj.db contains DATABASE.LAYOUT.VERSION.MINOR = 2 whereas a number >= 6 is expected. It comes from another PROJ installation.
2026-09-07 02:26:37,047 WARNING CPLE_AppDefined in PROJ: internal_proj_create_from_name: /opt/anaconda3/share/proj/proj.db contains DATABASE.LAYOUT.VERSION.MINOR = 2 whereas a number >= 6 is expected. It comes from another PROJ installation.
2026-09-07 02:26:37,075 WARNING CPLE_AppDefined in PROJ: internal_proj_create_from_database: /opt/anaconda3/share/proj/proj.db contains DATABASE.LAYOUT.VERSION.MINOR = 2 whereas a number >= 6 is expected. It comes from another PROJ installation.
2026-09-07 02:26:37,075 WARNING CPLE_AppDefined in PROJ: internal_proj_create_from_name: /opt/anaconda3/share/proj/proj.db contains DATABASE.LAYOUT.VERSION.MINOR = 2 whereas a number >= 6 is expected. It comes from another PROJ installation.
2026-09-07 02:26:37,103 WARNING CPLE_AppDefined in PROJ: internal_proj_create_from_database: /opt/anaconda3/share/proj/proj.db contains DATABASE.LAYOUT.VERSION.MINOR = 2 whereas a number >= 6 is expected. It comes from another PROJ installation.
2026-09-07 02:26:37,103 WARNING CPLE_AppDefined in PROJ: internal_proj_create_from_name: /opt/anaconda3/share/proj/proj.db contains DATABASE.LAYOUT.VERSION.MINOR = 2 whereas a number >= 6 is expected. It comes from another PROJ installation.
2026-09-07 02:26:37,131 WARNING CPLE_AppDefined in PROJ: internal_proj_create_from_database: /opt/anaconda3/share/proj/proj.db contains DATABASE.LAYOUT.VERSION.MINOR = 2 whereas a number >= 6 is expected. It comes from another PROJ installation.
2026-09-07 02:26:37,131 WARNING CPLE_AppDefined in PROJ: internal_proj_create_from_name: /opt/anaconda3/share/proj/proj.db contains DATABASE.LAYOUT.VERSION.MINOR = 2 whereas a number >= 6 is expected. It comes from another PROJ installation.
2026-09-07 02:26:37,161 WARNING CPLE_AppDefined in PROJ: internal_proj_create_from_database: /opt/anaconda3/share/proj/proj.db contains DATABASE.LAYOUT.VERSION.MINOR = 2 whereas a number >= 6 is expected. It comes from another PROJ installation.
2026-09-07 02:26:37,161 WARNING CPLE_AppDefined in PROJ: internal_proj_create_from_name: /opt/anaconda3/share/proj/proj.db contains DATABASE.LAYOUT.VERSION.MINOR = 2 whereas a number >= 6 is expected. It comes from another PROJ installation.
2026-09-07 02:26:37,188 WARNING CPLE_AppDefined in PROJ: internal_proj_create_from_database: /opt/anaconda3/share/proj/proj.db contains DATABASE.LAYOUT.VERSION.MINOR = 2 whereas a number >= 6 is expected. It comes from another PROJ installation.
2026-09-07 02:26:37,189 WARNING CPLE_AppDefined in PROJ: internal_proj_create_from_name: /opt/anaconda3/share/proj/proj.db contains DATABASE.LAYOUT.VERSION.MINOR = 2 whereas a number >= 6 is expected. It comes from another PROJ installation.
2026-09-07 02:26:37,217 WARNING CPLE_AppDefined in PROJ: internal_proj_create_from_database: /opt/anaconda3/share/proj/proj.db contains DATABASE.LAYOUT.VERSION.MINOR = 2 whereas a number >= 6 is expected. It comes from another PROJ installation.
2026-09-07 02:26:37,217 WARNING CPLE_AppDefined in PROJ: internal_proj_create_from_name: /opt/anaconda3/share/proj/proj.db contains DATABASE.LAYOUT.VERSION.MINOR = 2 whereas a number >= 6 is expected. It comes from another PROJ installation.
2026-09-07 02:26:37,245 WARNING CPLE_AppDefined in PROJ: internal_proj_create_from_database: /opt/anaconda3/share/proj/proj.db contains DATABASE.LAYOUT.VERSION.MINOR = 2 whereas a number >= 6 is expected. It comes from another PROJ installation.
2026-09-07 02:26:37,245 WARNING CPLE_AppDefined in PROJ: internal_proj_create_from_name: /opt/anaconda3/share/proj/proj.db contains DATABASE.LAYOUT.VERSION.MINOR = 2 whereas a number >= 6 is expected. It comes from another PROJ installation.
2026-09-07 02:26:37,276 WARNING CPLE_AppDefined in PROJ: internal_proj_create_from_database: /opt/anaconda3/share/proj/proj.db contains DATABASE.LAYOUT.VERSION.MINOR = 2 whereas a number >= 6 is expected. It comes from another PROJ installation.
2026-09-07 02:26:37,276 WARNING CPLE_AppDefined in PROJ: internal_proj_create_from_name: /opt/anaconda3/share/proj/proj.db contains DATABASE.LAYOUT.VERSION.MINOR = 2 whereas a number >= 6 is expected. It comes from another PROJ installation.
2026-09-07 02:26:37,305 WARNING CPLE_AppDefined in PROJ: internal_proj_create_from_database: /opt/anaconda3/share/proj/proj.db contains DATABASE.LAYOUT.VERSION.MINOR = 2 whereas a number >= 6 is expected. It comes from another PROJ installation.
2026-09-07 02:26:37,306 WARNING CPLE_AppDefined in PROJ: internal_proj_create_from_name: /opt/anaconda3/share/proj/proj.db contains DATABASE.LAYOUT.VERSION.MINOR = 2 whereas a number >= 6 is expected. It comes from another PROJ installation.
2026-09-07 02:26:37,334 WARNING CPLE_AppDefined in PROJ: internal_proj_create_from_database: /opt/anaconda3/share/proj/proj.db contains DATABASE.LAYOUT.VERSION.MINOR = 2 whereas a number >= 6 is expected. It comes from another PROJ installation.
2026-09-07 02:26:37,334 WARNING CPLE_AppDefined in PROJ: internal_proj_create_from_name: /opt/anaconda3/share/proj/proj.db contains DATABASE.LAYOUT.VERSION.MINOR = 2 whereas a number >= 6 is expected. It comes from another PROJ installation.
2026-09-07 02:26:37,363 WARNING CPLE_AppDefined in PROJ: internal_proj_create_from_database: /opt/anaconda3/share/proj/proj.db contains DATABASE.LAYOUT.VERSION.MINOR = 2 whereas a number >= 6 is expected. It comes from another PROJ installation.
2026-09-07 02:26:37,363 WARNING CPLE_AppDefined in PROJ: internal_proj_create_from_name: /opt/anaconda3/share/proj/proj.db contains DATABASE.LAYOUT.VERSION.MINOR = 2 whereas a number >= 6 is expected. It comes from another PROJ installation.
2026-09-07 02:26:37,391 WARNING CPLE_AppDefined in PROJ: internal_proj_create_from_database: /opt/anaconda3/share/proj/proj.db contains DATABASE.LAYOUT.VERSION.MINOR = 2 whereas a number >= 6 is expected. It comes from another PROJ installation.
2026-09-07 02:26:37,391 WARNING CPLE_AppDefined in PROJ: internal_proj_create_from_name: /opt/anaconda3/share/proj/proj.db contains DATABASE.LAYOUT.VERSION.MINOR = 2 whereas a number >= 6 is expected. It comes from another PROJ installation.
2026-09-07 02:26:37,420 WARNING CPLE_AppDefined in PROJ: internal_proj_create_from_database: /opt/anaconda3/share/proj/proj.db contains DATABASE.LAYOUT.VERSION.MINOR = 2 whereas a number >= 6 is expected. It comes from another PROJ installation.
2026-09-07 02:26:37,421 WARNING CPLE_AppDefined in PROJ: internal_proj_create_from_name: /opt/anaconda3/share/proj/proj.db contains DATABASE.LAYOUT.VERSION.MINOR = 2 whereas a number >= 6 is expected. It comes from another PROJ installation.
2026-09-07 02:26:37,450 WARNING CPLE_AppDefined in PROJ: internal_proj_create_from_database: /opt/anaconda3/share/proj/proj.db contains DATABASE.LAYOUT.VERSION.MINOR = 2 whereas a number >= 6 is expected. It comes from another PROJ installation.
2026-09-07 02:26:37,450 WARNING CPLE_AppDefined in PROJ: internal_proj_create_from_name: /opt/anaconda3/share/proj/proj.db contains DATABASE.LAYOUT.VERSION.MINOR = 2 whereas a number >= 6 is expected. It comes from another PROJ installation.
2026-09-07 02:26:37,478 WARNING CPLE_AppDefined in PROJ: internal_proj_create_from_database: /opt/anaconda3/share/proj/proj.db contains DATABASE.LAYOUT.VERSION.MINOR = 2 whereas a number >= 6 is expected. It comes from another PROJ installation.
2026-09-07 02:26:37,478 WARNING CPLE_AppDefined in PROJ: internal_proj_create_from_name: /opt/anaconda3/share/proj/proj.db contains DATABASE.LAYOUT.VERSION.MINOR = 2 whereas a number >= 6 is expected. It comes from another PROJ installation.
2026-09-07 02:26:37,507 WARNING CPLE_AppDefined in PROJ: internal_proj_create_from_database: /opt/anaconda3/share/proj/proj.db contains DATABASE.LAYOUT.VERSION.MINOR = 2 whereas a number >= 6 is expected. It comes from another PROJ installation.
2026-09-07 02:26:37,507 WARNING CPLE_AppDefined in PROJ: internal_proj_create_from_name: /opt/anaconda3/share/proj/proj.db contains DATABASE.LAYOUT.VERSION.MINOR = 2 whereas a number >= 6 is expected. It comes from another PROJ installation.
2026-09-07 02:26:37,536 WARNING CPLE_AppDefined in PROJ: internal_proj_create_from_database: /opt/anaconda3/share/proj/proj.db contains DATABASE.LAYOUT.VERSION.MINOR = 2 whereas a number >= 6 is expected. It comes from another PROJ installation.
2026-09-07 02:26:37,536 WARNING CPLE_AppDefined in PROJ: internal_proj_create_from_name: /opt/anaconda3/share/proj/proj.db contains DATABASE.LAYOUT.VERSION.MINOR = 2 whereas a number >= 6 is expected. It comes from another PROJ installation.
2026-09-07 02:26:37,566 WARNING CPLE_AppDefined in PROJ: internal_proj_create_from_database: /opt/anaconda3/share/proj/proj.db contains DATABASE.LAYOUT.VERSION.MINOR = 2 whereas a number >= 6 is expected. It comes from another PROJ installation.
2026-09-07 02:26:37,566 WARNING CPLE_AppDefined in PROJ: internal_proj_create_from_name: /opt/anaconda3/share/proj/proj.db contains DATABASE.LAYOUT.VERSION.MINOR = 2 whereas a number >= 6 is expected. It comes from another PROJ installation.
2026-09-07 02:26:37,599 WARNING CPLE_AppDefined in PROJ: internal_proj_create_from_database: /opt/anaconda3/share/proj/proj.db contains DATABASE.LAYOUT.VERSION.MINOR = 2 whereas a number >= 6 is expected. It comes from another PROJ installation.
2026-09-07 02:26:37,599 WARNING CPLE_AppDefined in PROJ: internal_proj_create_from_name: /opt/anaconda3/share/proj/proj.db contains DATABASE.LAYOUT.VERSION.MINOR = 2 whereas a number >= 6 is expected. It comes from another PROJ installation.
2026-09-07 02:26:37,628 WARNING CPLE_AppDefined in PROJ: internal_proj_create_from_database: /opt/anaconda3/share/proj/proj.db contains DATABASE.LAYOUT.VERSION.MINOR = 2 whereas a number >= 6 is expected. It comes from another PROJ installation.
2026-09-07 02:26:37,628 WARNING CPLE_AppDefined in PROJ: internal_proj_create_from_name: /opt/anaconda3/share/proj/proj.db contains DATABASE.LAYOUT.VERSION.MINOR = 2 whereas a number >= 6 is expected. It comes from another PROJ installation.
2026-09-07 02:26:37,656 WARNING CPLE_AppDefined in PROJ: internal_proj_create_from_database: /opt/anaconda3/share/proj/proj.db contains DATABASE.LAYOUT.VERSION.MINOR = 2 whereas a number >= 6 is expected. It comes from another PROJ installation.
2026-09-07 02:26:37,657 WARNING CPLE_AppDefined in PROJ: internal_proj_create_from_name: /opt/anaconda3/share/proj/proj.db contains DATABASE.LAYOUT.VERSION.MINOR = 2 whereas a number >= 6 is expected. It comes from another PROJ installation.
2026-09-07 02:26:37,685 WARNING CPLE_AppDefined in PROJ: internal_proj_create_from_database: /opt/anaconda3/share/proj/proj.db contains DATABASE.LAYOUT.VERSION.MINOR = 2 whereas a number >= 6 is expected. It comes from another PROJ installation.
2026-09-07 02:26:37,685 WARNING CPLE_AppDefined in PROJ: internal_proj_create_from_name: /opt/anaconda3/share/proj/proj.db contains DATABASE.LAYOUT.VERSION.MINOR = 2 whereas a number >= 6 is expected. It comes from another PROJ installation.
2026-09-07 02:26:37,714 WARNING CPLE_AppDefined in PROJ: internal_proj_create_from_database: /opt/anaconda3/share/proj/proj.db contains DATABASE.LAYOUT.VERSION.MINOR = 2 whereas a number >= 6 is expected. It comes from another PROJ installation.
2026-09-07 02:26:37,714 WARNING CPLE_AppDefined in PROJ: internal_proj_create_from_name: /opt/anaconda3/share/proj/proj.db contains DATABASE.LAYOUT.VERSION.MINOR = 2 whereas a number >= 6 is expected. It comes from another PROJ installation.
2026-09-07 02:26:37,742 WARNING CPLE_AppDefined in PROJ: internal_proj_create_from_database: /opt/anaconda3/share/proj/proj.db contains DATABASE.LAYOUT.VERSION.MINOR = 2 whereas a number >= 6 is expected. It comes from another PROJ installation.
2026-09-07 02:26:37,742 WARNING CPLE_AppDefined in PROJ: internal_proj_create_from_name: /opt/anaconda3/share/proj/proj.db contains DATABASE.LAYOUT.VERSION.MINOR = 2 whereas a number >= 6 is expected. It comes from another PROJ installation.
2026-09-07 02:26:37,770 WARNING CPLE_AppDefined in PROJ: internal_proj_create_from_database: /opt/anaconda3/share/proj/proj.db contains DATABASE.LAYOUT.VERSION.MINOR = 2 whereas a number >= 6 is expected. It comes from another PROJ installation.
2026-09-07 02:26:37,770 WARNING CPLE_AppDefined in PROJ: internal_proj_create_from_name: /opt/anaconda3/share/proj/proj.db contains DATABASE.LAYOUT.VERSION.MINOR = 2 whereas a number >= 6 is expected. It comes from another PROJ installation.
2026-09-07 02:26:37,799 WARNING CPLE_AppDefined in PROJ: internal_proj_create_from_database: /opt/anaconda3/share/proj/proj.db contains DATABASE.LAYOUT.VERSION.MINOR = 2 whereas a number >= 6 is expected. It comes from another PROJ installation.
2026-09-07 02:26:37,800 WARNING CPLE_AppDefined in PROJ: internal_proj_create_from_name: /opt/anaconda3/share/proj/proj.db contains DATABASE.LAYOUT.VERSION.MINOR = 2 whereas a number >= 6 is expected. It comes from another PROJ installation.
2026-09-07 02:26:37,828 WARNING CPLE_AppDefined in PROJ: internal_proj_create_from_database: /opt/anaconda3/share/proj/proj.db contains DATABASE.LAYOUT.VERSION.MINOR = 2 whereas a number >= 6 is expected. It comes from another PROJ installation.
2026-09-07 02:26:37,828 WARNING CPLE_AppDefined in PROJ: internal_proj_create_from_name: /opt/anaconda3/share/proj/proj.db contains DATABASE.LAYOUT.VERSION.MINOR = 2 whereas a number >= 6 is expected. It comes from another PROJ installation.
2026-09-07 02:26:37,857 WARNING CPLE_AppDefined in PROJ: internal_proj_create_from_database: /opt/anaconda3/share/proj/proj.db contains DATABASE.LAYOUT.VERSION.MINOR = 2 whereas a number >= 6 is expected. It comes from another PROJ installation.
2026-09-07 02:26:37,857 WARNING CPLE_AppDefined in PROJ: internal_proj_create_from_name: /opt/anaconda3/share/proj/proj.db contains DATABASE.LAYOUT.VERSION.MINOR = 2 whereas a number >= 6 is expected. It comes from another PROJ installation.
2026-09-07 02:26:37,886 WARNING CPLE_AppDefined in PROJ: internal_proj_create_from_database: /opt/anaconda3/share/proj/proj.db contains DATABASE.LAYOUT.VERSION.MINOR = 2 whereas a number >= 6 is expected. It comes from another PROJ installation.
2026-09-07 02:26:37,886 WARNING CPLE_AppDefined in PROJ: internal_proj_create_from_name: /opt/anaconda3/share/proj/proj.db contains DATABASE.LAYOUT.VERSION.MINOR = 2 whereas a number >= 6 is expected. It comes from another PROJ installation.
2026-09-07 02:26:37,914 WARNING CPLE_AppDefined in PROJ: internal_proj_create_from_database: /opt/anaconda3/share/proj/proj.db contains DATABASE.LAYOUT.VERSION.MINOR = 2 whereas a number >= 6 is expected. It comes from another PROJ installation.
2026-09-07 02:26:37,915 WARNING CPLE_AppDefined in PROJ: internal_proj_create_from_name: /opt/anaconda3/share/proj/proj.db contains DATABASE.LAYOUT.VERSION.MINOR = 2 whereas a number >= 6 is expected. It comes from another PROJ installation.
2026-09-07 02:26:37,942 WARNING CPLE_AppDefined in PROJ: internal_proj_create_from_database: /opt/anaconda3/share/proj/proj.db contains DATABASE.LAYOUT.VERSION.MINOR = 2 whereas a number >= 6 is expected. It comes from another PROJ installation.
2026-09-07 02:26:37,942 WARNING CPLE_AppDefined in PROJ: internal_proj_create_from_name: /opt/anaconda3/share/proj/proj.db contains DATABASE.LAYOUT.VERSION.MINOR = 2 whereas a number >= 6 is expected. It comes from another PROJ installation.
2026-09-07 02:26:37,971 WARNING CPLE_AppDefined in PROJ: internal_proj_create_from_database: /opt/anaconda3/share/proj/proj.db contains DATABASE.LAYOUT.VERSION.MINOR = 2 whereas a number >= 6 is expected. It comes from another PROJ installation.
2026-09-07 02:26:37,971 WARNING CPLE_AppDefined in PROJ: internal_proj_create_from_name: /opt/anaconda3/share/proj/proj.db contains DATABASE.LAYOUT.VERSION.MINOR = 2 whereas a number >= 6 is expected. It comes from another PROJ installation.
2026-09-07 02:26:37,999 WARNING CPLE_AppDefined in PROJ: internal_proj_create_from_database: /opt/anaconda3/share/proj/proj.db contains DATABASE.LAYOUT.VERSION.MINOR = 2 whereas a number >= 6 is expected. It comes from another PROJ installation.
2026-09-07 02:26:37,999 WARNING CPLE_AppDefined in PROJ: internal_proj_create_from_name: /opt/anaconda3/share/proj/proj.db contains DATABASE.LAYOUT.VERSION.MINOR = 2 whereas a number >= 6 is expected. It comes from another PROJ installation.
2026-09-07 02:26:38,028 WARNING CPLE_AppDefined in PROJ: internal_proj_create_from_database: /opt/anaconda3/share/proj/proj.db contains DATABASE.LAYOUT.VERSION.MINOR = 2 whereas a number >= 6 is expected. It comes from another PROJ installation.
2026-09-07 02:26:38,028 WARNING CPLE_AppDefined in PROJ: internal_proj_create_from_name: /opt/anaconda3/share/proj/proj.db contains DATABASE.LAYOUT.VERSION.MINOR = 2 whereas a number >= 6 is expected. It comes from another PROJ installation.
2026-09-07 02:26:38,057 WARNING CPLE_AppDefined in PROJ: internal_proj_create_from_database: /opt/anaconda3/share/proj/proj.db contains DATABASE.LAYOUT.VERSION.MINOR = 2 whereas a number >= 6 is expected. It comes from another PROJ installation.
2026-09-07 02:26:38,057 WARNING CPLE_AppDefined in PROJ: internal_proj_create_from_name: /opt/anaconda3/share/proj/proj.db contains DATABASE.LAYOUT.VERSION.MINOR = 2 whereas a number >= 6 is expected. It comes from another PROJ installation.
2026-09-07 02:26:38,085 WARNING CPLE_AppDefined in PROJ: internal_proj_create_from_database: /opt/anaconda3/share/proj/proj.db contains DATABASE.LAYOUT.VERSION.MINOR = 2 whereas a number >= 6 is expected. It comes from another PROJ installation.
2026-09-07 02:26:38,085 WARNING CPLE_AppDefined in PROJ: internal_proj_create_from_name: /opt/anaconda3/share/proj/proj.db contains DATABASE.LAYOUT.VERSION.MINOR = 2 whereas a number >= 6 is expected. It comes from another PROJ installation.
2026-09-07 02:26:38,114 WARNING CPLE_AppDefined in PROJ: internal_proj_create_from_database: /opt/anaconda3/share/proj/proj.db contains DATABASE.LAYOUT.VERSION.MINOR = 2 whereas a number >= 6 is expected. It comes from another PROJ installation.
2026-09-07 02:26:38,114 WARNING CPLE_AppDefined in PROJ: internal_proj_create_from_name: /opt/anaconda3/share/proj/proj.db contains DATABASE.LAYOUT.VERSION.MINOR = 2 whereas a number >= 6 is expected. It comes from another PROJ installation.
2026-09-07 02:26:38,143 WARNING CPLE_AppDefined in PROJ: internal_proj_create_from_database: /opt/anaconda3/share/proj/proj.db contains DATABASE.LAYOUT.VERSION.MINOR = 2 whereas a number >= 6 is expected. It comes from another PROJ installation.
2026-09-07 02:26:38,143 WARNING CPLE_AppDefined in PROJ: internal_proj_create_from_name: /opt/anaconda3/share/proj/proj.db contains DATABASE.LAYOUT.VERSION.MINOR = 2 whereas a number >= 6 is expected. It comes from another PROJ installation.
2026-09-07 02:26:38,171 WARNING CPLE_AppDefined in PROJ: internal_proj_create_from_database: /opt/anaconda3/share/proj/proj.db contains DATABASE.LAYOUT.VERSION.MINOR = 2 whereas a number >= 6 is expected. It comes from another PROJ installation.
2026-09-07 02:26:38,171 WARNING CPLE_AppDefined in PROJ: internal_proj_create_from_name: /opt/anaconda3/share/proj/proj.db contains DATABASE.LAYOUT.VERSION.MINOR = 2 whereas a number >= 6 is expected. It comes from another PROJ installation.
2026-09-07 02:26:38,200 WARNING CPLE_AppDefined in PROJ: internal_proj_create_from_database: /opt/anaconda3/share/proj/proj.db contains DATABASE.LAYOUT.VERSION.MINOR = 2 whereas a number >= 6 is expected. It comes from another PROJ installation.
2026-09-07 02:26:38,201 WARNING CPLE_AppDefined in PROJ: internal_proj_create_from_name: /opt/anaconda3/share/proj/proj.db contains DATABASE.LAYOUT.VERSION.MINOR = 2 whereas a number >= 6 is expected. It comes from another PROJ installation.
2026-09-07 02:26:38,229 WARNING CPLE_AppDefined in PROJ: internal_proj_create_from_database: /opt/anaconda3/share/proj/proj.db contains DATABASE.LAYOUT.VERSION.MINOR = 2 whereas a number >= 6 is expected. It comes from another PROJ installation.
2026-09-07 02:26:38,230 WARNING CPLE_AppDefined in PROJ: internal_proj_create_from_name: /opt/anaconda3/share/proj/proj.db contains DATABASE.LAYOUT.VERSION.MINOR = 2 whereas a number >= 6 is expected. It comes from another PROJ installation.
2026-09-07 02:26:38,259 WARNING CPLE_AppDefined in PROJ: internal_proj_create_from_database: /opt/anaconda3/share/proj/proj.db contains DATABASE.LAYOUT.VERSION.MINOR = 2 whereas a number >= 6 is expected. It comes from another PROJ installation.
2026-09-07 02:26:38,259 WARNING CPLE_AppDefined in PROJ: internal_proj_create_from_name: /opt/anaconda3/share/proj/proj.db contains DATABASE.LAYOUT.VERSION.MINOR = 2 whereas a number >= 6 is expected. It comes from another PROJ installation.
2026-09-07 02:26:38,288 WARNING CPLE_AppDefined in PROJ: internal_proj_create_from_database: /opt/anaconda3/share/proj/proj.db contains DATABASE.LAYOUT.VERSION.MINOR = 2 whereas a number >= 6 is expected. It comes from another PROJ installation.
2026-09-07 02:26:38,288 WARNING CPLE_AppDefined in PROJ: internal_proj_create_from_name: /opt/anaconda3/share/proj/proj.db contains DATABASE.LAYOUT.VERSION.MINOR = 2 whereas a number >= 6 is expected. It comes from another PROJ installation.
2026-09-07 02:26:38,317 WARNING CPLE_AppDefined in PROJ: internal_proj_create_from_database: /opt/anaconda3/share/proj/proj.db contains DATABASE.LAYOUT.VERSION.MINOR = 2 whereas a number >= 6 is expected. It comes from another PROJ installation.
2026-09-07 02:26:38,317 WARNING CPLE_AppDefined in PROJ: internal_proj_create_from_name: /opt/anaconda3/share/proj/proj.db contains DATABASE.LAYOUT.VERSION.MINOR = 2 whereas a number >= 6 is expected. It comes from another PROJ installation.
2026-09-07 02:26:38,345 WARNING CPLE_AppDefined in PROJ: internal_proj_create_from_database: /opt/anaconda3/share/proj/proj.db contains DATABASE.LAYOUT.VERSION.MINOR = 2 whereas a number >= 6 is expected. It comes from another PROJ installation.
2026-09-07 02:26:38,346 WARNING CPLE_AppDefined in PROJ: internal_proj_create_from_name: /opt/anaconda3/share/proj/proj.db contains DATABASE.LAYOUT.VERSION.MINOR = 2 whereas a number >= 6 is expected. It comes from another PROJ installation.
2026-09-07 02:26:38,374 WARNING CPLE_AppDefined in PROJ: internal_proj_create_from_database: /opt/anaconda3/share/proj/proj.db contains DATABASE.LAYOUT.VERSION.MINOR = 2 whereas a number >= 6 is expected. It comes from another PROJ installation.
2026-09-07 02:26:38,374 WARNING CPLE_AppDefined in PROJ: internal_proj_create_from_name: /opt/anaconda3/share/proj/proj.db contains DATABASE.LAYOUT.VERSION.MINOR = 2 whereas a number >= 6 is expected. It comes from another PROJ installation.
2026-09-07 02:26:38,403 WARNING CPLE_AppDefined in PROJ: internal_proj_create_from_database: /opt/anaconda3/share/proj/proj.db contains DATABASE.LAYOUT.VERSION.MINOR = 2 whereas a number >= 6 is expected. It comes from another PROJ installation.
2026-09-07 02:26:38,403 WARNING CPLE_AppDefined in PROJ: internal_proj_create_from_name: /opt/anaconda3/share/proj/proj.db contains DATABASE.LAYOUT.VERSION.MINOR = 2 whereas a number >= 6 is expected. It comes from another PROJ installation.
2026-09-07 02:26:38,432 WARNING CPLE_AppDefined in PROJ: internal_proj_create_from_database: /opt/anaconda3/share/proj/proj.db contains DATABASE.LAYOUT.VERSION.MINOR = 2 whereas a number >= 6 is expected. It comes from another PROJ installation.
2026-09-07 02:26:38,432 WARNING CPLE_AppDefined in PROJ: internal_proj_create_from_name: /opt/anaconda3/share/proj/proj.db contains DATABASE.LAYOUT.VERSION.MINOR = 2 whereas a number >= 6 is expected. It comes from another PROJ installation.
2026-09-07 02:26:38,460 WARNING CPLE_AppDefined in PROJ: internal_proj_create_from_database: /opt/anaconda3/share/proj/proj.db contains DATABASE.LAYOUT.VERSION.MINOR = 2 whereas a number >= 6 is expected. It comes from another PROJ installation.
2026-09-07 02:26:38,460 WARNING CPLE_AppDefined in PROJ: internal_proj_create_from_name: /opt/anaconda3/share/proj/proj.db contains DATABASE.LAYOUT.VERSION.MINOR = 2 whereas a number >= 6 is expected. It comes from another PROJ installation.
2026-09-07 02:26:38,489 WARNING CPLE_AppDefined in PROJ: internal_proj_create_from_database: /opt/anaconda3/share/proj/proj.db contains DATABASE.LAYOUT.VERSION.MINOR = 2 whereas a number >= 6 is expected. It comes from another PROJ installation.
2026-09-07 02:26:38,489 WARNING CPLE_AppDefined in PROJ: internal_proj_create_from_name: /opt/anaconda3/share/proj/proj.db contains DATABASE.LAYOUT.VERSION.MINOR = 2 whereas a number >= 6 is expected. It comes from another PROJ installation.
2026-09-07 02:26:38,517 WARNING CPLE_AppDefined in PROJ: internal_proj_create_from_database: /opt/anaconda3/share/proj/proj.db contains DATABASE.LAYOUT.VERSION.MINOR = 2 whereas a number >= 6 is expected. It comes from another PROJ installation.
2026-09-07 02:26:38,517 WARNING CPLE_AppDefined in PROJ: internal_proj_create_from_name: /opt/anaconda3/share/proj/proj.db contains DATABASE.LAYOUT.VERSION.MINOR = 2 whereas a number >= 6 is expected. It comes from another PROJ installation.
2026-09-07 02:26:38,546 WARNING CPLE_AppDefined in PROJ: internal_proj_create_from_database: /opt/anaconda3/share/proj/proj.db contains DATABASE.LAYOUT.VERSION.MINOR = 2 whereas a number >= 6 is expected. It comes from another PROJ installation.
2026-09-07 02:26:38,546 WARNING CPLE_AppDefined in PROJ: internal_proj_create_from_name: /opt/anaconda3/share/proj/proj.db contains DATABASE.LAYOUT.VERSION.MINOR = 2 whereas a number >= 6 is expected. It comes from another PROJ installation.
2026-09-07 02:26:38,574 WARNING CPLE_AppDefined in PROJ: internal_proj_create_from_database: /opt/anaconda3/share/proj/proj.db contains DATABASE.LAYOUT.VERSION.MINOR = 2 whereas a number >= 6 is expected. It comes from another PROJ installation.
2026-09-07 02:26:38,574 WARNING CPLE_AppDefined in PROJ: internal_proj_create_from_name: /opt/anaconda3/share/proj/proj.db contains DATABASE.LAYOUT.VERSION.MINOR = 2 whereas a number >= 6 is expected. It comes from another PROJ installation.
2026-09-07 02:26:38,602 WARNING CPLE_AppDefined in PROJ: internal_proj_create_from_database: /opt/anaconda3/share/proj/proj.db contains DATABASE.LAYOUT.VERSION.MINOR = 2 whereas a number >= 6 is expected. It comes from another PROJ installation.
2026-09-07 02:26:38,603 WARNING CPLE_AppDefined in PROJ: internal_proj_create_from_name: /opt/anaconda3/share/proj/proj.db contains DATABASE.LAYOUT.VERSION.MINOR = 2 whereas a number >= 6 is expected. It comes from another PROJ installation.
2026-09-07 02:26:38,631 WARNING CPLE_AppDefined in PROJ: internal_proj_create_from_database: /opt/anaconda3/share/proj/proj.db contains DATABASE.LAYOUT.VERSION.MINOR = 2 whereas a number >= 6 is expected. It comes from another PROJ installation.
2026-09-07 02:26:38,631 WARNING CPLE_AppDefined in PROJ: internal_proj_create_from_name: /opt/anaconda3/share/proj/proj.db contains DATABASE.LAYOUT.VERSION.MINOR = 2 whereas a number >= 6 is expected. It comes from another PROJ installation.
2026-09-07 02:26:38,659 WARNING CPLE_AppDefined in PROJ: internal_proj_create_from_database: /opt/anaconda3/share/proj/proj.db contains DATABASE.LAYOUT.VERSION.MINOR = 2 whereas a number >= 6 is expected. It comes from another PROJ installation.
2026-09-07 02:26:38,659 WARNING CPLE_AppDefined in PROJ: internal_proj_create_from_name: /opt/anaconda3/share/proj/proj.db contains DATABASE.LAYOUT.VERSION.MINOR = 2 whereas a number >= 6 is expected. It comes from another PROJ installation.
2026-09-07 02:26:38,689 WARNING CPLE_AppDefined in PROJ: internal_proj_create_from_database: /opt/anaconda3/share/proj/proj.db contains DATABASE.LAYOUT.VERSION.MINOR = 2 whereas a number >= 6 is expected. It comes from another PROJ installation.
2026-09-07 02:26:38,689 WARNING CPLE_AppDefined in PROJ: internal_proj_create_from_name: /opt/anaconda3/share/proj/proj.db contains DATABASE.LAYOUT.VERSION.MINOR = 2 whereas a number >= 6 is expected. It comes from another PROJ installation.
2026-09-07 02:26:38,718 WARNING CPLE_AppDefined in PROJ: internal_proj_create_from_database: /opt/anaconda3/share/proj/proj.db contains DATABASE.LAYOUT.VERSION.MINOR = 2 whereas a number >= 6 is expected. It comes from another PROJ installation.
2026-09-07 02:26:38,718 WARNING CPLE_AppDefined in PROJ: internal_proj_create_from_name: /opt/anaconda3/share/proj/proj.db contains DATABASE.LAYOUT.VERSION.MINOR = 2 whereas a number >= 6 is expected. It comes from another PROJ installation.
2026-09-07 02:26:38,746 WARNING CPLE_AppDefined in PROJ: internal_proj_create_from_database: /opt/anaconda3/share/proj/proj.db contains DATABASE.LAYOUT.VERSION.MINOR = 2 whereas a number >= 6 is expected. It comes from another PROJ installation.
2026-09-07 02:26:38,746 WARNING CPLE_AppDefined in PROJ: internal_proj_create_from_name: /opt/anaconda3/share/proj/proj.db contains DATABASE.LAYOUT.VERSION.MINOR = 2 whereas a number >= 6 is expected. It comes from another PROJ installation.
2026-09-07 02:26:38,775 WARNING CPLE_AppDefined in PROJ: internal_proj_create_from_database: /opt/anaconda3/share/proj/proj.db contains DATABASE.LAYOUT.VERSION.MINOR = 2 whereas a number >= 6 is expected. It comes from another PROJ installation.
2026-09-07 02:26:38,775 WARNING CPLE_AppDefined in PROJ: internal_proj_create_from_name: /opt/anaconda3/share/proj/proj.db contains DATABASE.LAYOUT.VERSION.MINOR = 2 whereas a number >= 6 is expected. It comes from another PROJ installation.
2026-09-07 02:26:38,803 WARNING CPLE_AppDefined in PROJ: internal_proj_create_from_database: /opt/anaconda3/share/proj/proj.db contains DATABASE.LAYOUT.VERSION.MINOR = 2 whereas a number >= 6 is expected. It comes from another PROJ installation.
2026-09-07 02:26:38,803 WARNING CPLE_AppDefined in PROJ: internal_proj_create_from_name: /opt/anaconda3/share/proj/proj.db contains DATABASE.LAYOUT.VERSION.MINOR = 2 whereas a number >= 6 is expected. It comes from another PROJ installation.
2026-09-07 02:26:38,832 WARNING CPLE_AppDefined in PROJ: internal_proj_create_from_database: /opt/anaconda3/share/proj/proj.db contains DATABASE.LAYOUT.VERSION.MINOR = 2 whereas a number >= 6 is expected. It comes from another PROJ installation.
2026-09-07 02:26:38,832 WARNING CPLE_AppDefined in PROJ: internal_proj_create_from_name: /opt/anaconda3/share/proj/proj.db contains DATABASE.LAYOUT.VERSION.MINOR = 2 whereas a number >= 6 is expected. It comes from another PROJ installation.
2026-09-07 02:26:38,861 WARNING CPLE_AppDefined in PROJ: internal_proj_create_from_database: /opt/anaconda3/share/proj/proj.db contains DATABASE.LAYOUT.VERSION.MINOR = 2 whereas a number >= 6 is expected. It comes from another PROJ installation.
2026-09-07 02:26:38,861 WARNING CPLE_AppDefined in PROJ: internal_proj_create_from_name: /opt/anaconda3/share/proj/proj.db contains DATABASE.LAYOUT.VERSION.MINOR = 2 whereas a number >= 6 is expected. It comes from another PROJ installation.
2026-09-07 02:26:38,890 WARNING CPLE_AppDefined in PROJ: internal_proj_create_from_database: /opt/anaconda3/share/proj/proj.db contains DATABASE.LAYOUT.VERSION.MINOR = 2 whereas a number >= 6 is expected. It comes from another PROJ installation.
2026-09-07 02:26:38,890 WARNING CPLE_AppDefined in PROJ: internal_proj_create_from_name: /opt/anaconda3/share/proj/proj.db contains DATABASE.LAYOUT.VERSION.MINOR = 2 whereas a number >= 6 is expected. It comes from another PROJ installation.
2026-09-07 02:26:38,919 WARNING CPLE_AppDefined in PROJ: internal_proj_create_from_database: /opt/anaconda3/share/proj/proj.db contains DATABASE.LAYOUT.VERSION.MINOR = 2 whereas a number >= 6 is expected. It comes from another PROJ installation.
2026-09-07 02:26:38,919 WARNING CPLE_AppDefined in PROJ: internal_proj_create_from_name: /opt/anaconda3/share/proj/proj.db contains DATABASE.LAYOUT.VERSION.MINOR = 2 whereas a number >= 6 is expected. It comes from another PROJ installation.
2026-09-07 02:26:38,947 WARNING CPLE_AppDefined in PROJ: internal_proj_create_from_database: /opt/anaconda3/share/proj/proj.db contains DATABASE.LAYOUT.VERSION.MINOR = 2 whereas a number >= 6 is expected. It comes from another PROJ installation.
2026-09-07 02:26:38,947 WARNING CPLE_AppDefined in PROJ: internal_proj_create_from_name: /opt/anaconda3/share/proj/proj.db contains DATABASE.LAYOUT.VERSION.MINOR = 2 whereas a number >= 6 is expected. It comes from another PROJ installation.
2026-09-07 02:26:38,976 WARNING CPLE_AppDefined in PROJ: internal_proj_create_from_database: /opt/anaconda3/share/proj/proj.db contains DATABASE.LAYOUT.VERSION.MINOR = 2 whereas a number >= 6 is expected. It comes from another PROJ installation.
2026-09-07 02:26:38,976 WARNING CPLE_AppDefined in PROJ: internal_proj_create_from_name: /opt/anaconda3/share/proj/proj.db contains DATABASE.LAYOUT.VERSION.MINOR = 2 whereas a number >= 6 is expected. It comes from another PROJ installation.
2026-09-07 02:26:39,005 WARNING CPLE_AppDefined in PROJ: internal_proj_create_from_database: /opt/anaconda3/share/proj/proj.db contains DATABASE.LAYOUT.VERSION.MINOR = 2 whereas a number >= 6 is expected. It comes from another PROJ installation.
2026-09-07 02:26:39,005 WARNING CPLE_AppDefined in PROJ: internal_proj_create_from_name: /opt/anaconda3/share/proj/proj.db contains DATABASE.LAYOUT.VERSION.MINOR = 2 whereas a number >= 6 is expected. It comes from another PROJ installation.
2026-09-07 02:26:39,034 WARNING CPLE_AppDefined in PROJ: internal_proj_create_from_database: /opt/anaconda3/share/proj/proj.db contains DATABASE.LAYOUT.VERSION.MINOR = 2 whereas a number >= 6 is expected. It comes from another PROJ installation.
2026-09-07 02:26:39,034 WARNING CPLE_AppDefined in PROJ: internal_proj_create_from_name: /opt/anaconda3/share/proj/proj.db contains DATABASE.LAYOUT.VERSION.MINOR = 2 whereas a number >= 6 is expected. It comes from another PROJ installation.
2026-09-07 02:26:39,062 WARNING CPLE_AppDefined in PROJ: internal_proj_create_from_database: /opt/anaconda3/share/proj/proj.db contains DATABASE.LAYOUT.VERSION.MINOR = 2 whereas a number >= 6 is expected. It comes from another PROJ installation.
2026-09-07 02:26:39,062 WARNING CPLE_AppDefined in PROJ: internal_proj_create_from_name: /opt/anaconda3/share/proj/proj.db contains DATABASE.LAYOUT.VERSION.MINOR = 2 whereas a number >= 6 is expected. It comes from another PROJ installation.
2026-09-07 02:26:39,090 WARNING CPLE_AppDefined in PROJ: internal_proj_create_from_database: /opt/anaconda3/share/proj/proj.db contains DATABASE.LAYOUT.VERSION.MINOR = 2 whereas a number >= 6 is expected. It comes from another PROJ installation.
2026-09-07 02:26:39,090 WARNING CPLE_AppDefined in PROJ: internal_proj_create_from_name: /opt/anaconda3/share/proj/proj.db contains DATABASE.LAYOUT.VERSION.MINOR = 2 whereas a number >= 6 is expected. It comes from another PROJ installation.
2026-09-07 02:26:39,119 WARNING CPLE_AppDefined in PROJ: internal_proj_create_from_database: /opt/anaconda3/share/proj/proj.db contains DATABASE.LAYOUT.VERSION.MINOR = 2 whereas a number >= 6 is expected. It comes from another PROJ installation.
2026-09-07 02:26:39,119 WARNING CPLE_AppDefined in PROJ: internal_proj_create_from_name: /opt/anaconda3/share/proj/proj.db contains DATABASE.LAYOUT.VERSION.MINOR = 2 whereas a number >= 6 is expected. It comes from another PROJ installation.
2026-09-07 02:26:39,147 WARNING CPLE_AppDefined in PROJ: internal_proj_create_from_database: /opt/anaconda3/share/proj/proj.db contains DATABASE.LAYOUT.VERSION.MINOR = 2 whereas a number >= 6 is expected. It comes from another PROJ installation.
2026-09-07 02:26:39,147 WARNING CPLE_AppDefined in PROJ: internal_proj_create_from_name: /opt/anaconda3/share/proj/proj.db contains DATABASE.LAYOUT.VERSION.MINOR = 2 whereas a number >= 6 is expected. It comes from another PROJ installation.
2026-09-07 02:26:39,175 WARNING CPLE_AppDefined in PROJ: internal_proj_create_from_database: /opt/anaconda3/share/proj/proj.db contains DATABASE.LAYOUT.VERSION.MINOR = 2 whereas a number >= 6 is expected. It comes from another PROJ installation.
2026-09-07 02:26:39,175 WARNING CPLE_AppDefined in PROJ: internal_proj_create_from_name: /opt/anaconda3/share/proj/proj.db contains DATABASE.LAYOUT.VERSION.MINOR = 2 whereas a number >= 6 is expected. It comes from another PROJ installation.
2026-09-07 02:26:39,204 WARNING CPLE_AppDefined in PROJ: internal_proj_create_from_database: /opt/anaconda3/share/proj/proj.db contains DATABASE.LAYOUT.VERSION.MINOR = 2 whereas a number >= 6 is expected. It comes from another PROJ installation.
2026-09-07 02:26:39,204 WARNING CPLE_AppDefined in PROJ: internal_proj_create_from_name: /opt/anaconda3/share/proj/proj.db contains DATABASE.LAYOUT.VERSION.MINOR = 2 whereas a number >= 6 is expected. It comes from another PROJ installation.
2026-09-07 02:26:39,232 WARNING CPLE_AppDefined in PROJ: internal_proj_create_from_database: /opt/anaconda3/share/proj/proj.db contains DATABASE.LAYOUT.VERSION.MINOR = 2 whereas a number >= 6 is expected. It comes from another PROJ installation.
2026-09-07 02:26:39,232 WARNING CPLE_AppDefined in PROJ: internal_proj_create_from_name: /opt/anaconda3/share/proj/proj.db contains DATABASE.LAYOUT.VERSION.MINOR = 2 whereas a number >= 6 is expected. It comes from another PROJ installation.
2026-09-07 02:26:39,260 WARNING CPLE_AppDefined in PROJ: internal_proj_create_from_database: /opt/anaconda3/share/proj/proj.db contains DATABASE.LAYOUT.VERSION.MINOR = 2 whereas a number >= 6 is expected. It comes from another PROJ installation.
2026-09-07 02:26:39,260 WARNING CPLE_AppDefined in PROJ: internal_proj_create_from_name: /opt/anaconda3/share/proj/proj.db contains DATABASE.LAYOUT.VERSION.MINOR = 2 whereas a number >= 6 is expected. It comes from another PROJ installation.
2026-09-07 02:26:39,289 WARNING CPLE_AppDefined in PROJ: internal_proj_create_from_database: /opt/anaconda3/share/proj/proj.db contains DATABASE.LAYOUT.VERSION.MINOR = 2 whereas a number >= 6 is expected. It comes from another PROJ installation.
2026-09-07 02:26:39,289 WARNING CPLE_AppDefined in PROJ: internal_proj_create_from_name: /opt/anaconda3/share/proj/proj.db contains DATABASE.LAYOUT.VERSION.MINOR = 2 whereas a number >= 6 is expected. It comes from another PROJ installation.
2026-09-07 02:26:39,316 WARNING CPLE_AppDefined in PROJ: internal_proj_create_from_database: /opt/anaconda3/share/proj/proj.db contains DATABASE.LAYOUT.VERSION.MINOR = 2 whereas a number >= 6 is expected. It comes from another PROJ installation.
2026-09-07 02:26:39,317 WARNING CPLE_AppDefined in PROJ: internal_proj_create_from_name: /opt/anaconda3/share/proj/proj.db contains DATABASE.LAYOUT.VERSION.MINOR = 2 whereas a number >= 6 is expected. It comes from another PROJ installation.
2026-09-07 02:26:39,345 WARNING CPLE_AppDefined in PROJ: internal_proj_create_from_database: /opt/anaconda3/share/proj/proj.db contains DATABASE.LAYOUT.VERSION.MINOR = 2 whereas a number >= 6 is expected. It comes from another PROJ installation.
2026-09-07 02:26:39,345 WARNING CPLE_AppDefined in PROJ: internal_proj_create_from_name: /opt/anaconda3/share/proj/proj.db contains DATABASE.LAYOUT.VERSION.MINOR = 2 whereas a number >= 6 is expected. It comes from another PROJ installation.
2026-09-07 02:26:39,373 WARNING CPLE_AppDefined in PROJ: internal_proj_create_from_database: /opt/anaconda3/share/proj/proj.db contains DATABASE.LAYOUT.VERSION.MINOR = 2 whereas a number >= 6 is expected. It comes from another PROJ installation.
2026-09-07 02:26:39,373 WARNING CPLE_AppDefined in PROJ: internal_proj_create_from_name: /opt/anaconda3/share/proj/proj.db contains DATABASE.LAYOUT.VERSION.MINOR = 2 whereas a number >= 6 is expected. It comes from another PROJ installation.
2026-09-07 02:26:39,401 WARNING CPLE_AppDefined in PROJ: internal_proj_create_from_database: /opt/anaconda3/share/proj/proj.db contains DATABASE.LAYOUT.VERSION.MINOR = 2 whereas a number >= 6 is expected. It comes from another PROJ installation.
2026-09-07 02:26:39,401 WARNING CPLE_AppDefined in PROJ: internal_proj_create_from_name: /opt/anaconda3/share/proj/proj.db contains DATABASE.LAYOUT.VERSION.MINOR = 2 whereas a number >= 6 is expected. It comes from another PROJ installation.
2026-09-07 02:26:39,429 WARNING CPLE_AppDefined in PROJ: internal_proj_create_from_database: /opt/anaconda3/share/proj/proj.db contains DATABASE.LAYOUT.VERSION.MINOR = 2 whereas a number >= 6 is expected. It comes from another PROJ installation.
2026-09-07 02:26:39,429 WARNING CPLE_AppDefined in PROJ: internal_proj_create_from_name: /opt/anaconda3/share/proj/proj.db contains DATABASE.LAYOUT.VERSION.MINOR = 2 whereas a number >= 6 is expected. It comes from another PROJ installation.
2026-09-07 02:26:39,457 WARNING CPLE_AppDefined in PROJ: internal_proj_create_from_database: /opt/anaconda3/share/proj/proj.db contains DATABASE.LAYOUT.VERSION.MINOR = 2 whereas a number >= 6 is expected. It comes from another PROJ installation.
2026-09-07 02:26:39,457 WARNING CPLE_AppDefined in PROJ: internal_proj_create_from_name: /opt/anaconda3/share/proj/proj.db contains DATABASE.LAYOUT.VERSION.MINOR = 2 whereas a number >= 6 is expected. It comes from another PROJ installation.
2026-09-07 02:26:39,485 WARNING CPLE_AppDefined in PROJ: internal_proj_create_from_database: /opt/anaconda3/share/proj/proj.db contains DATABASE.LAYOUT.VERSION.MINOR = 2 whereas a number >= 6 is expected. It comes from another PROJ installation.
2026-09-07 02:26:39,485 WARNING CPLE_AppDefined in PROJ: internal_proj_create_from_name: /opt/anaconda3/share/proj/proj.db contains DATABASE.LAYOUT.VERSION.MINOR = 2 whereas a number >= 6 is expected. It comes from another PROJ installation.
2026-09-07 02:26:39,513 WARNING CPLE_AppDefined in PROJ: internal_proj_create_from_database: /opt/anaconda3/share/proj/proj.db contains DATABASE.LAYOUT.VERSION.MINOR = 2 whereas a number >= 6 is expected. It comes from another PROJ installation.
2026-09-07 02:26:39,513 WARNING CPLE_AppDefined in PROJ: internal_proj_create_from_name: /opt/anaconda3/share/proj/proj.db contains DATABASE.LAYOUT.VERSION.MINOR = 2 whereas a number >= 6 is expected. It comes from another PROJ installation.
2026-09-07 02:26:39,541 WARNING CPLE_AppDefined in PROJ: internal_proj_create_from_database: /opt/anaconda3/share/proj/proj.db contains DATABASE.LAYOUT.VERSION.MINOR = 2 whereas a number >= 6 is expected. It comes from another PROJ installation.
2026-09-07 02:26:39,541 WARNING CPLE_AppDefined in PROJ: internal_proj_create_from_name: /opt/anaconda3/share/proj/proj.db contains DATABASE.LAYOUT.VERSION.MINOR = 2 whereas a number >= 6 is expected. It comes from another PROJ installation.
2026-09-07 02:26:39,570 WARNING CPLE_AppDefined in PROJ: internal_proj_create_from_database: /opt/anaconda3/share/proj/proj.db contains DATABASE.LAYOUT.VERSION.MINOR = 2 whereas a number >= 6 is expected. It comes from another PROJ installation.
2026-09-07 02:26:39,570 WARNING CPLE_AppDefined in PROJ: internal_proj_create_from_name: /opt/anaconda3/share/proj/proj.db contains DATABASE.LAYOUT.VERSION.MINOR = 2 whereas a number >= 6 is expected. It comes from another PROJ installation.
2026-09-07 02:26:39,598 WARNING CPLE_AppDefined in PROJ: internal_proj_create_from_database: /opt/anaconda3/share/proj/proj.db contains DATABASE.LAYOUT.VERSION.MINOR = 2 whereas a number >= 6 is expected. It comes from another PROJ installation.
2026-09-07 02:26:39,598 WARNING CPLE_AppDefined in PROJ: internal_proj_create_from_name: /opt/anaconda3/share/proj/proj.db contains DATABASE.LAYOUT.VERSION.MINOR = 2 whereas a number >= 6 is expected. It comes from another PROJ installation.
2026-09-07 02:26:39,627 WARNING CPLE_AppDefined in PROJ: internal_proj_create_from_database: /opt/anaconda3/share/proj/proj.db contains DATABASE.LAYOUT.VERSION.MINOR = 2 whereas a number >= 6 is expected. It comes from another PROJ installation.
2026-09-07 02:26:39,627 WARNING CPLE_AppDefined in PROJ: internal_proj_create_from_name: /opt/anaconda3/share/proj/proj.db contains DATABASE.LAYOUT.VERSION.MINOR = 2 whereas a number >= 6 is expected. It comes from another PROJ installation.
2026-09-07 02:26:39,655 WARNING CPLE_AppDefined in PROJ: internal_proj_create_from_database: /opt/anaconda3/share/proj/proj.db contains DATABASE.LAYOUT.VERSION.MINOR = 2 whereas a number >= 6 is expected. It comes from another PROJ installation.
2026-09-07 02:26:39,655 WARNING CPLE_AppDefined in PROJ: internal_proj_create_from_name: /opt/anaconda3/share/proj/proj.db contains DATABASE.LAYOUT.VERSION.MINOR = 2 whereas a number >= 6 is expected. It comes from another PROJ installation.
2026-09-07 02:26:39,685 WARNING CPLE_AppDefined in PROJ: internal_proj_create_from_database: /opt/anaconda3/share/proj/proj.db contains DATABASE.LAYOUT.VERSION.MINOR = 2 whereas a number >= 6 is expected. It comes from another PROJ installation.
2026-09-07 02:26:39,685 WARNING CPLE_AppDefined in PROJ: internal_proj_create_from_name: /opt/anaconda3/share/proj/proj.db contains DATABASE.LAYOUT.VERSION.MINOR = 2 whereas a number >= 6 is expected. It comes from another PROJ installation.
2026-09-07 02:26:39,712 WARNING CPLE_AppDefined in PROJ: internal_proj_create_from_database: /opt/anaconda3/share/proj/proj.db contains DATABASE.LAYOUT.VERSION.MINOR = 2 whereas a number >= 6 is expected. It comes from another PROJ installation.
2026-09-07 02:26:39,712 WARNING CPLE_AppDefined in PROJ: internal_proj_create_from_name: /opt/anaconda3/share/proj/proj.db contains DATABASE.LAYOUT.VERSION.MINOR = 2 whereas a number >= 6 is expected. It comes from another PROJ installation.
2026-09-07 02:26:39,739 WARNING CPLE_AppDefined in PROJ: internal_proj_create_from_database: /opt/anaconda3/share/proj/proj.db contains DATABASE.LAYOUT.VERSION.MINOR = 2 whereas a number >= 6 is expected. It comes from another PROJ installation.
2026-09-07 02:26:39,739 WARNING CPLE_AppDefined in PROJ: internal_proj_create_from_name: /opt/anaconda3/share/proj/proj.db contains DATABASE.LAYOUT.VERSION.MINOR = 2 whereas a number >= 6 is expected. It comes from another PROJ installation.
2026-09-07 02:26:39,767 WARNING CPLE_AppDefined in PROJ: internal_proj_create_from_database: /opt/anaconda3/share/proj/proj.db contains DATABASE.LAYOUT.VERSION.MINOR = 2 whereas a number >= 6 is expected. It comes from another PROJ installation.
2026-09-07 02:26:39,767 WARNING CPLE_AppDefined in PROJ: internal_proj_create_from_name: /opt/anaconda3/share/proj/proj.db contains DATABASE.LAYOUT.VERSION.MINOR = 2 whereas a number >= 6 is expected. It comes from another PROJ installation.
2026-09-07 02:26:39,783 INFO Saved /Users/helloworld/Desktop/SIH/SIH2026/data/regions/uttar_pradesh/satellite/chirps_uttar_pradesh_2013.nc (0.4 MB)
2026-09-07 02:26:39,807 ERROR ERA5 2013: HTTPSConnectionPool(host='archive-api.open-meteo.com', port=443): Max retries exceeded with url: /v1/archive?latitude=23.5&longitude=77.0&start_date=2013-06-01&end_date=2013-09-30&hourly=precipitation&timezone=UTC (Caused by NameResolutionError("<urllib3.connection.HTTPSConnection object at 0x16934d1d0>: Failed to resolve 'archive-api.open-meteo.com' ([Errno 8] nodename nor servname provided, or not known)"))
2026-09-07 02:26:39,824 ERROR MERRA-2 2013: HTTPSConnectionPool(host='power.larc.nasa.gov', port=443): Max retries exceeded with url: /api/temporal/hourly/point?parameters=PRECTOTCORR&community=AG&longitude=77.0&latitude=23.5&start=20130601&end=20130930&format=JSON (Caused by NameResolutionError("<urllib3.connection.HTTPSConnection object at 0x16934da90>: Failed to resolve 'power.larc.nasa.gov' ([Errno 8] nodename nor servname provided, or not known)"))
2026-09-07 02:28:03,483 INFO Building CHIRPS NetCDF for 2014 (122 days)...
2026-09-07 02:28:03,539 WARNING CPLE_AppDefined in PROJ: internal_proj_create_from_database: /opt/anaconda3/share/proj/proj.db contains DATABASE.LAYOUT.VERSION.MINOR = 2 whereas a number >= 6 is expected. It comes from another PROJ installation.
2026-09-07 02:28:03,540 WARNING CPLE_AppDefined in PROJ: internal_proj_create_from_name: /opt/anaconda3/share/proj/proj.db contains DATABASE.LAYOUT.VERSION.MINOR = 2 whereas a number >= 6 is expected. It comes from another PROJ installation.
2026-09-07 02:28:03,577 WARNING CPLE_AppDefined in PROJ: internal_proj_create_from_database: /opt/anaconda3/share/proj/proj.db contains DATABASE.LAYOUT.VERSION.MINOR = 2 whereas a number >= 6 is expected. It comes from another PROJ installation.
2026-09-07 02:28:03,577 WARNING CPLE_AppDefined in PROJ: internal_proj_create_from_name: /opt/anaconda3/share/proj/proj.db contains DATABASE.LAYOUT.VERSION.MINOR = 2 whereas a number >= 6 is expected. It comes from another PROJ installation.
2026-09-07 02:28:03,607 WARNING CPLE_AppDefined in PROJ: internal_proj_create_from_database: /opt/anaconda3/share/proj/proj.db contains DATABASE.LAYOUT.VERSION.MINOR = 2 whereas a number >= 6 is expected. It comes from another PROJ installation.
2026-09-07 02:28:03,607 WARNING CPLE_AppDefined in PROJ: internal_proj_create_from_name: /opt/anaconda3/share/proj/proj.db contains DATABASE.LAYOUT.VERSION.MINOR = 2 whereas a number >= 6 is expected. It comes from another PROJ installation.
2026-09-07 02:28:03,635 WARNING CPLE_AppDefined in PROJ: internal_proj_create_from_database: /opt/anaconda3/share/proj/proj.db contains DATABASE.LAYOUT.VERSION.MINOR = 2 whereas a number >= 6 is expected. It comes from another PROJ installation.
2026-09-07 02:28:03,635 WARNING CPLE_AppDefined in PROJ: internal_proj_create_from_name: /opt/anaconda3/share/proj/proj.db contains DATABASE.LAYOUT.VERSION.MINOR = 2 whereas a number >= 6 is expected. It comes from another PROJ installation.
2026-09-07 02:28:03,664 WARNING CPLE_AppDefined in PROJ: internal_proj_create_from_database: /opt/anaconda3/share/proj/proj.db contains DATABASE.LAYOUT.VERSION.MINOR = 2 whereas a number >= 6 is expected. It comes from another PROJ installation.
2026-09-07 02:28:03,664 WARNING CPLE_AppDefined in PROJ: internal_proj_create_from_name: /opt/anaconda3/share/proj/proj.db contains DATABASE.LAYOUT.VERSION.MINOR = 2 whereas a number >= 6 is expected. It comes from another PROJ installation.
2026-09-07 02:28:03,692 WARNING CPLE_AppDefined in PROJ: internal_proj_create_from_database: /opt/anaconda3/share/proj/proj.db contains DATABASE.LAYOUT.VERSION.MINOR = 2 whereas a number >= 6 is expected. It comes from another PROJ installation.
2026-09-07 02:28:03,692 WARNING CPLE_AppDefined in PROJ: internal_proj_create_from_name: /opt/anaconda3/share/proj/proj.db contains DATABASE.LAYOUT.VERSION.MINOR = 2 whereas a number >= 6 is expected. It comes from another PROJ installation.
2026-09-07 02:28:03,721 WARNING CPLE_AppDefined in PROJ: internal_proj_create_from_database: /opt/anaconda3/share/proj/proj.db contains DATABASE.LAYOUT.VERSION.MINOR = 2 whereas a number >= 6 is expected. It comes from another PROJ installation.
2026-09-07 02:28:03,721 WARNING CPLE_AppDefined in PROJ: internal_proj_create_from_name: /opt/anaconda3/share/proj/proj.db contains DATABASE.LAYOUT.VERSION.MINOR = 2 whereas a number >= 6 is expected. It comes from another PROJ installation.
2026-09-07 02:28:03,749 WARNING CPLE_AppDefined in PROJ: internal_proj_create_from_database: /opt/anaconda3/share/proj/proj.db contains DATABASE.LAYOUT.VERSION.MINOR = 2 whereas a number >= 6 is expected. It comes from another PROJ installation.
2026-09-07 02:28:03,749 WARNING CPLE_AppDefined in PROJ: internal_proj_create_from_name: /opt/anaconda3/share/proj/proj.db contains DATABASE.LAYOUT.VERSION.MINOR = 2 whereas a number >= 6 is expected. It comes from another PROJ installation.
2026-09-07 02:28:03,778 WARNING CPLE_AppDefined in PROJ: internal_proj_create_from_database: /opt/anaconda3/share/proj/proj.db contains DATABASE.LAYOUT.VERSION.MINOR = 2 whereas a number >= 6 is expected. It comes from another PROJ installation.
2026-09-07 02:28:03,778 WARNING CPLE_AppDefined in PROJ: internal_proj_create_from_name: /opt/anaconda3/share/proj/proj.db contains DATABASE.LAYOUT.VERSION.MINOR = 2 whereas a number >= 6 is expected. It comes from another PROJ installation.
2026-09-07 02:28:03,806 WARNING CPLE_AppDefined in PROJ: internal_proj_create_from_database: /opt/anaconda3/share/proj/proj.db contains DATABASE.LAYOUT.VERSION.MINOR = 2 whereas a number >= 6 is expected. It comes from another PROJ installation.
2026-09-07 02:28:03,806 WARNING CPLE_AppDefined in PROJ: internal_proj_create_from_name: /opt/anaconda3/share/proj/proj.db contains DATABASE.LAYOUT.VERSION.MINOR = 2 whereas a number >= 6 is expected. It comes from another PROJ installation.
2026-09-07 02:28:03,835 WARNING CPLE_AppDefined in PROJ: internal_proj_create_from_database: /opt/anaconda3/share/proj/proj.db contains DATABASE.LAYOUT.VERSION.MINOR = 2 whereas a number >= 6 is expected. It comes from another PROJ installation.
2026-09-07 02:28:03,835 WARNING CPLE_AppDefined in PROJ: internal_proj_create_from_name: /opt/anaconda3/share/proj/proj.db contains DATABASE.LAYOUT.VERSION.MINOR = 2 whereas a number >= 6 is expected. It comes from another PROJ installation.
2026-09-07 02:28:03,864 WARNING CPLE_AppDefined in PROJ: internal_proj_create_from_database: /opt/anaconda3/share/proj/proj.db contains DATABASE.LAYOUT.VERSION.MINOR = 2 whereas a number >= 6 is expected. It comes from another PROJ installation.
2026-09-07 02:28:03,864 WARNING CPLE_AppDefined in PROJ: internal_proj_create_from_name: /opt/anaconda3/share/proj/proj.db contains DATABASE.LAYOUT.VERSION.MINOR = 2 whereas a number >= 6 is expected. It comes from another PROJ installation.
2026-09-07 02:28:03,892 WARNING CPLE_AppDefined in PROJ: internal_proj_create_from_database: /opt/anaconda3/share/proj/proj.db contains DATABASE.LAYOUT.VERSION.MINOR = 2 whereas a number >= 6 is expected. It comes from another PROJ installation.
2026-09-07 02:28:03,892 WARNING CPLE_AppDefined in PROJ: internal_proj_create_from_name: /opt/anaconda3/share/proj/proj.db contains DATABASE.LAYOUT.VERSION.MINOR = 2 whereas a number >= 6 is expected. It comes from another PROJ installation.
2026-09-07 02:28:03,921 WARNING CPLE_AppDefined in PROJ: internal_proj_create_from_database: /opt/anaconda3/share/proj/proj.db contains DATABASE.LAYOUT.VERSION.MINOR = 2 whereas a number >= 6 is expected. It comes from another PROJ installation.
2026-09-07 02:28:03,921 WARNING CPLE_AppDefined in PROJ: internal_proj_create_from_name: /opt/anaconda3/share/proj/proj.db contains DATABASE.LAYOUT.VERSION.MINOR = 2 whereas a number >= 6 is expected. It comes from another PROJ installation.
2026-09-07 02:28:03,950 WARNING CPLE_AppDefined in PROJ: internal_proj_create_from_database: /opt/anaconda3/share/proj/proj.db contains DATABASE.LAYOUT.VERSION.MINOR = 2 whereas a number >= 6 is expected. It comes from another PROJ installation.
2026-09-07 02:28:03,950 WARNING CPLE_AppDefined in PROJ: internal_proj_create_from_name: /opt/anaconda3/share/proj/proj.db contains DATABASE.LAYOUT.VERSION.MINOR = 2 whereas a number >= 6 is expected. It comes from another PROJ installation.
2026-09-07 02:28:03,978 WARNING CPLE_AppDefined in PROJ: internal_proj_create_from_database: /opt/anaconda3/share/proj/proj.db contains DATABASE.LAYOUT.VERSION.MINOR = 2 whereas a number >= 6 is expected. It comes from another PROJ installation.
2026-09-07 02:28:03,978 WARNING CPLE_AppDefined in PROJ: internal_proj_create_from_name: /opt/anaconda3/share/proj/proj.db contains DATABASE.LAYOUT.VERSION.MINOR = 2 whereas a number >= 6 is expected. It comes from another PROJ installation.
2026-09-07 02:28:04,007 WARNING CPLE_AppDefined in PROJ: internal_proj_create_from_database: /opt/anaconda3/share/proj/proj.db contains DATABASE.LAYOUT.VERSION.MINOR = 2 whereas a number >= 6 is expected. It comes from another PROJ installation.
2026-09-07 02:28:04,007 WARNING CPLE_AppDefined in PROJ: internal_proj_create_from_name: /opt/anaconda3/share/proj/proj.db contains DATABASE.LAYOUT.VERSION.MINOR = 2 whereas a number >= 6 is expected. It comes from another PROJ installation.
2026-09-07 02:28:04,036 WARNING CPLE_AppDefined in PROJ: internal_proj_create_from_database: /opt/anaconda3/share/proj/proj.db contains DATABASE.LAYOUT.VERSION.MINOR = 2 whereas a number >= 6 is expected. It comes from another PROJ installation.
2026-09-07 02:28:04,036 WARNING CPLE_AppDefined in PROJ: internal_proj_create_from_name: /opt/anaconda3/share/proj/proj.db contains DATABASE.LAYOUT.VERSION.MINOR = 2 whereas a number >= 6 is expected. It comes from another PROJ installation.
2026-09-07 02:28:04,064 WARNING CPLE_AppDefined in PROJ: internal_proj_create_from_database: /opt/anaconda3/share/proj/proj.db contains DATABASE.LAYOUT.VERSION.MINOR = 2 whereas a number >= 6 is expected. It comes from another PROJ installation.
2026-09-07 02:28:04,064 WARNING CPLE_AppDefined in PROJ: internal_proj_create_from_name: /opt/anaconda3/share/proj/proj.db contains DATABASE.LAYOUT.VERSION.MINOR = 2 whereas a number >= 6 is expected. It comes from another PROJ installation.
2026-09-07 02:28:04,092 WARNING CPLE_AppDefined in PROJ: internal_proj_create_from_database: /opt/anaconda3/share/proj/proj.db contains DATABASE.LAYOUT.VERSION.MINOR = 2 whereas a number >= 6 is expected. It comes from another PROJ installation.
2026-09-07 02:28:04,092 WARNING CPLE_AppDefined in PROJ: internal_proj_create_from_name: /opt/anaconda3/share/proj/proj.db contains DATABASE.LAYOUT.VERSION.MINOR = 2 whereas a number >= 6 is expected. It comes from another PROJ installation.
2026-09-07 02:28:04,120 WARNING CPLE_AppDefined in PROJ: internal_proj_create_from_database: /opt/anaconda3/share/proj/proj.db contains DATABASE.LAYOUT.VERSION.MINOR = 2 whereas a number >= 6 is expected. It comes from another PROJ installation.
2026-09-07 02:28:04,120 WARNING CPLE_AppDefined in PROJ: internal_proj_create_from_name: /opt/anaconda3/share/proj/proj.db contains DATABASE.LAYOUT.VERSION.MINOR = 2 whereas a number >= 6 is expected. It comes from another PROJ installation.
2026-09-07 02:28:04,149 WARNING CPLE_AppDefined in PROJ: internal_proj_create_from_database: /opt/anaconda3/share/proj/proj.db contains DATABASE.LAYOUT.VERSION.MINOR = 2 whereas a number >= 6 is expected. It comes from another PROJ installation.
2026-09-07 02:28:04,149 WARNING CPLE_AppDefined in PROJ: internal_proj_create_from_name: /opt/anaconda3/share/proj/proj.db contains DATABASE.LAYOUT.VERSION.MINOR = 2 whereas a number >= 6 is expected. It comes from another PROJ installation.
2026-09-07 02:28:04,178 WARNING CPLE_AppDefined in PROJ: internal_proj_create_from_database: /opt/anaconda3/share/proj/proj.db contains DATABASE.LAYOUT.VERSION.MINOR = 2 whereas a number >= 6 is expected. It comes from another PROJ installation.
2026-09-07 02:28:04,178 WARNING CPLE_AppDefined in PROJ: internal_proj_create_from_name: /opt/anaconda3/share/proj/proj.db contains DATABASE.LAYOUT.VERSION.MINOR = 2 whereas a number >= 6 is expected. It comes from another PROJ installation.
2026-09-07 02:28:04,207 WARNING CPLE_AppDefined in PROJ: internal_proj_create_from_database: /opt/anaconda3/share/proj/proj.db contains DATABASE.LAYOUT.VERSION.MINOR = 2 whereas a number >= 6 is expected. It comes from another PROJ installation.
2026-09-07 02:28:04,207 WARNING CPLE_AppDefined in PROJ: internal_proj_create_from_name: /opt/anaconda3/share/proj/proj.db contains DATABASE.LAYOUT.VERSION.MINOR = 2 whereas a number >= 6 is expected. It comes from another PROJ installation.
2026-09-07 02:28:04,236 WARNING CPLE_AppDefined in PROJ: internal_proj_create_from_database: /opt/anaconda3/share/proj/proj.db contains DATABASE.LAYOUT.VERSION.MINOR = 2 whereas a number >= 6 is expected. It comes from another PROJ installation.
2026-09-07 02:28:04,236 WARNING CPLE_AppDefined in PROJ: internal_proj_create_from_name: /opt/anaconda3/share/proj/proj.db contains DATABASE.LAYOUT.VERSION.MINOR = 2 whereas a number >= 6 is expected. It comes from another PROJ installation.
2026-09-07 02:28:04,265 WARNING CPLE_AppDefined in PROJ: internal_proj_create_from_database: /opt/anaconda3/share/proj/proj.db contains DATABASE.LAYOUT.VERSION.MINOR = 2 whereas a number >= 6 is expected. It comes from another PROJ installation.
2026-09-07 02:28:04,265 WARNING CPLE_AppDefined in PROJ: internal_proj_create_from_name: /opt/anaconda3/share/proj/proj.db contains DATABASE.LAYOUT.VERSION.MINOR = 2 whereas a number >= 6 is expected. It comes from another PROJ installation.
2026-09-07 02:28:04,294 WARNING CPLE_AppDefined in PROJ: internal_proj_create_from_database: /opt/anaconda3/share/proj/proj.db contains DATABASE.LAYOUT.VERSION.MINOR = 2 whereas a number >= 6 is expected. It comes from another PROJ installation.
2026-09-07 02:28:04,294 WARNING CPLE_AppDefined in PROJ: internal_proj_create_from_name: /opt/anaconda3/share/proj/proj.db contains DATABASE.LAYOUT.VERSION.MINOR = 2 whereas a number >= 6 is expected. It comes from another PROJ installation.
2026-09-07 02:28:04,321 WARNING CPLE_AppDefined in PROJ: internal_proj_create_from_database: /opt/anaconda3/share/proj/proj.db contains DATABASE.LAYOUT.VERSION.MINOR = 2 whereas a number >= 6 is expected. It comes from another PROJ installation.
2026-09-07 02:28:04,321 WARNING CPLE_AppDefined in PROJ: internal_proj_create_from_name: /opt/anaconda3/share/proj/proj.db contains DATABASE.LAYOUT.VERSION.MINOR = 2 whereas a number >= 6 is expected. It comes from another PROJ installation.
2026-09-07 02:28:04,350 WARNING CPLE_AppDefined in PROJ: internal_proj_create_from_database: /opt/anaconda3/share/proj/proj.db contains DATABASE.LAYOUT.VERSION.MINOR = 2 whereas a number >= 6 is expected. It comes from another PROJ installation.
2026-09-07 02:28:04,350 WARNING CPLE_AppDefined in PROJ: internal_proj_create_from_name: /opt/anaconda3/share/proj/proj.db contains DATABASE.LAYOUT.VERSION.MINOR = 2 whereas a number >= 6 is expected. It comes from another PROJ installation.
2026-09-07 02:28:04,379 WARNING CPLE_AppDefined in PROJ: internal_proj_create_from_database: /opt/anaconda3/share/proj/proj.db contains DATABASE.LAYOUT.VERSION.MINOR = 2 whereas a number >= 6 is expected. It comes from another PROJ installation.
2026-09-07 02:28:04,379 WARNING CPLE_AppDefined in PROJ: internal_proj_create_from_name: /opt/anaconda3/share/proj/proj.db contains DATABASE.LAYOUT.VERSION.MINOR = 2 whereas a number >= 6 is expected. It comes from another PROJ installation.
2026-09-07 02:28:04,407 WARNING CPLE_AppDefined in PROJ: internal_proj_create_from_database: /opt/anaconda3/share/proj/proj.db contains DATABASE.LAYOUT.VERSION.MINOR = 2 whereas a number >= 6 is expected. It comes from another PROJ installation.
2026-09-07 02:28:04,407 WARNING CPLE_AppDefined in PROJ: internal_proj_create_from_name: /opt/anaconda3/share/proj/proj.db contains DATABASE.LAYOUT.VERSION.MINOR = 2 whereas a number >= 6 is expected. It comes from another PROJ installation.
2026-09-07 02:28:04,435 WARNING CPLE_AppDefined in PROJ: internal_proj_create_from_database: /opt/anaconda3/share/proj/proj.db contains DATABASE.LAYOUT.VERSION.MINOR = 2 whereas a number >= 6 is expected. It comes from another PROJ installation.
2026-09-07 02:28:04,435 WARNING CPLE_AppDefined in PROJ: internal_proj_create_from_name: /opt/anaconda3/share/proj/proj.db contains DATABASE.LAYOUT.VERSION.MINOR = 2 whereas a number >= 6 is expected. It comes from another PROJ installation.
2026-09-07 02:28:04,464 WARNING CPLE_AppDefined in PROJ: internal_proj_create_from_database: /opt/anaconda3/share/proj/proj.db contains DATABASE.LAYOUT.VERSION.MINOR = 2 whereas a number >= 6 is expected. It comes from another PROJ installation.
2026-09-07 02:28:04,464 WARNING CPLE_AppDefined in PROJ: internal_proj_create_from_name: /opt/anaconda3/share/proj/proj.db contains DATABASE.LAYOUT.VERSION.MINOR = 2 whereas a number >= 6 is expected. It comes from another PROJ installation.
2026-09-07 02:28:04,493 WARNING CPLE_AppDefined in PROJ: internal_proj_create_from_database: /opt/anaconda3/share/proj/proj.db contains DATABASE.LAYOUT.VERSION.MINOR = 2 whereas a number >= 6 is expected. It comes from another PROJ installation.
2026-09-07 02:28:04,493 WARNING CPLE_AppDefined in PROJ: internal_proj_create_from_name: /opt/anaconda3/share/proj/proj.db contains DATABASE.LAYOUT.VERSION.MINOR = 2 whereas a number >= 6 is expected. It comes from another PROJ installation.
2026-09-07 02:28:04,523 WARNING CPLE_AppDefined in PROJ: internal_proj_create_from_database: /opt/anaconda3/share/proj/proj.db contains DATABASE.LAYOUT.VERSION.MINOR = 2 whereas a number >= 6 is expected. It comes from another PROJ installation.
2026-09-07 02:28:04,523 WARNING CPLE_AppDefined in PROJ: internal_proj_create_from_name: /opt/anaconda3/share/proj/proj.db contains DATABASE.LAYOUT.VERSION.MINOR = 2 whereas a number >= 6 is expected. It comes from another PROJ installation.
2026-09-07 02:28:04,552 WARNING CPLE_AppDefined in PROJ: internal_proj_create_from_database: /opt/anaconda3/share/proj/proj.db contains DATABASE.LAYOUT.VERSION.MINOR = 2 whereas a number >= 6 is expected. It comes from another PROJ installation.
2026-09-07 02:28:04,553 WARNING CPLE_AppDefined in PROJ: internal_proj_create_from_name: /opt/anaconda3/share/proj/proj.db contains DATABASE.LAYOUT.VERSION.MINOR = 2 whereas a number >= 6 is expected. It comes from another PROJ installation.
2026-09-07 02:28:04,581 WARNING CPLE_AppDefined in PROJ: internal_proj_create_from_database: /opt/anaconda3/share/proj/proj.db contains DATABASE.LAYOUT.VERSION.MINOR = 2 whereas a number >= 6 is expected. It comes from another PROJ installation.
2026-09-07 02:28:04,581 WARNING CPLE_AppDefined in PROJ: internal_proj_create_from_name: /opt/anaconda3/share/proj/proj.db contains DATABASE.LAYOUT.VERSION.MINOR = 2 whereas a number >= 6 is expected. It comes from another PROJ installation.
2026-09-07 02:28:04,609 WARNING CPLE_AppDefined in PROJ: internal_proj_create_from_database: /opt/anaconda3/share/proj/proj.db contains DATABASE.LAYOUT.VERSION.MINOR = 2 whereas a number >= 6 is expected. It comes from another PROJ installation.
2026-09-07 02:28:04,609 WARNING CPLE_AppDefined in PROJ: internal_proj_create_from_name: /opt/anaconda3/share/proj/proj.db contains DATABASE.LAYOUT.VERSION.MINOR = 2 whereas a number >= 6 is expected. It comes from another PROJ installation.
2026-09-07 02:28:04,638 WARNING CPLE_AppDefined in PROJ: internal_proj_create_from_database: /opt/anaconda3/share/proj/proj.db contains DATABASE.LAYOUT.VERSION.MINOR = 2 whereas a number >= 6 is expected. It comes from another PROJ installation.
2026-09-07 02:28:04,638 WARNING CPLE_AppDefined in PROJ: internal_proj_create_from_name: /opt/anaconda3/share/proj/proj.db contains DATABASE.LAYOUT.VERSION.MINOR = 2 whereas a number >= 6 is expected. It comes from another PROJ installation.
2026-09-07 02:28:04,666 WARNING CPLE_AppDefined in PROJ: internal_proj_create_from_database: /opt/anaconda3/share/proj/proj.db contains DATABASE.LAYOUT.VERSION.MINOR = 2 whereas a number >= 6 is expected. It comes from another PROJ installation.
2026-09-07 02:28:04,666 WARNING CPLE_AppDefined in PROJ: internal_proj_create_from_name: /opt/anaconda3/share/proj/proj.db contains DATABASE.LAYOUT.VERSION.MINOR = 2 whereas a number >= 6 is expected. It comes from another PROJ installation.
2026-09-07 02:28:04,695 WARNING CPLE_AppDefined in PROJ: internal_proj_create_from_database: /opt/anaconda3/share/proj/proj.db contains DATABASE.LAYOUT.VERSION.MINOR = 2 whereas a number >= 6 is expected. It comes from another PROJ installation.
2026-09-07 02:28:04,695 WARNING CPLE_AppDefined in PROJ: internal_proj_create_from_name: /opt/anaconda3/share/proj/proj.db contains DATABASE.LAYOUT.VERSION.MINOR = 2 whereas a number >= 6 is expected. It comes from another PROJ installation.
2026-09-07 02:28:04,724 WARNING CPLE_AppDefined in PROJ: internal_proj_create_from_database: /opt/anaconda3/share/proj/proj.db contains DATABASE.LAYOUT.VERSION.MINOR = 2 whereas a number >= 6 is expected. It comes from another PROJ installation.
2026-09-07 02:28:04,724 WARNING CPLE_AppDefined in PROJ: internal_proj_create_from_name: /opt/anaconda3/share/proj/proj.db contains DATABASE.LAYOUT.VERSION.MINOR = 2 whereas a number >= 6 is expected. It comes from another PROJ installation.
2026-09-07 02:28:04,753 WARNING CPLE_AppDefined in PROJ: internal_proj_create_from_database: /opt/anaconda3/share/proj/proj.db contains DATABASE.LAYOUT.VERSION.MINOR = 2 whereas a number >= 6 is expected. It comes from another PROJ installation.
2026-09-07 02:28:04,753 WARNING CPLE_AppDefined in PROJ: internal_proj_create_from_name: /opt/anaconda3/share/proj/proj.db contains DATABASE.LAYOUT.VERSION.MINOR = 2 whereas a number >= 6 is expected. It comes from another PROJ installation.
2026-09-07 02:28:04,781 WARNING CPLE_AppDefined in PROJ: internal_proj_create_from_database: /opt/anaconda3/share/proj/proj.db contains DATABASE.LAYOUT.VERSION.MINOR = 2 whereas a number >= 6 is expected. It comes from another PROJ installation.
2026-09-07 02:28:04,782 WARNING CPLE_AppDefined in PROJ: internal_proj_create_from_name: /opt/anaconda3/share/proj/proj.db contains DATABASE.LAYOUT.VERSION.MINOR = 2 whereas a number >= 6 is expected. It comes from another PROJ installation.
2026-09-07 02:28:04,810 WARNING CPLE_AppDefined in PROJ: internal_proj_create_from_database: /opt/anaconda3/share/proj/proj.db contains DATABASE.LAYOUT.VERSION.MINOR = 2 whereas a number >= 6 is expected. It comes from another PROJ installation.
2026-09-07 02:28:04,810 WARNING CPLE_AppDefined in PROJ: internal_proj_create_from_name: /opt/anaconda3/share/proj/proj.db contains DATABASE.LAYOUT.VERSION.MINOR = 2 whereas a number >= 6 is expected. It comes from another PROJ installation.
2026-09-07 02:28:04,838 WARNING CPLE_AppDefined in PROJ: internal_proj_create_from_database: /opt/anaconda3/share/proj/proj.db contains DATABASE.LAYOUT.VERSION.MINOR = 2 whereas a number >= 6 is expected. It comes from another PROJ installation.
2026-09-07 02:28:04,838 WARNING CPLE_AppDefined in PROJ: internal_proj_create_from_name: /opt/anaconda3/share/proj/proj.db contains DATABASE.LAYOUT.VERSION.MINOR = 2 whereas a number >= 6 is expected. It comes from another PROJ installation.
2026-09-07 02:28:04,867 WARNING CPLE_AppDefined in PROJ: internal_proj_create_from_database: /opt/anaconda3/share/proj/proj.db contains DATABASE.LAYOUT.VERSION.MINOR = 2 whereas a number >= 6 is expected. It comes from another PROJ installation.
2026-09-07 02:28:04,867 WARNING CPLE_AppDefined in PROJ: internal_proj_create_from_name: /opt/anaconda3/share/proj/proj.db contains DATABASE.LAYOUT.VERSION.MINOR = 2 whereas a number >= 6 is expected. It comes from another PROJ installation.
2026-09-07 02:28:04,895 WARNING CPLE_AppDefined in PROJ: internal_proj_create_from_database: /opt/anaconda3/share/proj/proj.db contains DATABASE.LAYOUT.VERSION.MINOR = 2 whereas a number >= 6 is expected. It comes from another PROJ installation.
2026-09-07 02:28:04,895 WARNING CPLE_AppDefined in PROJ: internal_proj_create_from_name: /opt/anaconda3/share/proj/proj.db contains DATABASE.LAYOUT.VERSION.MINOR = 2 whereas a number >= 6 is expected. It comes from another PROJ installation.
2026-09-07 02:28:04,923 WARNING CPLE_AppDefined in PROJ: internal_proj_create_from_database: /opt/anaconda3/share/proj/proj.db contains DATABASE.LAYOUT.VERSION.MINOR = 2 whereas a number >= 6 is expected. It comes from another PROJ installation.
2026-09-07 02:28:04,924 WARNING CPLE_AppDefined in PROJ: internal_proj_create_from_name: /opt/anaconda3/share/proj/proj.db contains DATABASE.LAYOUT.VERSION.MINOR = 2 whereas a number >= 6 is expected. It comes from another PROJ installation.
2026-09-07 02:28:04,952 WARNING CPLE_AppDefined in PROJ: internal_proj_create_from_database: /opt/anaconda3/share/proj/proj.db contains DATABASE.LAYOUT.VERSION.MINOR = 2 whereas a number >= 6 is expected. It comes from another PROJ installation.
2026-09-07 02:28:04,952 WARNING CPLE_AppDefined in PROJ: internal_proj_create_from_name: /opt/anaconda3/share/proj/proj.db contains DATABASE.LAYOUT.VERSION.MINOR = 2 whereas a number >= 6 is expected. It comes from another PROJ installation.
2026-09-07 02:28:04,980 WARNING CPLE_AppDefined in PROJ: internal_proj_create_from_database: /opt/anaconda3/share/proj/proj.db contains DATABASE.LAYOUT.VERSION.MINOR = 2 whereas a number >= 6 is expected. It comes from another PROJ installation.
2026-09-07 02:28:04,980 WARNING CPLE_AppDefined in PROJ: internal_proj_create_from_name: /opt/anaconda3/share/proj/proj.db contains DATABASE.LAYOUT.VERSION.MINOR = 2 whereas a number >= 6 is expected. It comes from another PROJ installation.
2026-09-07 02:28:05,008 WARNING CPLE_AppDefined in PROJ: internal_proj_create_from_database: /opt/anaconda3/share/proj/proj.db contains DATABASE.LAYOUT.VERSION.MINOR = 2 whereas a number >= 6 is expected. It comes from another PROJ installation.
2026-09-07 02:28:05,008 WARNING CPLE_AppDefined in PROJ: internal_proj_create_from_name: /opt/anaconda3/share/proj/proj.db contains DATABASE.LAYOUT.VERSION.MINOR = 2 whereas a number >= 6 is expected. It comes from another PROJ installation.
2026-09-07 02:28:05,037 WARNING CPLE_AppDefined in PROJ: internal_proj_create_from_database: /opt/anaconda3/share/proj/proj.db contains DATABASE.LAYOUT.VERSION.MINOR = 2 whereas a number >= 6 is expected. It comes from another PROJ installation.
2026-09-07 02:28:05,037 WARNING CPLE_AppDefined in PROJ: internal_proj_create_from_name: /opt/anaconda3/share/proj/proj.db contains DATABASE.LAYOUT.VERSION.MINOR = 2 whereas a number >= 6 is expected. It comes from another PROJ installation.
2026-09-07 02:28:05,065 WARNING CPLE_AppDefined in PROJ: internal_proj_create_from_database: /opt/anaconda3/share/proj/proj.db contains DATABASE.LAYOUT.VERSION.MINOR = 2 whereas a number >= 6 is expected. It comes from another PROJ installation.
2026-09-07 02:28:05,065 WARNING CPLE_AppDefined in PROJ: internal_proj_create_from_name: /opt/anaconda3/share/proj/proj.db contains DATABASE.LAYOUT.VERSION.MINOR = 2 whereas a number >= 6 is expected. It comes from another PROJ installation.
2026-09-07 02:28:05,094 WARNING CPLE_AppDefined in PROJ: internal_proj_create_from_database: /opt/anaconda3/share/proj/proj.db contains DATABASE.LAYOUT.VERSION.MINOR = 2 whereas a number >= 6 is expected. It comes from another PROJ installation.
2026-09-07 02:28:05,094 WARNING CPLE_AppDefined in PROJ: internal_proj_create_from_name: /opt/anaconda3/share/proj/proj.db contains DATABASE.LAYOUT.VERSION.MINOR = 2 whereas a number >= 6 is expected. It comes from another PROJ installation.
2026-09-07 02:28:05,123 WARNING CPLE_AppDefined in PROJ: internal_proj_create_from_database: /opt/anaconda3/share/proj/proj.db contains DATABASE.LAYOUT.VERSION.MINOR = 2 whereas a number >= 6 is expected. It comes from another PROJ installation.
2026-09-07 02:28:05,123 WARNING CPLE_AppDefined in PROJ: internal_proj_create_from_name: /opt/anaconda3/share/proj/proj.db contains DATABASE.LAYOUT.VERSION.MINOR = 2 whereas a number >= 6 is expected. It comes from another PROJ installation.
2026-09-07 02:28:05,151 WARNING CPLE_AppDefined in PROJ: internal_proj_create_from_database: /opt/anaconda3/share/proj/proj.db contains DATABASE.LAYOUT.VERSION.MINOR = 2 whereas a number >= 6 is expected. It comes from another PROJ installation.
2026-09-07 02:28:05,151 WARNING CPLE_AppDefined in PROJ: internal_proj_create_from_name: /opt/anaconda3/share/proj/proj.db contains DATABASE.LAYOUT.VERSION.MINOR = 2 whereas a number >= 6 is expected. It comes from another PROJ installation.
2026-09-07 02:28:05,180 WARNING CPLE_AppDefined in PROJ: internal_proj_create_from_database: /opt/anaconda3/share/proj/proj.db contains DATABASE.LAYOUT.VERSION.MINOR = 2 whereas a number >= 6 is expected. It comes from another PROJ installation.
2026-09-07 02:28:05,180 WARNING CPLE_AppDefined in PROJ: internal_proj_create_from_name: /opt/anaconda3/share/proj/proj.db contains DATABASE.LAYOUT.VERSION.MINOR = 2 whereas a number >= 6 is expected. It comes from another PROJ installation.
2026-09-07 02:28:05,208 WARNING CPLE_AppDefined in PROJ: internal_proj_create_from_database: /opt/anaconda3/share/proj/proj.db contains DATABASE.LAYOUT.VERSION.MINOR = 2 whereas a number >= 6 is expected. It comes from another PROJ installation.
2026-09-07 02:28:05,208 WARNING CPLE_AppDefined in PROJ: internal_proj_create_from_name: /opt/anaconda3/share/proj/proj.db contains DATABASE.LAYOUT.VERSION.MINOR = 2 whereas a number >= 6 is expected. It comes from another PROJ installation.
2026-09-07 02:28:05,236 WARNING CPLE_AppDefined in PROJ: internal_proj_create_from_database: /opt/anaconda3/share/proj/proj.db contains DATABASE.LAYOUT.VERSION.MINOR = 2 whereas a number >= 6 is expected. It comes from another PROJ installation.
2026-09-07 02:28:05,237 WARNING CPLE_AppDefined in PROJ: internal_proj_create_from_name: /opt/anaconda3/share/proj/proj.db contains DATABASE.LAYOUT.VERSION.MINOR = 2 whereas a number >= 6 is expected. It comes from another PROJ installation.
2026-09-07 02:28:05,265 WARNING CPLE_AppDefined in PROJ: internal_proj_create_from_database: /opt/anaconda3/share/proj/proj.db contains DATABASE.LAYOUT.VERSION.MINOR = 2 whereas a number >= 6 is expected. It comes from another PROJ installation.
2026-09-07 02:28:05,265 WARNING CPLE_AppDefined in PROJ: internal_proj_create_from_name: /opt/anaconda3/share/proj/proj.db contains DATABASE.LAYOUT.VERSION.MINOR = 2 whereas a number >= 6 is expected. It comes from another PROJ installation.
2026-09-07 02:28:05,294 WARNING CPLE_AppDefined in PROJ: internal_proj_create_from_database: /opt/anaconda3/share/proj/proj.db contains DATABASE.LAYOUT.VERSION.MINOR = 2 whereas a number >= 6 is expected. It comes from another PROJ installation.
2026-09-07 02:28:05,294 WARNING CPLE_AppDefined in PROJ: internal_proj_create_from_name: /opt/anaconda3/share/proj/proj.db contains DATABASE.LAYOUT.VERSION.MINOR = 2 whereas a number >= 6 is expected. It comes from another PROJ installation.
2026-09-07 02:28:05,322 WARNING CPLE_AppDefined in PROJ: internal_proj_create_from_database: /opt/anaconda3/share/proj/proj.db contains DATABASE.LAYOUT.VERSION.MINOR = 2 whereas a number >= 6 is expected. It comes from another PROJ installation.
2026-09-07 02:28:05,322 WARNING CPLE_AppDefined in PROJ: internal_proj_create_from_name: /opt/anaconda3/share/proj/proj.db contains DATABASE.LAYOUT.VERSION.MINOR = 2 whereas a number >= 6 is expected. It comes from another PROJ installation.
2026-09-07 02:28:05,351 WARNING CPLE_AppDefined in PROJ: internal_proj_create_from_database: /opt/anaconda3/share/proj/proj.db contains DATABASE.LAYOUT.VERSION.MINOR = 2 whereas a number >= 6 is expected. It comes from another PROJ installation.
2026-09-07 02:28:05,351 WARNING CPLE_AppDefined in PROJ: internal_proj_create_from_name: /opt/anaconda3/share/proj/proj.db contains DATABASE.LAYOUT.VERSION.MINOR = 2 whereas a number >= 6 is expected. It comes from another PROJ installation.
2026-09-07 02:28:05,380 WARNING CPLE_AppDefined in PROJ: internal_proj_create_from_database: /opt/anaconda3/share/proj/proj.db contains DATABASE.LAYOUT.VERSION.MINOR = 2 whereas a number >= 6 is expected. It comes from another PROJ installation.
2026-09-07 02:28:05,380 WARNING CPLE_AppDefined in PROJ: internal_proj_create_from_name: /opt/anaconda3/share/proj/proj.db contains DATABASE.LAYOUT.VERSION.MINOR = 2 whereas a number >= 6 is expected. It comes from another PROJ installation.
2026-09-07 02:28:05,409 WARNING CPLE_AppDefined in PROJ: internal_proj_create_from_database: /opt/anaconda3/share/proj/proj.db contains DATABASE.LAYOUT.VERSION.MINOR = 2 whereas a number >= 6 is expected. It comes from another PROJ installation.
2026-09-07 02:28:05,409 WARNING CPLE_AppDefined in PROJ: internal_proj_create_from_name: /opt/anaconda3/share/proj/proj.db contains DATABASE.LAYOUT.VERSION.MINOR = 2 whereas a number >= 6 is expected. It comes from another PROJ installation.
2026-09-07 02:28:05,437 WARNING CPLE_AppDefined in PROJ: internal_proj_create_from_database: /opt/anaconda3/share/proj/proj.db contains DATABASE.LAYOUT.VERSION.MINOR = 2 whereas a number >= 6 is expected. It comes from another PROJ installation.
2026-09-07 02:28:05,437 WARNING CPLE_AppDefined in PROJ: internal_proj_create_from_name: /opt/anaconda3/share/proj/proj.db contains DATABASE.LAYOUT.VERSION.MINOR = 2 whereas a number >= 6 is expected. It comes from another PROJ installation.
2026-09-07 02:28:05,466 WARNING CPLE_AppDefined in PROJ: internal_proj_create_from_database: /opt/anaconda3/share/proj/proj.db contains DATABASE.LAYOUT.VERSION.MINOR = 2 whereas a number >= 6 is expected. It comes from another PROJ installation.
2026-09-07 02:28:05,466 WARNING CPLE_AppDefined in PROJ: internal_proj_create_from_name: /opt/anaconda3/share/proj/proj.db contains DATABASE.LAYOUT.VERSION.MINOR = 2 whereas a number >= 6 is expected. It comes from another PROJ installation.
2026-09-07 02:28:05,493 WARNING CPLE_AppDefined in PROJ: internal_proj_create_from_database: /opt/anaconda3/share/proj/proj.db contains DATABASE.LAYOUT.VERSION.MINOR = 2 whereas a number >= 6 is expected. It comes from another PROJ installation.
2026-09-07 02:28:05,494 WARNING CPLE_AppDefined in PROJ: internal_proj_create_from_name: /opt/anaconda3/share/proj/proj.db contains DATABASE.LAYOUT.VERSION.MINOR = 2 whereas a number >= 6 is expected. It comes from another PROJ installation.
2026-09-07 02:28:05,522 WARNING CPLE_AppDefined in PROJ: internal_proj_create_from_database: /opt/anaconda3/share/proj/proj.db contains DATABASE.LAYOUT.VERSION.MINOR = 2 whereas a number >= 6 is expected. It comes from another PROJ installation.
2026-09-07 02:28:05,522 WARNING CPLE_AppDefined in PROJ: internal_proj_create_from_name: /opt/anaconda3/share/proj/proj.db contains DATABASE.LAYOUT.VERSION.MINOR = 2 whereas a number >= 6 is expected. It comes from another PROJ installation.
2026-09-07 02:28:05,551 WARNING CPLE_AppDefined in PROJ: internal_proj_create_from_database: /opt/anaconda3/share/proj/proj.db contains DATABASE.LAYOUT.VERSION.MINOR = 2 whereas a number >= 6 is expected. It comes from another PROJ installation.
2026-09-07 02:28:05,551 WARNING CPLE_AppDefined in PROJ: internal_proj_create_from_name: /opt/anaconda3/share/proj/proj.db contains DATABASE.LAYOUT.VERSION.MINOR = 2 whereas a number >= 6 is expected. It comes from another PROJ installation.
2026-09-07 02:28:05,583 WARNING CPLE_AppDefined in PROJ: internal_proj_create_from_database: /opt/anaconda3/share/proj/proj.db contains DATABASE.LAYOUT.VERSION.MINOR = 2 whereas a number >= 6 is expected. It comes from another PROJ installation.
2026-09-07 02:28:05,583 WARNING CPLE_AppDefined in PROJ: internal_proj_create_from_name: /opt/anaconda3/share/proj/proj.db contains DATABASE.LAYOUT.VERSION.MINOR = 2 whereas a number >= 6 is expected. It comes from another PROJ installation.
2026-09-07 02:28:05,615 WARNING CPLE_AppDefined in PROJ: internal_proj_create_from_database: /opt/anaconda3/share/proj/proj.db contains DATABASE.LAYOUT.VERSION.MINOR = 2 whereas a number >= 6 is expected. It comes from another PROJ installation.
2026-09-07 02:28:05,615 WARNING CPLE_AppDefined in PROJ: internal_proj_create_from_name: /opt/anaconda3/share/proj/proj.db contains DATABASE.LAYOUT.VERSION.MINOR = 2 whereas a number >= 6 is expected. It comes from another PROJ installation.
2026-09-07 02:28:05,644 WARNING CPLE_AppDefined in PROJ: internal_proj_create_from_database: /opt/anaconda3/share/proj/proj.db contains DATABASE.LAYOUT.VERSION.MINOR = 2 whereas a number >= 6 is expected. It comes from another PROJ installation.
2026-09-07 02:28:05,644 WARNING CPLE_AppDefined in PROJ: internal_proj_create_from_name: /opt/anaconda3/share/proj/proj.db contains DATABASE.LAYOUT.VERSION.MINOR = 2 whereas a number >= 6 is expected. It comes from another PROJ installation.
2026-09-07 02:28:05,673 WARNING CPLE_AppDefined in PROJ: internal_proj_create_from_database: /opt/anaconda3/share/proj/proj.db contains DATABASE.LAYOUT.VERSION.MINOR = 2 whereas a number >= 6 is expected. It comes from another PROJ installation.
2026-09-07 02:28:05,673 WARNING CPLE_AppDefined in PROJ: internal_proj_create_from_name: /opt/anaconda3/share/proj/proj.db contains DATABASE.LAYOUT.VERSION.MINOR = 2 whereas a number >= 6 is expected. It comes from another PROJ installation.
2026-09-07 02:28:05,701 WARNING CPLE_AppDefined in PROJ: internal_proj_create_from_database: /opt/anaconda3/share/proj/proj.db contains DATABASE.LAYOUT.VERSION.MINOR = 2 whereas a number >= 6 is expected. It comes from another PROJ installation.
2026-09-07 02:28:05,701 WARNING CPLE_AppDefined in PROJ: internal_proj_create_from_name: /opt/anaconda3/share/proj/proj.db contains DATABASE.LAYOUT.VERSION.MINOR = 2 whereas a number >= 6 is expected. It comes from another PROJ installation.
2026-09-07 02:28:05,730 WARNING CPLE_AppDefined in PROJ: internal_proj_create_from_database: /opt/anaconda3/share/proj/proj.db contains DATABASE.LAYOUT.VERSION.MINOR = 2 whereas a number >= 6 is expected. It comes from another PROJ installation.
2026-09-07 02:28:05,730 WARNING CPLE_AppDefined in PROJ: internal_proj_create_from_name: /opt/anaconda3/share/proj/proj.db contains DATABASE.LAYOUT.VERSION.MINOR = 2 whereas a number >= 6 is expected. It comes from another PROJ installation.
2026-09-07 02:28:05,759 WARNING CPLE_AppDefined in PROJ: internal_proj_create_from_database: /opt/anaconda3/share/proj/proj.db contains DATABASE.LAYOUT.VERSION.MINOR = 2 whereas a number >= 6 is expected. It comes from another PROJ installation.
2026-09-07 02:28:05,759 WARNING CPLE_AppDefined in PROJ: internal_proj_create_from_name: /opt/anaconda3/share/proj/proj.db contains DATABASE.LAYOUT.VERSION.MINOR = 2 whereas a number >= 6 is expected. It comes from another PROJ installation.
2026-09-07 02:28:05,788 WARNING CPLE_AppDefined in PROJ: internal_proj_create_from_database: /opt/anaconda3/share/proj/proj.db contains DATABASE.LAYOUT.VERSION.MINOR = 2 whereas a number >= 6 is expected. It comes from another PROJ installation.
2026-09-07 02:28:05,788 WARNING CPLE_AppDefined in PROJ: internal_proj_create_from_name: /opt/anaconda3/share/proj/proj.db contains DATABASE.LAYOUT.VERSION.MINOR = 2 whereas a number >= 6 is expected. It comes from another PROJ installation.
2026-09-07 02:28:05,816 WARNING CPLE_AppDefined in PROJ: internal_proj_create_from_database: /opt/anaconda3/share/proj/proj.db contains DATABASE.LAYOUT.VERSION.MINOR = 2 whereas a number >= 6 is expected. It comes from another PROJ installation.
2026-09-07 02:28:05,816 WARNING CPLE_AppDefined in PROJ: internal_proj_create_from_name: /opt/anaconda3/share/proj/proj.db contains DATABASE.LAYOUT.VERSION.MINOR = 2 whereas a number >= 6 is expected. It comes from another PROJ installation.
2026-09-07 02:28:05,845 WARNING CPLE_AppDefined in PROJ: internal_proj_create_from_database: /opt/anaconda3/share/proj/proj.db contains DATABASE.LAYOUT.VERSION.MINOR = 2 whereas a number >= 6 is expected. It comes from another PROJ installation.
2026-09-07 02:28:05,845 WARNING CPLE_AppDefined in PROJ: internal_proj_create_from_name: /opt/anaconda3/share/proj/proj.db contains DATABASE.LAYOUT.VERSION.MINOR = 2 whereas a number >= 6 is expected. It comes from another PROJ installation.
2026-09-07 02:28:05,873 WARNING CPLE_AppDefined in PROJ: internal_proj_create_from_database: /opt/anaconda3/share/proj/proj.db contains DATABASE.LAYOUT.VERSION.MINOR = 2 whereas a number >= 6 is expected. It comes from another PROJ installation.
2026-09-07 02:28:05,873 WARNING CPLE_AppDefined in PROJ: internal_proj_create_from_name: /opt/anaconda3/share/proj/proj.db contains DATABASE.LAYOUT.VERSION.MINOR = 2 whereas a number >= 6 is expected. It comes from another PROJ installation.
2026-09-07 02:28:05,902 WARNING CPLE_AppDefined in PROJ: internal_proj_create_from_database: /opt/anaconda3/share/proj/proj.db contains DATABASE.LAYOUT.VERSION.MINOR = 2 whereas a number >= 6 is expected. It comes from another PROJ installation.
2026-09-07 02:28:05,902 WARNING CPLE_AppDefined in PROJ: internal_proj_create_from_name: /opt/anaconda3/share/proj/proj.db contains DATABASE.LAYOUT.VERSION.MINOR = 2 whereas a number >= 6 is expected. It comes from another PROJ installation.
2026-09-07 02:28:05,930 WARNING CPLE_AppDefined in PROJ: internal_proj_create_from_database: /opt/anaconda3/share/proj/proj.db contains DATABASE.LAYOUT.VERSION.MINOR = 2 whereas a number >= 6 is expected. It comes from another PROJ installation.
2026-09-07 02:28:05,931 WARNING CPLE_AppDefined in PROJ: internal_proj_create_from_name: /opt/anaconda3/share/proj/proj.db contains DATABASE.LAYOUT.VERSION.MINOR = 2 whereas a number >= 6 is expected. It comes from another PROJ installation.
2026-09-07 02:28:05,959 WARNING CPLE_AppDefined in PROJ: internal_proj_create_from_database: /opt/anaconda3/share/proj/proj.db contains DATABASE.LAYOUT.VERSION.MINOR = 2 whereas a number >= 6 is expected. It comes from another PROJ installation.
2026-09-07 02:28:05,959 WARNING CPLE_AppDefined in PROJ: internal_proj_create_from_name: /opt/anaconda3/share/proj/proj.db contains DATABASE.LAYOUT.VERSION.MINOR = 2 whereas a number >= 6 is expected. It comes from another PROJ installation.
2026-09-07 02:28:05,987 WARNING CPLE_AppDefined in PROJ: internal_proj_create_from_database: /opt/anaconda3/share/proj/proj.db contains DATABASE.LAYOUT.VERSION.MINOR = 2 whereas a number >= 6 is expected. It comes from another PROJ installation.
2026-09-07 02:28:05,987 WARNING CPLE_AppDefined in PROJ: internal_proj_create_from_name: /opt/anaconda3/share/proj/proj.db contains DATABASE.LAYOUT.VERSION.MINOR = 2 whereas a number >= 6 is expected. It comes from another PROJ installation.
2026-09-07 02:28:06,015 WARNING CPLE_AppDefined in PROJ: internal_proj_create_from_database: /opt/anaconda3/share/proj/proj.db contains DATABASE.LAYOUT.VERSION.MINOR = 2 whereas a number >= 6 is expected. It comes from another PROJ installation.
2026-09-07 02:28:06,015 WARNING CPLE_AppDefined in PROJ: internal_proj_create_from_name: /opt/anaconda3/share/proj/proj.db contains DATABASE.LAYOUT.VERSION.MINOR = 2 whereas a number >= 6 is expected. It comes from another PROJ installation.
2026-09-07 02:28:06,043 WARNING CPLE_AppDefined in PROJ: internal_proj_create_from_database: /opt/anaconda3/share/proj/proj.db contains DATABASE.LAYOUT.VERSION.MINOR = 2 whereas a number >= 6 is expected. It comes from another PROJ installation.
2026-09-07 02:28:06,043 WARNING CPLE_AppDefined in PROJ: internal_proj_create_from_name: /opt/anaconda3/share/proj/proj.db contains DATABASE.LAYOUT.VERSION.MINOR = 2 whereas a number >= 6 is expected. It comes from another PROJ installation.
2026-09-07 02:28:06,071 WARNING CPLE_AppDefined in PROJ: internal_proj_create_from_database: /opt/anaconda3/share/proj/proj.db contains DATABASE.LAYOUT.VERSION.MINOR = 2 whereas a number >= 6 is expected. It comes from another PROJ installation.
2026-09-07 02:28:06,071 WARNING CPLE_AppDefined in PROJ: internal_proj_create_from_name: /opt/anaconda3/share/proj/proj.db contains DATABASE.LAYOUT.VERSION.MINOR = 2 whereas a number >= 6 is expected. It comes from another PROJ installation.
2026-09-07 02:28:06,098 WARNING CPLE_AppDefined in PROJ: internal_proj_create_from_database: /opt/anaconda3/share/proj/proj.db contains DATABASE.LAYOUT.VERSION.MINOR = 2 whereas a number >= 6 is expected. It comes from another PROJ installation.
2026-09-07 02:28:06,098 WARNING CPLE_AppDefined in PROJ: internal_proj_create_from_name: /opt/anaconda3/share/proj/proj.db contains DATABASE.LAYOUT.VERSION.MINOR = 2 whereas a number >= 6 is expected. It comes from another PROJ installation.
2026-09-07 02:28:06,126 WARNING CPLE_AppDefined in PROJ: internal_proj_create_from_database: /opt/anaconda3/share/proj/proj.db contains DATABASE.LAYOUT.VERSION.MINOR = 2 whereas a number >= 6 is expected. It comes from another PROJ installation.
2026-09-07 02:28:06,126 WARNING CPLE_AppDefined in PROJ: internal_proj_create_from_name: /opt/anaconda3/share/proj/proj.db contains DATABASE.LAYOUT.VERSION.MINOR = 2 whereas a number >= 6 is expected. It comes from another PROJ installation.
2026-09-07 02:28:06,154 WARNING CPLE_AppDefined in PROJ: internal_proj_create_from_database: /opt/anaconda3/share/proj/proj.db contains DATABASE.LAYOUT.VERSION.MINOR = 2 whereas a number >= 6 is expected. It comes from another PROJ installation.
2026-09-07 02:28:06,154 WARNING CPLE_AppDefined in PROJ: internal_proj_create_from_name: /opt/anaconda3/share/proj/proj.db contains DATABASE.LAYOUT.VERSION.MINOR = 2 whereas a number >= 6 is expected. It comes from another PROJ installation.
2026-09-07 02:28:06,182 WARNING CPLE_AppDefined in PROJ: internal_proj_create_from_database: /opt/anaconda3/share/proj/proj.db contains DATABASE.LAYOUT.VERSION.MINOR = 2 whereas a number >= 6 is expected. It comes from another PROJ installation.
2026-09-07 02:28:06,182 WARNING CPLE_AppDefined in PROJ: internal_proj_create_from_name: /opt/anaconda3/share/proj/proj.db contains DATABASE.LAYOUT.VERSION.MINOR = 2 whereas a number >= 6 is expected. It comes from another PROJ installation.
2026-09-07 02:28:06,210 WARNING CPLE_AppDefined in PROJ: internal_proj_create_from_database: /opt/anaconda3/share/proj/proj.db contains DATABASE.LAYOUT.VERSION.MINOR = 2 whereas a number >= 6 is expected. It comes from another PROJ installation.
2026-09-07 02:28:06,210 WARNING CPLE_AppDefined in PROJ: internal_proj_create_from_name: /opt/anaconda3/share/proj/proj.db contains DATABASE.LAYOUT.VERSION.MINOR = 2 whereas a number >= 6 is expected. It comes from another PROJ installation.
2026-09-07 02:28:06,239 WARNING CPLE_AppDefined in PROJ: internal_proj_create_from_database: /opt/anaconda3/share/proj/proj.db contains DATABASE.LAYOUT.VERSION.MINOR = 2 whereas a number >= 6 is expected. It comes from another PROJ installation.
2026-09-07 02:28:06,239 WARNING CPLE_AppDefined in PROJ: internal_proj_create_from_name: /opt/anaconda3/share/proj/proj.db contains DATABASE.LAYOUT.VERSION.MINOR = 2 whereas a number >= 6 is expected. It comes from another PROJ installation.
2026-09-07 02:28:06,267 WARNING CPLE_AppDefined in PROJ: internal_proj_create_from_database: /opt/anaconda3/share/proj/proj.db contains DATABASE.LAYOUT.VERSION.MINOR = 2 whereas a number >= 6 is expected. It comes from another PROJ installation.
2026-09-07 02:28:06,267 WARNING CPLE_AppDefined in PROJ: internal_proj_create_from_name: /opt/anaconda3/share/proj/proj.db contains DATABASE.LAYOUT.VERSION.MINOR = 2 whereas a number >= 6 is expected. It comes from another PROJ installation.
2026-09-07 02:28:06,295 WARNING CPLE_AppDefined in PROJ: internal_proj_create_from_database: /opt/anaconda3/share/proj/proj.db contains DATABASE.LAYOUT.VERSION.MINOR = 2 whereas a number >= 6 is expected. It comes from another PROJ installation.
2026-09-07 02:28:06,295 WARNING CPLE_AppDefined in PROJ: internal_proj_create_from_name: /opt/anaconda3/share/proj/proj.db contains DATABASE.LAYOUT.VERSION.MINOR = 2 whereas a number >= 6 is expected. It comes from another PROJ installation.
2026-09-07 02:28:06,323 WARNING CPLE_AppDefined in PROJ: internal_proj_create_from_database: /opt/anaconda3/share/proj/proj.db contains DATABASE.LAYOUT.VERSION.MINOR = 2 whereas a number >= 6 is expected. It comes from another PROJ installation.
2026-09-07 02:28:06,323 WARNING CPLE_AppDefined in PROJ: internal_proj_create_from_name: /opt/anaconda3/share/proj/proj.db contains DATABASE.LAYOUT.VERSION.MINOR = 2 whereas a number >= 6 is expected. It comes from another PROJ installation.
2026-09-07 02:28:06,351 WARNING CPLE_AppDefined in PROJ: internal_proj_create_from_database: /opt/anaconda3/share/proj/proj.db contains DATABASE.LAYOUT.VERSION.MINOR = 2 whereas a number >= 6 is expected. It comes from another PROJ installation.
2026-09-07 02:28:06,351 WARNING CPLE_AppDefined in PROJ: internal_proj_create_from_name: /opt/anaconda3/share/proj/proj.db contains DATABASE.LAYOUT.VERSION.MINOR = 2 whereas a number >= 6 is expected. It comes from another PROJ installation.
2026-09-07 02:28:06,379 WARNING CPLE_AppDefined in PROJ: internal_proj_create_from_database: /opt/anaconda3/share/proj/proj.db contains DATABASE.LAYOUT.VERSION.MINOR = 2 whereas a number >= 6 is expected. It comes from another PROJ installation.
2026-09-07 02:28:06,380 WARNING CPLE_AppDefined in PROJ: internal_proj_create_from_name: /opt/anaconda3/share/proj/proj.db contains DATABASE.LAYOUT.VERSION.MINOR = 2 whereas a number >= 6 is expected. It comes from another PROJ installation.
2026-09-07 02:28:06,408 WARNING CPLE_AppDefined in PROJ: internal_proj_create_from_database: /opt/anaconda3/share/proj/proj.db contains DATABASE.LAYOUT.VERSION.MINOR = 2 whereas a number >= 6 is expected. It comes from another PROJ installation.
2026-09-07 02:28:06,408 WARNING CPLE_AppDefined in PROJ: internal_proj_create_from_name: /opt/anaconda3/share/proj/proj.db contains DATABASE.LAYOUT.VERSION.MINOR = 2 whereas a number >= 6 is expected. It comes from another PROJ installation.
2026-09-07 02:28:06,437 WARNING CPLE_AppDefined in PROJ: internal_proj_create_from_database: /opt/anaconda3/share/proj/proj.db contains DATABASE.LAYOUT.VERSION.MINOR = 2 whereas a number >= 6 is expected. It comes from another PROJ installation.
2026-09-07 02:28:06,437 WARNING CPLE_AppDefined in PROJ: internal_proj_create_from_name: /opt/anaconda3/share/proj/proj.db contains DATABASE.LAYOUT.VERSION.MINOR = 2 whereas a number >= 6 is expected. It comes from another PROJ installation.
2026-09-07 02:28:06,465 WARNING CPLE_AppDefined in PROJ: internal_proj_create_from_database: /opt/anaconda3/share/proj/proj.db contains DATABASE.LAYOUT.VERSION.MINOR = 2 whereas a number >= 6 is expected. It comes from another PROJ installation.
2026-09-07 02:28:06,465 WARNING CPLE_AppDefined in PROJ: internal_proj_create_from_name: /opt/anaconda3/share/proj/proj.db contains DATABASE.LAYOUT.VERSION.MINOR = 2 whereas a number >= 6 is expected. It comes from another PROJ installation.
2026-09-07 02:28:06,493 WARNING CPLE_AppDefined in PROJ: internal_proj_create_from_database: /opt/anaconda3/share/proj/proj.db contains DATABASE.LAYOUT.VERSION.MINOR = 2 whereas a number >= 6 is expected. It comes from another PROJ installation.
2026-09-07 02:28:06,493 WARNING CPLE_AppDefined in PROJ: internal_proj_create_from_name: /opt/anaconda3/share/proj/proj.db contains DATABASE.LAYOUT.VERSION.MINOR = 2 whereas a number >= 6 is expected. It comes from another PROJ installation.
2026-09-07 02:28:06,521 WARNING CPLE_AppDefined in PROJ: internal_proj_create_from_database: /opt/anaconda3/share/proj/proj.db contains DATABASE.LAYOUT.VERSION.MINOR = 2 whereas a number >= 6 is expected. It comes from another PROJ installation.
2026-09-07 02:28:06,521 WARNING CPLE_AppDefined in PROJ: internal_proj_create_from_name: /opt/anaconda3/share/proj/proj.db contains DATABASE.LAYOUT.VERSION.MINOR = 2 whereas a number >= 6 is expected. It comes from another PROJ installation.
2026-09-07 02:28:06,549 WARNING CPLE_AppDefined in PROJ: internal_proj_create_from_database: /opt/anaconda3/share/proj/proj.db contains DATABASE.LAYOUT.VERSION.MINOR = 2 whereas a number >= 6 is expected. It comes from another PROJ installation.
2026-09-07 02:28:06,549 WARNING CPLE_AppDefined in PROJ: internal_proj_create_from_name: /opt/anaconda3/share/proj/proj.db contains DATABASE.LAYOUT.VERSION.MINOR = 2 whereas a number >= 6 is expected. It comes from another PROJ installation.
2026-09-07 02:28:06,577 WARNING CPLE_AppDefined in PROJ: internal_proj_create_from_database: /opt/anaconda3/share/proj/proj.db contains DATABASE.LAYOUT.VERSION.MINOR = 2 whereas a number >= 6 is expected. It comes from another PROJ installation.
2026-09-07 02:28:06,577 WARNING CPLE_AppDefined in PROJ: internal_proj_create_from_name: /opt/anaconda3/share/proj/proj.db contains DATABASE.LAYOUT.VERSION.MINOR = 2 whereas a number >= 6 is expected. It comes from another PROJ installation.
2026-09-07 02:28:06,604 WARNING CPLE_AppDefined in PROJ: internal_proj_create_from_database: /opt/anaconda3/share/proj/proj.db contains DATABASE.LAYOUT.VERSION.MINOR = 2 whereas a number >= 6 is expected. It comes from another PROJ installation.
2026-09-07 02:28:06,604 WARNING CPLE_AppDefined in PROJ: internal_proj_create_from_name: /opt/anaconda3/share/proj/proj.db contains DATABASE.LAYOUT.VERSION.MINOR = 2 whereas a number >= 6 is expected. It comes from another PROJ installation.
2026-09-07 02:28:06,633 WARNING CPLE_AppDefined in PROJ: internal_proj_create_from_database: /opt/anaconda3/share/proj/proj.db contains DATABASE.LAYOUT.VERSION.MINOR = 2 whereas a number >= 6 is expected. It comes from another PROJ installation.
2026-09-07 02:28:06,633 WARNING CPLE_AppDefined in PROJ: internal_proj_create_from_name: /opt/anaconda3/share/proj/proj.db contains DATABASE.LAYOUT.VERSION.MINOR = 2 whereas a number >= 6 is expected. It comes from another PROJ installation.
2026-09-07 02:28:06,661 WARNING CPLE_AppDefined in PROJ: internal_proj_create_from_database: /opt/anaconda3/share/proj/proj.db contains DATABASE.LAYOUT.VERSION.MINOR = 2 whereas a number >= 6 is expected. It comes from another PROJ installation.
2026-09-07 02:28:06,661 WARNING CPLE_AppDefined in PROJ: internal_proj_create_from_name: /opt/anaconda3/share/proj/proj.db contains DATABASE.LAYOUT.VERSION.MINOR = 2 whereas a number >= 6 is expected. It comes from another PROJ installation.
2026-09-07 02:28:06,689 WARNING CPLE_AppDefined in PROJ: internal_proj_create_from_database: /opt/anaconda3/share/proj/proj.db contains DATABASE.LAYOUT.VERSION.MINOR = 2 whereas a number >= 6 is expected. It comes from another PROJ installation.
2026-09-07 02:28:06,690 WARNING CPLE_AppDefined in PROJ: internal_proj_create_from_name: /opt/anaconda3/share/proj/proj.db contains DATABASE.LAYOUT.VERSION.MINOR = 2 whereas a number >= 6 is expected. It comes from another PROJ installation.
2026-09-07 02:28:06,717 WARNING CPLE_AppDefined in PROJ: internal_proj_create_from_database: /opt/anaconda3/share/proj/proj.db contains DATABASE.LAYOUT.VERSION.MINOR = 2 whereas a number >= 6 is expected. It comes from another PROJ installation.
2026-09-07 02:28:06,717 WARNING CPLE_AppDefined in PROJ: internal_proj_create_from_name: /opt/anaconda3/share/proj/proj.db contains DATABASE.LAYOUT.VERSION.MINOR = 2 whereas a number >= 6 is expected. It comes from another PROJ installation.
2026-09-07 02:28:06,745 WARNING CPLE_AppDefined in PROJ: internal_proj_create_from_database: /opt/anaconda3/share/proj/proj.db contains DATABASE.LAYOUT.VERSION.MINOR = 2 whereas a number >= 6 is expected. It comes from another PROJ installation.
2026-09-07 02:28:06,745 WARNING CPLE_AppDefined in PROJ: internal_proj_create_from_name: /opt/anaconda3/share/proj/proj.db contains DATABASE.LAYOUT.VERSION.MINOR = 2 whereas a number >= 6 is expected. It comes from another PROJ installation.
2026-09-07 02:28:06,774 WARNING CPLE_AppDefined in PROJ: internal_proj_create_from_database: /opt/anaconda3/share/proj/proj.db contains DATABASE.LAYOUT.VERSION.MINOR = 2 whereas a number >= 6 is expected. It comes from another PROJ installation.
2026-09-07 02:28:06,774 WARNING CPLE_AppDefined in PROJ: internal_proj_create_from_name: /opt/anaconda3/share/proj/proj.db contains DATABASE.LAYOUT.VERSION.MINOR = 2 whereas a number >= 6 is expected. It comes from another PROJ installation.
2026-09-07 02:28:06,802 WARNING CPLE_AppDefined in PROJ: internal_proj_create_from_database: /opt/anaconda3/share/proj/proj.db contains DATABASE.LAYOUT.VERSION.MINOR = 2 whereas a number >= 6 is expected. It comes from another PROJ installation.
2026-09-07 02:28:06,802 WARNING CPLE_AppDefined in PROJ: internal_proj_create_from_name: /opt/anaconda3/share/proj/proj.db contains DATABASE.LAYOUT.VERSION.MINOR = 2 whereas a number >= 6 is expected. It comes from another PROJ installation.
2026-09-07 02:28:06,830 WARNING CPLE_AppDefined in PROJ: internal_proj_create_from_database: /opt/anaconda3/share/proj/proj.db contains DATABASE.LAYOUT.VERSION.MINOR = 2 whereas a number >= 6 is expected. It comes from another PROJ installation.
2026-09-07 02:28:06,830 WARNING CPLE_AppDefined in PROJ: internal_proj_create_from_name: /opt/anaconda3/share/proj/proj.db contains DATABASE.LAYOUT.VERSION.MINOR = 2 whereas a number >= 6 is expected. It comes from another PROJ installation.
2026-09-07 02:28:06,858 WARNING CPLE_AppDefined in PROJ: internal_proj_create_from_database: /opt/anaconda3/share/proj/proj.db contains DATABASE.LAYOUT.VERSION.MINOR = 2 whereas a number >= 6 is expected. It comes from another PROJ installation.
2026-09-07 02:28:06,858 WARNING CPLE_AppDefined in PROJ: internal_proj_create_from_name: /opt/anaconda3/share/proj/proj.db contains DATABASE.LAYOUT.VERSION.MINOR = 2 whereas a number >= 6 is expected. It comes from another PROJ installation.
2026-09-07 02:28:06,885 WARNING CPLE_AppDefined in PROJ: internal_proj_create_from_database: /opt/anaconda3/share/proj/proj.db contains DATABASE.LAYOUT.VERSION.MINOR = 2 whereas a number >= 6 is expected. It comes from another PROJ installation.
2026-09-07 02:28:06,885 WARNING CPLE_AppDefined in PROJ: internal_proj_create_from_name: /opt/anaconda3/share/proj/proj.db contains DATABASE.LAYOUT.VERSION.MINOR = 2 whereas a number >= 6 is expected. It comes from another PROJ installation.
2026-09-07 02:28:06,913 WARNING CPLE_AppDefined in PROJ: internal_proj_create_from_database: /opt/anaconda3/share/proj/proj.db contains DATABASE.LAYOUT.VERSION.MINOR = 2 whereas a number >= 6 is expected. It comes from another PROJ installation.
2026-09-07 02:28:06,913 WARNING CPLE_AppDefined in PROJ: internal_proj_create_from_name: /opt/anaconda3/share/proj/proj.db contains DATABASE.LAYOUT.VERSION.MINOR = 2 whereas a number >= 6 is expected. It comes from another PROJ installation.
2026-09-07 02:28:06,940 WARNING CPLE_AppDefined in PROJ: internal_proj_create_from_database: /opt/anaconda3/share/proj/proj.db contains DATABASE.LAYOUT.VERSION.MINOR = 2 whereas a number >= 6 is expected. It comes from another PROJ installation.
2026-09-07 02:28:06,940 WARNING CPLE_AppDefined in PROJ: internal_proj_create_from_name: /opt/anaconda3/share/proj/proj.db contains DATABASE.LAYOUT.VERSION.MINOR = 2 whereas a number >= 6 is expected. It comes from another PROJ installation.
2026-09-07 02:28:06,967 WARNING CPLE_AppDefined in PROJ: internal_proj_create_from_database: /opt/anaconda3/share/proj/proj.db contains DATABASE.LAYOUT.VERSION.MINOR = 2 whereas a number >= 6 is expected. It comes from another PROJ installation.
2026-09-07 02:28:06,967 WARNING CPLE_AppDefined in PROJ: internal_proj_create_from_name: /opt/anaconda3/share/proj/proj.db contains DATABASE.LAYOUT.VERSION.MINOR = 2 whereas a number >= 6 is expected. It comes from another PROJ installation.
2026-09-07 02:28:06,994 WARNING CPLE_AppDefined in PROJ: internal_proj_create_from_database: /opt/anaconda3/share/proj/proj.db contains DATABASE.LAYOUT.VERSION.MINOR = 2 whereas a number >= 6 is expected. It comes from another PROJ installation.
2026-09-07 02:28:06,994 WARNING CPLE_AppDefined in PROJ: internal_proj_create_from_name: /opt/anaconda3/share/proj/proj.db contains DATABASE.LAYOUT.VERSION.MINOR = 2 whereas a number >= 6 is expected. It comes from another PROJ installation.
2026-09-07 02:28:07,002 INFO Saved /Users/helloworld/Desktop/SIH/SIH2026/data/regions/uttar_pradesh/satellite/chirps_uttar_pradesh_2014.nc (0.4 MB)
2026-09-07 02:28:07,019 ERROR ERA5 2014: HTTPSConnectionPool(host='archive-api.open-meteo.com', port=443): Max retries exceeded with url: /v1/archive?latitude=23.5&longitude=77.0&start_date=2014-06-01&end_date=2014-09-30&hourly=precipitation&timezone=UTC (Caused by NameResolutionError("<urllib3.connection.HTTPSConnection object at 0x16934e210>: Failed to resolve 'archive-api.open-meteo.com' ([Errno 8] nodename nor servname provided, or not known)"))
2026-09-07 02:28:07,039 ERROR MERRA-2 2014: HTTPSConnectionPool(host='power.larc.nasa.gov', port=443): Max retries exceeded with url: /api/temporal/hourly/point?parameters=PRECTOTCORR&community=AG&longitude=77.0&latitude=23.5&start=20140601&end=20140930&format=JSON (Caused by NameResolutionError("<urllib3.connection.HTTPSConnection object at 0x16934e490>: Failed to resolve 'power.larc.nasa.gov' ([Errno 8] nodename nor servname provided, or not known)"))
2026-09-07 02:29:06,559 INFO Building CHIRPS NetCDF for 2016 (122 days)...
2026-09-07 02:29:06,597 WARNING CPLE_AppDefined in PROJ: internal_proj_create_from_database: /opt/anaconda3/share/proj/proj.db contains DATABASE.LAYOUT.VERSION.MINOR = 2 whereas a number >= 6 is expected. It comes from another PROJ installation.
2026-09-07 02:29:06,597 WARNING CPLE_AppDefined in PROJ: internal_proj_create_from_name: /opt/anaconda3/share/proj/proj.db contains DATABASE.LAYOUT.VERSION.MINOR = 2 whereas a number >= 6 is expected. It comes from another PROJ installation.
2026-09-07 02:29:06,644 WARNING CPLE_AppDefined in PROJ: internal_proj_create_from_database: /opt/anaconda3/share/proj/proj.db contains DATABASE.LAYOUT.VERSION.MINOR = 2 whereas a number >= 6 is expected. It comes from another PROJ installation.
2026-09-07 02:29:06,644 WARNING CPLE_AppDefined in PROJ: internal_proj_create_from_name: /opt/anaconda3/share/proj/proj.db contains DATABASE.LAYOUT.VERSION.MINOR = 2 whereas a number >= 6 is expected. It comes from another PROJ installation.
2026-09-07 02:29:06,680 WARNING CPLE_AppDefined in PROJ: internal_proj_create_from_database: /opt/anaconda3/share/proj/proj.db contains DATABASE.LAYOUT.VERSION.MINOR = 2 whereas a number >= 6 is expected. It comes from another PROJ installation.
2026-09-07 02:29:06,680 WARNING CPLE_AppDefined in PROJ: internal_proj_create_from_name: /opt/anaconda3/share/proj/proj.db contains DATABASE.LAYOUT.VERSION.MINOR = 2 whereas a number >= 6 is expected. It comes from another PROJ installation.
2026-09-07 02:29:06,723 WARNING CPLE_AppDefined in PROJ: internal_proj_create_from_database: /opt/anaconda3/share/proj/proj.db contains DATABASE.LAYOUT.VERSION.MINOR = 2 whereas a number >= 6 is expected. It comes from another PROJ installation.
2026-09-07 02:29:06,723 WARNING CPLE_AppDefined in PROJ: internal_proj_create_from_name: /opt/anaconda3/share/proj/proj.db contains DATABASE.LAYOUT.VERSION.MINOR = 2 whereas a number >= 6 is expected. It comes from another PROJ installation.
2026-09-07 02:29:06,762 WARNING CPLE_AppDefined in PROJ: internal_proj_create_from_database: /opt/anaconda3/share/proj/proj.db contains DATABASE.LAYOUT.VERSION.MINOR = 2 whereas a number >= 6 is expected. It comes from another PROJ installation.
2026-09-07 02:29:06,762 WARNING CPLE_AppDefined in PROJ: internal_proj_create_from_name: /opt/anaconda3/share/proj/proj.db contains DATABASE.LAYOUT.VERSION.MINOR = 2 whereas a number >= 6 is expected. It comes from another PROJ installation.
2026-09-07 02:29:06,794 WARNING CPLE_AppDefined in PROJ: internal_proj_create_from_database: /opt/anaconda3/share/proj/proj.db contains DATABASE.LAYOUT.VERSION.MINOR = 2 whereas a number >= 6 is expected. It comes from another PROJ installation.
2026-09-07 02:29:06,794 WARNING CPLE_AppDefined in PROJ: internal_proj_create_from_name: /opt/anaconda3/share/proj/proj.db contains DATABASE.LAYOUT.VERSION.MINOR = 2 whereas a number >= 6 is expected. It comes from another PROJ installation.
2026-09-07 02:29:06,824 WARNING CPLE_AppDefined in PROJ: internal_proj_create_from_database: /opt/anaconda3/share/proj/proj.db contains DATABASE.LAYOUT.VERSION.MINOR = 2 whereas a number >= 6 is expected. It comes from another PROJ installation.
2026-09-07 02:29:06,825 WARNING CPLE_AppDefined in PROJ: internal_proj_create_from_name: /opt/anaconda3/share/proj/proj.db contains DATABASE.LAYOUT.VERSION.MINOR = 2 whereas a number >= 6 is expected. It comes from another PROJ installation.
2026-09-07 02:29:06,855 WARNING CPLE_AppDefined in PROJ: internal_proj_create_from_database: /opt/anaconda3/share/proj/proj.db contains DATABASE.LAYOUT.VERSION.MINOR = 2 whereas a number >= 6 is expected. It comes from another PROJ installation.
2026-09-07 02:29:06,855 WARNING CPLE_AppDefined in PROJ: internal_proj_create_from_name: /opt/anaconda3/share/proj/proj.db contains DATABASE.LAYOUT.VERSION.MINOR = 2 whereas a number >= 6 is expected. It comes from another PROJ installation.
2026-09-07 02:29:06,887 WARNING CPLE_AppDefined in PROJ: internal_proj_create_from_database: /opt/anaconda3/share/proj/proj.db contains DATABASE.LAYOUT.VERSION.MINOR = 2 whereas a number >= 6 is expected. It comes from another PROJ installation.
2026-09-07 02:29:06,887 WARNING CPLE_AppDefined in PROJ: internal_proj_create_from_name: /opt/anaconda3/share/proj/proj.db contains DATABASE.LAYOUT.VERSION.MINOR = 2 whereas a number >= 6 is expected. It comes from another PROJ installation.
2026-09-07 02:29:06,920 WARNING CPLE_AppDefined in PROJ: internal_proj_create_from_database: /opt/anaconda3/share/proj/proj.db contains DATABASE.LAYOUT.VERSION.MINOR = 2 whereas a number >= 6 is expected. It comes from another PROJ installation.
2026-09-07 02:29:06,920 WARNING CPLE_AppDefined in PROJ: internal_proj_create_from_name: /opt/anaconda3/share/proj/proj.db contains DATABASE.LAYOUT.VERSION.MINOR = 2 whereas a number >= 6 is expected. It comes from another PROJ installation.
2026-09-07 02:29:06,951 WARNING CPLE_AppDefined in PROJ: internal_proj_create_from_database: /opt/anaconda3/share/proj/proj.db contains DATABASE.LAYOUT.VERSION.MINOR = 2 whereas a number >= 6 is expected. It comes from another PROJ installation.
2026-09-07 02:29:06,951 WARNING CPLE_AppDefined in PROJ: internal_proj_create_from_name: /opt/anaconda3/share/proj/proj.db contains DATABASE.LAYOUT.VERSION.MINOR = 2 whereas a number >= 6 is expected. It comes from another PROJ installation.
2026-09-07 02:29:06,981 WARNING CPLE_AppDefined in PROJ: internal_proj_create_from_database: /opt/anaconda3/share/proj/proj.db contains DATABASE.LAYOUT.VERSION.MINOR = 2 whereas a number >= 6 is expected. It comes from another PROJ installation.
2026-09-07 02:29:06,981 WARNING CPLE_AppDefined in PROJ: internal_proj_create_from_name: /opt/anaconda3/share/proj/proj.db contains DATABASE.LAYOUT.VERSION.MINOR = 2 whereas a number >= 6 is expected. It comes from another PROJ installation.
2026-09-07 02:29:07,013 WARNING CPLE_AppDefined in PROJ: internal_proj_create_from_database: /opt/anaconda3/share/proj/proj.db contains DATABASE.LAYOUT.VERSION.MINOR = 2 whereas a number >= 6 is expected. It comes from another PROJ installation.
2026-09-07 02:29:07,013 WARNING CPLE_AppDefined in PROJ: internal_proj_create_from_name: /opt/anaconda3/share/proj/proj.db contains DATABASE.LAYOUT.VERSION.MINOR = 2 whereas a number >= 6 is expected. It comes from another PROJ installation.
2026-09-07 02:29:07,045 WARNING CPLE_AppDefined in PROJ: internal_proj_create_from_database: /opt/anaconda3/share/proj/proj.db contains DATABASE.LAYOUT.VERSION.MINOR = 2 whereas a number >= 6 is expected. It comes from another PROJ installation.
2026-09-07 02:29:07,045 WARNING CPLE_AppDefined in PROJ: internal_proj_create_from_name: /opt/anaconda3/share/proj/proj.db contains DATABASE.LAYOUT.VERSION.MINOR = 2 whereas a number >= 6 is expected. It comes from another PROJ installation.
2026-09-07 02:29:07,076 WARNING CPLE_AppDefined in PROJ: internal_proj_create_from_database: /opt/anaconda3/share/proj/proj.db contains DATABASE.LAYOUT.VERSION.MINOR = 2 whereas a number >= 6 is expected. It comes from another PROJ installation.
2026-09-07 02:29:07,076 WARNING CPLE_AppDefined in PROJ: internal_proj_create_from_name: /opt/anaconda3/share/proj/proj.db contains DATABASE.LAYOUT.VERSION.MINOR = 2 whereas a number >= 6 is expected. It comes from another PROJ installation.
2026-09-07 02:29:07,108 WARNING CPLE_AppDefined in PROJ: internal_proj_create_from_database: /opt/anaconda3/share/proj/proj.db contains DATABASE.LAYOUT.VERSION.MINOR = 2 whereas a number >= 6 is expected. It comes from another PROJ installation.
2026-09-07 02:29:07,108 WARNING CPLE_AppDefined in PROJ: internal_proj_create_from_name: /opt/anaconda3/share/proj/proj.db contains DATABASE.LAYOUT.VERSION.MINOR = 2 whereas a number >= 6 is expected. It comes from another PROJ installation.
2026-09-07 02:29:07,165 WARNING CPLE_AppDefined in PROJ: internal_proj_create_from_database: /opt/anaconda3/share/proj/proj.db contains DATABASE.LAYOUT.VERSION.MINOR = 2 whereas a number >= 6 is expected. It comes from another PROJ installation.
2026-09-07 02:29:07,165 WARNING CPLE_AppDefined in PROJ: internal_proj_create_from_name: /opt/anaconda3/share/proj/proj.db contains DATABASE.LAYOUT.VERSION.MINOR = 2 whereas a number >= 6 is expected. It comes from another PROJ installation.
2026-09-07 02:29:07,197 WARNING CPLE_AppDefined in PROJ: internal_proj_create_from_database: /opt/anaconda3/share/proj/proj.db contains DATABASE.LAYOUT.VERSION.MINOR = 2 whereas a number >= 6 is expected. It comes from another PROJ installation.
2026-09-07 02:29:07,197 WARNING CPLE_AppDefined in PROJ: internal_proj_create_from_name: /opt/anaconda3/share/proj/proj.db contains DATABASE.LAYOUT.VERSION.MINOR = 2 whereas a number >= 6 is expected. It comes from another PROJ installation.
2026-09-07 02:29:07,228 WARNING CPLE_AppDefined in PROJ: internal_proj_create_from_database: /opt/anaconda3/share/proj/proj.db contains DATABASE.LAYOUT.VERSION.MINOR = 2 whereas a number >= 6 is expected. It comes from another PROJ installation.
2026-09-07 02:29:07,228 WARNING CPLE_AppDefined in PROJ: internal_proj_create_from_name: /opt/anaconda3/share/proj/proj.db contains DATABASE.LAYOUT.VERSION.MINOR = 2 whereas a number >= 6 is expected. It comes from another PROJ installation.
2026-09-07 02:29:07,259 WARNING CPLE_AppDefined in PROJ: internal_proj_create_from_database: /opt/anaconda3/share/proj/proj.db contains DATABASE.LAYOUT.VERSION.MINOR = 2 whereas a number >= 6 is expected. It comes from another PROJ installation.
2026-09-07 02:29:07,259 WARNING CPLE_AppDefined in PROJ: internal_proj_create_from_name: /opt/anaconda3/share/proj/proj.db contains DATABASE.LAYOUT.VERSION.MINOR = 2 whereas a number >= 6 is expected. It comes from another PROJ installation.
2026-09-07 02:29:07,290 WARNING CPLE_AppDefined in PROJ: internal_proj_create_from_database: /opt/anaconda3/share/proj/proj.db contains DATABASE.LAYOUT.VERSION.MINOR = 2 whereas a number >= 6 is expected. It comes from another PROJ installation.
2026-09-07 02:29:07,290 WARNING CPLE_AppDefined in PROJ: internal_proj_create_from_name: /opt/anaconda3/share/proj/proj.db contains DATABASE.LAYOUT.VERSION.MINOR = 2 whereas a number >= 6 is expected. It comes from another PROJ installation.
2026-09-07 02:29:07,321 WARNING CPLE_AppDefined in PROJ: internal_proj_create_from_database: /opt/anaconda3/share/proj/proj.db contains DATABASE.LAYOUT.VERSION.MINOR = 2 whereas a number >= 6 is expected. It comes from another PROJ installation.
2026-09-07 02:29:07,321 WARNING CPLE_AppDefined in PROJ: internal_proj_create_from_name: /opt/anaconda3/share/proj/proj.db contains DATABASE.LAYOUT.VERSION.MINOR = 2 whereas a number >= 6 is expected. It comes from another PROJ installation.
2026-09-07 02:29:07,352 WARNING CPLE_AppDefined in PROJ: internal_proj_create_from_database: /opt/anaconda3/share/proj/proj.db contains DATABASE.LAYOUT.VERSION.MINOR = 2 whereas a number >= 6 is expected. It comes from another PROJ installation.
2026-09-07 02:29:07,352 WARNING CPLE_AppDefined in PROJ: internal_proj_create_from_name: /opt/anaconda3/share/proj/proj.db contains DATABASE.LAYOUT.VERSION.MINOR = 2 whereas a number >= 6 is expected. It comes from another PROJ installation.
2026-09-07 02:29:07,383 WARNING CPLE_AppDefined in PROJ: internal_proj_create_from_database: /opt/anaconda3/share/proj/proj.db contains DATABASE.LAYOUT.VERSION.MINOR = 2 whereas a number >= 6 is expected. It comes from another PROJ installation.
2026-09-07 02:29:07,383 WARNING CPLE_AppDefined in PROJ: internal_proj_create_from_name: /opt/anaconda3/share/proj/proj.db contains DATABASE.LAYOUT.VERSION.MINOR = 2 whereas a number >= 6 is expected. It comes from another PROJ installation.
2026-09-07 02:29:07,412 WARNING CPLE_AppDefined in PROJ: internal_proj_create_from_database: /opt/anaconda3/share/proj/proj.db contains DATABASE.LAYOUT.VERSION.MINOR = 2 whereas a number >= 6 is expected. It comes from another PROJ installation.
2026-09-07 02:29:07,412 WARNING CPLE_AppDefined in PROJ: internal_proj_create_from_name: /opt/anaconda3/share/proj/proj.db contains DATABASE.LAYOUT.VERSION.MINOR = 2 whereas a number >= 6 is expected. It comes from another PROJ installation.
2026-09-07 02:29:07,442 WARNING CPLE_AppDefined in PROJ: internal_proj_create_from_database: /opt/anaconda3/share/proj/proj.db contains DATABASE.LAYOUT.VERSION.MINOR = 2 whereas a number >= 6 is expected. It comes from another PROJ installation.
2026-09-07 02:29:07,442 WARNING CPLE_AppDefined in PROJ: internal_proj_create_from_name: /opt/anaconda3/share/proj/proj.db contains DATABASE.LAYOUT.VERSION.MINOR = 2 whereas a number >= 6 is expected. It comes from another PROJ installation.
2026-09-07 02:29:07,472 WARNING CPLE_AppDefined in PROJ: internal_proj_create_from_database: /opt/anaconda3/share/proj/proj.db contains DATABASE.LAYOUT.VERSION.MINOR = 2 whereas a number >= 6 is expected. It comes from another PROJ installation.
2026-09-07 02:29:07,472 WARNING CPLE_AppDefined in PROJ: internal_proj_create_from_name: /opt/anaconda3/share/proj/proj.db contains DATABASE.LAYOUT.VERSION.MINOR = 2 whereas a number >= 6 is expected. It comes from another PROJ installation.
2026-09-07 02:29:07,502 WARNING CPLE_AppDefined in PROJ: internal_proj_create_from_database: /opt/anaconda3/share/proj/proj.db contains DATABASE.LAYOUT.VERSION.MINOR = 2 whereas a number >= 6 is expected. It comes from another PROJ installation.
2026-09-07 02:29:07,502 WARNING CPLE_AppDefined in PROJ: internal_proj_create_from_name: /opt/anaconda3/share/proj/proj.db contains DATABASE.LAYOUT.VERSION.MINOR = 2 whereas a number >= 6 is expected. It comes from another PROJ installation.
2026-09-07 02:29:07,532 WARNING CPLE_AppDefined in PROJ: internal_proj_create_from_database: /opt/anaconda3/share/proj/proj.db contains DATABASE.LAYOUT.VERSION.MINOR = 2 whereas a number >= 6 is expected. It comes from another PROJ installation.
2026-09-07 02:29:07,532 WARNING CPLE_AppDefined in PROJ: internal_proj_create_from_name: /opt/anaconda3/share/proj/proj.db contains DATABASE.LAYOUT.VERSION.MINOR = 2 whereas a number >= 6 is expected. It comes from another PROJ installation.
2026-09-07 02:29:07,562 WARNING CPLE_AppDefined in PROJ: internal_proj_create_from_database: /opt/anaconda3/share/proj/proj.db contains DATABASE.LAYOUT.VERSION.MINOR = 2 whereas a number >= 6 is expected. It comes from another PROJ installation.
2026-09-07 02:29:07,562 WARNING CPLE_AppDefined in PROJ: internal_proj_create_from_name: /opt/anaconda3/share/proj/proj.db contains DATABASE.LAYOUT.VERSION.MINOR = 2 whereas a number >= 6 is expected. It comes from another PROJ installation.
2026-09-07 02:29:07,595 WARNING CPLE_AppDefined in PROJ: internal_proj_create_from_database: /opt/anaconda3/share/proj/proj.db contains DATABASE.LAYOUT.VERSION.MINOR = 2 whereas a number >= 6 is expected. It comes from another PROJ installation.
2026-09-07 02:29:07,595 WARNING CPLE_AppDefined in PROJ: internal_proj_create_from_name: /opt/anaconda3/share/proj/proj.db contains DATABASE.LAYOUT.VERSION.MINOR = 2 whereas a number >= 6 is expected. It comes from another PROJ installation.
2026-09-07 02:29:07,625 WARNING CPLE_AppDefined in PROJ: internal_proj_create_from_database: /opt/anaconda3/share/proj/proj.db contains DATABASE.LAYOUT.VERSION.MINOR = 2 whereas a number >= 6 is expected. It comes from another PROJ installation.
2026-09-07 02:29:07,625 WARNING CPLE_AppDefined in PROJ: internal_proj_create_from_name: /opt/anaconda3/share/proj/proj.db contains DATABASE.LAYOUT.VERSION.MINOR = 2 whereas a number >= 6 is expected. It comes from another PROJ installation.
2026-09-07 02:29:07,657 WARNING CPLE_AppDefined in PROJ: internal_proj_create_from_database: /opt/anaconda3/share/proj/proj.db contains DATABASE.LAYOUT.VERSION.MINOR = 2 whereas a number >= 6 is expected. It comes from another PROJ installation.
2026-09-07 02:29:07,657 WARNING CPLE_AppDefined in PROJ: internal_proj_create_from_name: /opt/anaconda3/share/proj/proj.db contains DATABASE.LAYOUT.VERSION.MINOR = 2 whereas a number >= 6 is expected. It comes from another PROJ installation.
2026-09-07 02:29:07,690 WARNING CPLE_AppDefined in PROJ: internal_proj_create_from_database: /opt/anaconda3/share/proj/proj.db contains DATABASE.LAYOUT.VERSION.MINOR = 2 whereas a number >= 6 is expected. It comes from another PROJ installation.
2026-09-07 02:29:07,690 WARNING CPLE_AppDefined in PROJ: internal_proj_create_from_name: /opt/anaconda3/share/proj/proj.db contains DATABASE.LAYOUT.VERSION.MINOR = 2 whereas a number >= 6 is expected. It comes from another PROJ installation.
2026-09-07 02:29:07,720 WARNING CPLE_AppDefined in PROJ: internal_proj_create_from_database: /opt/anaconda3/share/proj/proj.db contains DATABASE.LAYOUT.VERSION.MINOR = 2 whereas a number >= 6 is expected. It comes from another PROJ installation.
2026-09-07 02:29:07,720 WARNING CPLE_AppDefined in PROJ: internal_proj_create_from_name: /opt/anaconda3/share/proj/proj.db contains DATABASE.LAYOUT.VERSION.MINOR = 2 whereas a number >= 6 is expected. It comes from another PROJ installation.
2026-09-07 02:29:07,750 WARNING CPLE_AppDefined in PROJ: internal_proj_create_from_database: /opt/anaconda3/share/proj/proj.db contains DATABASE.LAYOUT.VERSION.MINOR = 2 whereas a number >= 6 is expected. It comes from another PROJ installation.
2026-09-07 02:29:07,751 WARNING CPLE_AppDefined in PROJ: internal_proj_create_from_name: /opt/anaconda3/share/proj/proj.db contains DATABASE.LAYOUT.VERSION.MINOR = 2 whereas a number >= 6 is expected. It comes from another PROJ installation.
2026-09-07 02:29:07,781 WARNING CPLE_AppDefined in PROJ: internal_proj_create_from_database: /opt/anaconda3/share/proj/proj.db contains DATABASE.LAYOUT.VERSION.MINOR = 2 whereas a number >= 6 is expected. It comes from another PROJ installation.
2026-09-07 02:29:07,781 WARNING CPLE_AppDefined in PROJ: internal_proj_create_from_name: /opt/anaconda3/share/proj/proj.db contains DATABASE.LAYOUT.VERSION.MINOR = 2 whereas a number >= 6 is expected. It comes from another PROJ installation.
2026-09-07 02:29:07,812 WARNING CPLE_AppDefined in PROJ: internal_proj_create_from_database: /opt/anaconda3/share/proj/proj.db contains DATABASE.LAYOUT.VERSION.MINOR = 2 whereas a number >= 6 is expected. It comes from another PROJ installation.
2026-09-07 02:29:07,812 WARNING CPLE_AppDefined in PROJ: internal_proj_create_from_name: /opt/anaconda3/share/proj/proj.db contains DATABASE.LAYOUT.VERSION.MINOR = 2 whereas a number >= 6 is expected. It comes from another PROJ installation.
2026-09-07 02:29:07,842 WARNING CPLE_AppDefined in PROJ: internal_proj_create_from_database: /opt/anaconda3/share/proj/proj.db contains DATABASE.LAYOUT.VERSION.MINOR = 2 whereas a number >= 6 is expected. It comes from another PROJ installation.
2026-09-07 02:29:07,843 WARNING CPLE_AppDefined in PROJ: internal_proj_create_from_name: /opt/anaconda3/share/proj/proj.db contains DATABASE.LAYOUT.VERSION.MINOR = 2 whereas a number >= 6 is expected. It comes from another PROJ installation.
2026-09-07 02:29:07,873 WARNING CPLE_AppDefined in PROJ: internal_proj_create_from_database: /opt/anaconda3/share/proj/proj.db contains DATABASE.LAYOUT.VERSION.MINOR = 2 whereas a number >= 6 is expected. It comes from another PROJ installation.
2026-09-07 02:29:07,874 WARNING CPLE_AppDefined in PROJ: internal_proj_create_from_name: /opt/anaconda3/share/proj/proj.db contains DATABASE.LAYOUT.VERSION.MINOR = 2 whereas a number >= 6 is expected. It comes from another PROJ installation.
2026-09-07 02:29:07,904 WARNING CPLE_AppDefined in PROJ: internal_proj_create_from_database: /opt/anaconda3/share/proj/proj.db contains DATABASE.LAYOUT.VERSION.MINOR = 2 whereas a number >= 6 is expected. It comes from another PROJ installation.
2026-09-07 02:29:07,904 WARNING CPLE_AppDefined in PROJ: internal_proj_create_from_name: /opt/anaconda3/share/proj/proj.db contains DATABASE.LAYOUT.VERSION.MINOR = 2 whereas a number >= 6 is expected. It comes from another PROJ installation.
2026-09-07 02:29:07,935 WARNING CPLE_AppDefined in PROJ: internal_proj_create_from_database: /opt/anaconda3/share/proj/proj.db contains DATABASE.LAYOUT.VERSION.MINOR = 2 whereas a number >= 6 is expected. It comes from another PROJ installation.
2026-09-07 02:29:07,935 WARNING CPLE_AppDefined in PROJ: internal_proj_create_from_name: /opt/anaconda3/share/proj/proj.db contains DATABASE.LAYOUT.VERSION.MINOR = 2 whereas a number >= 6 is expected. It comes from another PROJ installation.
2026-09-07 02:29:07,965 WARNING CPLE_AppDefined in PROJ: internal_proj_create_from_database: /opt/anaconda3/share/proj/proj.db contains DATABASE.LAYOUT.VERSION.MINOR = 2 whereas a number >= 6 is expected. It comes from another PROJ installation.
2026-09-07 02:29:07,965 WARNING CPLE_AppDefined in PROJ: internal_proj_create_from_name: /opt/anaconda3/share/proj/proj.db contains DATABASE.LAYOUT.VERSION.MINOR = 2 whereas a number >= 6 is expected. It comes from another PROJ installation.
2026-09-07 02:29:07,995 WARNING CPLE_AppDefined in PROJ: internal_proj_create_from_database: /opt/anaconda3/share/proj/proj.db contains DATABASE.LAYOUT.VERSION.MINOR = 2 whereas a number >= 6 is expected. It comes from another PROJ installation.
2026-09-07 02:29:07,996 WARNING CPLE_AppDefined in PROJ: internal_proj_create_from_name: /opt/anaconda3/share/proj/proj.db contains DATABASE.LAYOUT.VERSION.MINOR = 2 whereas a number >= 6 is expected. It comes from another PROJ installation.
2026-09-07 02:29:08,026 WARNING CPLE_AppDefined in PROJ: internal_proj_create_from_database: /opt/anaconda3/share/proj/proj.db contains DATABASE.LAYOUT.VERSION.MINOR = 2 whereas a number >= 6 is expected. It comes from another PROJ installation.
2026-09-07 02:29:08,026 WARNING CPLE_AppDefined in PROJ: internal_proj_create_from_name: /opt/anaconda3/share/proj/proj.db contains DATABASE.LAYOUT.VERSION.MINOR = 2 whereas a number >= 6 is expected. It comes from another PROJ installation.
2026-09-07 02:29:08,056 WARNING CPLE_AppDefined in PROJ: internal_proj_create_from_database: /opt/anaconda3/share/proj/proj.db contains DATABASE.LAYOUT.VERSION.MINOR = 2 whereas a number >= 6 is expected. It comes from another PROJ installation.
2026-09-07 02:29:08,056 WARNING CPLE_AppDefined in PROJ: internal_proj_create_from_name: /opt/anaconda3/share/proj/proj.db contains DATABASE.LAYOUT.VERSION.MINOR = 2 whereas a number >= 6 is expected. It comes from another PROJ installation.
2026-09-07 02:29:08,087 WARNING CPLE_AppDefined in PROJ: internal_proj_create_from_database: /opt/anaconda3/share/proj/proj.db contains DATABASE.LAYOUT.VERSION.MINOR = 2 whereas a number >= 6 is expected. It comes from another PROJ installation.
2026-09-07 02:29:08,087 WARNING CPLE_AppDefined in PROJ: internal_proj_create_from_name: /opt/anaconda3/share/proj/proj.db contains DATABASE.LAYOUT.VERSION.MINOR = 2 whereas a number >= 6 is expected. It comes from another PROJ installation.
2026-09-07 02:29:08,118 WARNING CPLE_AppDefined in PROJ: internal_proj_create_from_database: /opt/anaconda3/share/proj/proj.db contains DATABASE.LAYOUT.VERSION.MINOR = 2 whereas a number >= 6 is expected. It comes from another PROJ installation.
2026-09-07 02:29:08,118 WARNING CPLE_AppDefined in PROJ: internal_proj_create_from_name: /opt/anaconda3/share/proj/proj.db contains DATABASE.LAYOUT.VERSION.MINOR = 2 whereas a number >= 6 is expected. It comes from another PROJ installation.
2026-09-07 02:29:08,148 WARNING CPLE_AppDefined in PROJ: internal_proj_create_from_database: /opt/anaconda3/share/proj/proj.db contains DATABASE.LAYOUT.VERSION.MINOR = 2 whereas a number >= 6 is expected. It comes from another PROJ installation.
2026-09-07 02:29:08,148 WARNING CPLE_AppDefined in PROJ: internal_proj_create_from_name: /opt/anaconda3/share/proj/proj.db contains DATABASE.LAYOUT.VERSION.MINOR = 2 whereas a number >= 6 is expected. It comes from another PROJ installation.
2026-09-07 02:29:08,179 WARNING CPLE_AppDefined in PROJ: internal_proj_create_from_database: /opt/anaconda3/share/proj/proj.db contains DATABASE.LAYOUT.VERSION.MINOR = 2 whereas a number >= 6 is expected. It comes from another PROJ installation.
2026-09-07 02:29:08,179 WARNING CPLE_AppDefined in PROJ: internal_proj_create_from_name: /opt/anaconda3/share/proj/proj.db contains DATABASE.LAYOUT.VERSION.MINOR = 2 whereas a number >= 6 is expected. It comes from another PROJ installation.
2026-09-07 02:29:08,210 WARNING CPLE_AppDefined in PROJ: internal_proj_create_from_database: /opt/anaconda3/share/proj/proj.db contains DATABASE.LAYOUT.VERSION.MINOR = 2 whereas a number >= 6 is expected. It comes from another PROJ installation.
2026-09-07 02:29:08,210 WARNING CPLE_AppDefined in PROJ: internal_proj_create_from_name: /opt/anaconda3/share/proj/proj.db contains DATABASE.LAYOUT.VERSION.MINOR = 2 whereas a number >= 6 is expected. It comes from another PROJ installation.
2026-09-07 02:29:08,241 WARNING CPLE_AppDefined in PROJ: internal_proj_create_from_database: /opt/anaconda3/share/proj/proj.db contains DATABASE.LAYOUT.VERSION.MINOR = 2 whereas a number >= 6 is expected. It comes from another PROJ installation.
2026-09-07 02:29:08,241 WARNING CPLE_AppDefined in PROJ: internal_proj_create_from_name: /opt/anaconda3/share/proj/proj.db contains DATABASE.LAYOUT.VERSION.MINOR = 2 whereas a number >= 6 is expected. It comes from another PROJ installation.
2026-09-07 02:29:08,272 WARNING CPLE_AppDefined in PROJ: internal_proj_create_from_database: /opt/anaconda3/share/proj/proj.db contains DATABASE.LAYOUT.VERSION.MINOR = 2 whereas a number >= 6 is expected. It comes from another PROJ installation.
2026-09-07 02:29:08,272 WARNING CPLE_AppDefined in PROJ: internal_proj_create_from_name: /opt/anaconda3/share/proj/proj.db contains DATABASE.LAYOUT.VERSION.MINOR = 2 whereas a number >= 6 is expected. It comes from another PROJ installation.
2026-09-07 02:29:08,302 WARNING CPLE_AppDefined in PROJ: internal_proj_create_from_database: /opt/anaconda3/share/proj/proj.db contains DATABASE.LAYOUT.VERSION.MINOR = 2 whereas a number >= 6 is expected. It comes from another PROJ installation.
2026-09-07 02:29:08,302 WARNING CPLE_AppDefined in PROJ: internal_proj_create_from_name: /opt/anaconda3/share/proj/proj.db contains DATABASE.LAYOUT.VERSION.MINOR = 2 whereas a number >= 6 is expected. It comes from another PROJ installation.
2026-09-07 02:29:08,333 WARNING CPLE_AppDefined in PROJ: internal_proj_create_from_database: /opt/anaconda3/share/proj/proj.db contains DATABASE.LAYOUT.VERSION.MINOR = 2 whereas a number >= 6 is expected. It comes from another PROJ installation.
2026-09-07 02:29:08,333 WARNING CPLE_AppDefined in PROJ: internal_proj_create_from_name: /opt/anaconda3/share/proj/proj.db contains DATABASE.LAYOUT.VERSION.MINOR = 2 whereas a number >= 6 is expected. It comes from another PROJ installation.
2026-09-07 02:29:08,363 WARNING CPLE_AppDefined in PROJ: internal_proj_create_from_database: /opt/anaconda3/share/proj/proj.db contains DATABASE.LAYOUT.VERSION.MINOR = 2 whereas a number >= 6 is expected. It comes from another PROJ installation.
2026-09-07 02:29:08,363 WARNING CPLE_AppDefined in PROJ: internal_proj_create_from_name: /opt/anaconda3/share/proj/proj.db contains DATABASE.LAYOUT.VERSION.MINOR = 2 whereas a number >= 6 is expected. It comes from another PROJ installation.
2026-09-07 02:29:08,393 WARNING CPLE_AppDefined in PROJ: internal_proj_create_from_database: /opt/anaconda3/share/proj/proj.db contains DATABASE.LAYOUT.VERSION.MINOR = 2 whereas a number >= 6 is expected. It comes from another PROJ installation.
2026-09-07 02:29:08,394 WARNING CPLE_AppDefined in PROJ: internal_proj_create_from_name: /opt/anaconda3/share/proj/proj.db contains DATABASE.LAYOUT.VERSION.MINOR = 2 whereas a number >= 6 is expected. It comes from another PROJ installation.
2026-09-07 02:29:08,424 WARNING CPLE_AppDefined in PROJ: internal_proj_create_from_database: /opt/anaconda3/share/proj/proj.db contains DATABASE.LAYOUT.VERSION.MINOR = 2 whereas a number >= 6 is expected. It comes from another PROJ installation.
2026-09-07 02:29:08,424 WARNING CPLE_AppDefined in PROJ: internal_proj_create_from_name: /opt/anaconda3/share/proj/proj.db contains DATABASE.LAYOUT.VERSION.MINOR = 2 whereas a number >= 6 is expected. It comes from another PROJ installation.
2026-09-07 02:29:08,455 WARNING CPLE_AppDefined in PROJ: internal_proj_create_from_database: /opt/anaconda3/share/proj/proj.db contains DATABASE.LAYOUT.VERSION.MINOR = 2 whereas a number >= 6 is expected. It comes from another PROJ installation.
2026-09-07 02:29:08,455 WARNING CPLE_AppDefined in PROJ: internal_proj_create_from_name: /opt/anaconda3/share/proj/proj.db contains DATABASE.LAYOUT.VERSION.MINOR = 2 whereas a number >= 6 is expected. It comes from another PROJ installation.
2026-09-07 02:29:08,486 WARNING CPLE_AppDefined in PROJ: internal_proj_create_from_database: /opt/anaconda3/share/proj/proj.db contains DATABASE.LAYOUT.VERSION.MINOR = 2 whereas a number >= 6 is expected. It comes from another PROJ installation.
2026-09-07 02:29:08,486 WARNING CPLE_AppDefined in PROJ: internal_proj_create_from_name: /opt/anaconda3/share/proj/proj.db contains DATABASE.LAYOUT.VERSION.MINOR = 2 whereas a number >= 6 is expected. It comes from another PROJ installation.
2026-09-07 02:29:08,516 WARNING CPLE_AppDefined in PROJ: internal_proj_create_from_database: /opt/anaconda3/share/proj/proj.db contains DATABASE.LAYOUT.VERSION.MINOR = 2 whereas a number >= 6 is expected. It comes from another PROJ installation.
2026-09-07 02:29:08,516 WARNING CPLE_AppDefined in PROJ: internal_proj_create_from_name: /opt/anaconda3/share/proj/proj.db contains DATABASE.LAYOUT.VERSION.MINOR = 2 whereas a number >= 6 is expected. It comes from another PROJ installation.
2026-09-07 02:29:08,547 WARNING CPLE_AppDefined in PROJ: internal_proj_create_from_database: /opt/anaconda3/share/proj/proj.db contains DATABASE.LAYOUT.VERSION.MINOR = 2 whereas a number >= 6 is expected. It comes from another PROJ installation.
2026-09-07 02:29:08,547 WARNING CPLE_AppDefined in PROJ: internal_proj_create_from_name: /opt/anaconda3/share/proj/proj.db contains DATABASE.LAYOUT.VERSION.MINOR = 2 whereas a number >= 6 is expected. It comes from another PROJ installation.
2026-09-07 02:29:08,581 WARNING CPLE_AppDefined in PROJ: internal_proj_create_from_database: /opt/anaconda3/share/proj/proj.db contains DATABASE.LAYOUT.VERSION.MINOR = 2 whereas a number >= 6 is expected. It comes from another PROJ installation.
2026-09-07 02:29:08,581 WARNING CPLE_AppDefined in PROJ: internal_proj_create_from_name: /opt/anaconda3/share/proj/proj.db contains DATABASE.LAYOUT.VERSION.MINOR = 2 whereas a number >= 6 is expected. It comes from another PROJ installation.
2026-09-07 02:29:08,617 WARNING CPLE_AppDefined in PROJ: internal_proj_create_from_database: /opt/anaconda3/share/proj/proj.db contains DATABASE.LAYOUT.VERSION.MINOR = 2 whereas a number >= 6 is expected. It comes from another PROJ installation.
2026-09-07 02:29:08,617 WARNING CPLE_AppDefined in PROJ: internal_proj_create_from_name: /opt/anaconda3/share/proj/proj.db contains DATABASE.LAYOUT.VERSION.MINOR = 2 whereas a number >= 6 is expected. It comes from another PROJ installation.
2026-09-07 02:29:08,651 WARNING CPLE_AppDefined in PROJ: internal_proj_create_from_database: /opt/anaconda3/share/proj/proj.db contains DATABASE.LAYOUT.VERSION.MINOR = 2 whereas a number >= 6 is expected. It comes from another PROJ installation.
2026-09-07 02:29:08,651 WARNING CPLE_AppDefined in PROJ: internal_proj_create_from_name: /opt/anaconda3/share/proj/proj.db contains DATABASE.LAYOUT.VERSION.MINOR = 2 whereas a number >= 6 is expected. It comes from another PROJ installation.
2026-09-07 02:29:08,685 WARNING CPLE_AppDefined in PROJ: internal_proj_create_from_database: /opt/anaconda3/share/proj/proj.db contains DATABASE.LAYOUT.VERSION.MINOR = 2 whereas a number >= 6 is expected. It comes from another PROJ installation.
2026-09-07 02:29:08,685 WARNING CPLE_AppDefined in PROJ: internal_proj_create_from_name: /opt/anaconda3/share/proj/proj.db contains DATABASE.LAYOUT.VERSION.MINOR = 2 whereas a number >= 6 is expected. It comes from another PROJ installation.
2026-09-07 02:29:08,718 WARNING CPLE_AppDefined in PROJ: internal_proj_create_from_database: /opt/anaconda3/share/proj/proj.db contains DATABASE.LAYOUT.VERSION.MINOR = 2 whereas a number >= 6 is expected. It comes from another PROJ installation.
2026-09-07 02:29:08,718 WARNING CPLE_AppDefined in PROJ: internal_proj_create_from_name: /opt/anaconda3/share/proj/proj.db contains DATABASE.LAYOUT.VERSION.MINOR = 2 whereas a number >= 6 is expected. It comes from another PROJ installation.
2026-09-07 02:29:08,752 WARNING CPLE_AppDefined in PROJ: internal_proj_create_from_database: /opt/anaconda3/share/proj/proj.db contains DATABASE.LAYOUT.VERSION.MINOR = 2 whereas a number >= 6 is expected. It comes from another PROJ installation.
2026-09-07 02:29:08,752 WARNING CPLE_AppDefined in PROJ: internal_proj_create_from_name: /opt/anaconda3/share/proj/proj.db contains DATABASE.LAYOUT.VERSION.MINOR = 2 whereas a number >= 6 is expected. It comes from another PROJ installation.
2026-09-07 02:29:08,785 WARNING CPLE_AppDefined in PROJ: internal_proj_create_from_database: /opt/anaconda3/share/proj/proj.db contains DATABASE.LAYOUT.VERSION.MINOR = 2 whereas a number >= 6 is expected. It comes from another PROJ installation.
2026-09-07 02:29:08,785 WARNING CPLE_AppDefined in PROJ: internal_proj_create_from_name: /opt/anaconda3/share/proj/proj.db contains DATABASE.LAYOUT.VERSION.MINOR = 2 whereas a number >= 6 is expected. It comes from another PROJ installation.
2026-09-07 02:29:08,820 WARNING CPLE_AppDefined in PROJ: internal_proj_create_from_database: /opt/anaconda3/share/proj/proj.db contains DATABASE.LAYOUT.VERSION.MINOR = 2 whereas a number >= 6 is expected. It comes from another PROJ installation.
2026-09-07 02:29:08,820 WARNING CPLE_AppDefined in PROJ: internal_proj_create_from_name: /opt/anaconda3/share/proj/proj.db contains DATABASE.LAYOUT.VERSION.MINOR = 2 whereas a number >= 6 is expected. It comes from another PROJ installation.
2026-09-07 02:29:08,891 WARNING CPLE_AppDefined in PROJ: internal_proj_create_from_database: /opt/anaconda3/share/proj/proj.db contains DATABASE.LAYOUT.VERSION.MINOR = 2 whereas a number >= 6 is expected. It comes from another PROJ installation.
2026-09-07 02:29:08,891 WARNING CPLE_AppDefined in PROJ: internal_proj_create_from_name: /opt/anaconda3/share/proj/proj.db contains DATABASE.LAYOUT.VERSION.MINOR = 2 whereas a number >= 6 is expected. It comes from another PROJ installation.
2026-09-07 02:29:08,921 WARNING CPLE_AppDefined in PROJ: internal_proj_create_from_database: /opt/anaconda3/share/proj/proj.db contains DATABASE.LAYOUT.VERSION.MINOR = 2 whereas a number >= 6 is expected. It comes from another PROJ installation.
2026-09-07 02:29:08,921 WARNING CPLE_AppDefined in PROJ: internal_proj_create_from_name: /opt/anaconda3/share/proj/proj.db contains DATABASE.LAYOUT.VERSION.MINOR = 2 whereas a number >= 6 is expected. It comes from another PROJ installation.
2026-09-07 02:29:08,952 WARNING CPLE_AppDefined in PROJ: internal_proj_create_from_database: /opt/anaconda3/share/proj/proj.db contains DATABASE.LAYOUT.VERSION.MINOR = 2 whereas a number >= 6 is expected. It comes from another PROJ installation.
2026-09-07 02:29:08,952 WARNING CPLE_AppDefined in PROJ: internal_proj_create_from_name: /opt/anaconda3/share/proj/proj.db contains DATABASE.LAYOUT.VERSION.MINOR = 2 whereas a number >= 6 is expected. It comes from another PROJ installation.
2026-09-07 02:29:08,982 WARNING CPLE_AppDefined in PROJ: internal_proj_create_from_database: /opt/anaconda3/share/proj/proj.db contains DATABASE.LAYOUT.VERSION.MINOR = 2 whereas a number >= 6 is expected. It comes from another PROJ installation.
2026-09-07 02:29:08,982 WARNING CPLE_AppDefined in PROJ: internal_proj_create_from_name: /opt/anaconda3/share/proj/proj.db contains DATABASE.LAYOUT.VERSION.MINOR = 2 whereas a number >= 6 is expected. It comes from another PROJ installation.
2026-09-07 02:29:09,013 WARNING CPLE_AppDefined in PROJ: internal_proj_create_from_database: /opt/anaconda3/share/proj/proj.db contains DATABASE.LAYOUT.VERSION.MINOR = 2 whereas a number >= 6 is expected. It comes from another PROJ installation.
2026-09-07 02:29:09,013 WARNING CPLE_AppDefined in PROJ: internal_proj_create_from_name: /opt/anaconda3/share/proj/proj.db contains DATABASE.LAYOUT.VERSION.MINOR = 2 whereas a number >= 6 is expected. It comes from another PROJ installation.
2026-09-07 02:29:09,043 WARNING CPLE_AppDefined in PROJ: internal_proj_create_from_database: /opt/anaconda3/share/proj/proj.db contains DATABASE.LAYOUT.VERSION.MINOR = 2 whereas a number >= 6 is expected. It comes from another PROJ installation.
2026-09-07 02:29:09,043 WARNING CPLE_AppDefined in PROJ: internal_proj_create_from_name: /opt/anaconda3/share/proj/proj.db contains DATABASE.LAYOUT.VERSION.MINOR = 2 whereas a number >= 6 is expected. It comes from another PROJ installation.
2026-09-07 02:29:09,074 WARNING CPLE_AppDefined in PROJ: internal_proj_create_from_database: /opt/anaconda3/share/proj/proj.db contains DATABASE.LAYOUT.VERSION.MINOR = 2 whereas a number >= 6 is expected. It comes from another PROJ installation.
2026-09-07 02:29:09,074 WARNING CPLE_AppDefined in PROJ: internal_proj_create_from_name: /opt/anaconda3/share/proj/proj.db contains DATABASE.LAYOUT.VERSION.MINOR = 2 whereas a number >= 6 is expected. It comes from another PROJ installation.
2026-09-07 02:29:09,104 WARNING CPLE_AppDefined in PROJ: internal_proj_create_from_database: /opt/anaconda3/share/proj/proj.db contains DATABASE.LAYOUT.VERSION.MINOR = 2 whereas a number >= 6 is expected. It comes from another PROJ installation.
2026-09-07 02:29:09,104 WARNING CPLE_AppDefined in PROJ: internal_proj_create_from_name: /opt/anaconda3/share/proj/proj.db contains DATABASE.LAYOUT.VERSION.MINOR = 2 whereas a number >= 6 is expected. It comes from another PROJ installation.
2026-09-07 02:29:09,133 WARNING CPLE_AppDefined in PROJ: internal_proj_create_from_database: /opt/anaconda3/share/proj/proj.db contains DATABASE.LAYOUT.VERSION.MINOR = 2 whereas a number >= 6 is expected. It comes from another PROJ installation.
2026-09-07 02:29:09,133 WARNING CPLE_AppDefined in PROJ: internal_proj_create_from_name: /opt/anaconda3/share/proj/proj.db contains DATABASE.LAYOUT.VERSION.MINOR = 2 whereas a number >= 6 is expected. It comes from another PROJ installation.
2026-09-07 02:29:09,163 WARNING CPLE_AppDefined in PROJ: internal_proj_create_from_database: /opt/anaconda3/share/proj/proj.db contains DATABASE.LAYOUT.VERSION.MINOR = 2 whereas a number >= 6 is expected. It comes from another PROJ installation.
2026-09-07 02:29:09,163 WARNING CPLE_AppDefined in PROJ: internal_proj_create_from_name: /opt/anaconda3/share/proj/proj.db contains DATABASE.LAYOUT.VERSION.MINOR = 2 whereas a number >= 6 is expected. It comes from another PROJ installation.
2026-09-07 02:29:09,194 WARNING CPLE_AppDefined in PROJ: internal_proj_create_from_database: /opt/anaconda3/share/proj/proj.db contains DATABASE.LAYOUT.VERSION.MINOR = 2 whereas a number >= 6 is expected. It comes from another PROJ installation.
2026-09-07 02:29:09,194 WARNING CPLE_AppDefined in PROJ: internal_proj_create_from_name: /opt/anaconda3/share/proj/proj.db contains DATABASE.LAYOUT.VERSION.MINOR = 2 whereas a number >= 6 is expected. It comes from another PROJ installation.
2026-09-07 02:29:09,224 WARNING CPLE_AppDefined in PROJ: internal_proj_create_from_database: /opt/anaconda3/share/proj/proj.db contains DATABASE.LAYOUT.VERSION.MINOR = 2 whereas a number >= 6 is expected. It comes from another PROJ installation.
2026-09-07 02:29:09,224 WARNING CPLE_AppDefined in PROJ: internal_proj_create_from_name: /opt/anaconda3/share/proj/proj.db contains DATABASE.LAYOUT.VERSION.MINOR = 2 whereas a number >= 6 is expected. It comes from another PROJ installation.
2026-09-07 02:29:09,254 WARNING CPLE_AppDefined in PROJ: internal_proj_create_from_database: /opt/anaconda3/share/proj/proj.db contains DATABASE.LAYOUT.VERSION.MINOR = 2 whereas a number >= 6 is expected. It comes from another PROJ installation.
2026-09-07 02:29:09,254 WARNING CPLE_AppDefined in PROJ: internal_proj_create_from_name: /opt/anaconda3/share/proj/proj.db contains DATABASE.LAYOUT.VERSION.MINOR = 2 whereas a number >= 6 is expected. It comes from another PROJ installation.
2026-09-07 02:29:09,284 WARNING CPLE_AppDefined in PROJ: internal_proj_create_from_database: /opt/anaconda3/share/proj/proj.db contains DATABASE.LAYOUT.VERSION.MINOR = 2 whereas a number >= 6 is expected. It comes from another PROJ installation.
2026-09-07 02:29:09,284 WARNING CPLE_AppDefined in PROJ: internal_proj_create_from_name: /opt/anaconda3/share/proj/proj.db contains DATABASE.LAYOUT.VERSION.MINOR = 2 whereas a number >= 6 is expected. It comes from another PROJ installation.
2026-09-07 02:29:09,314 WARNING CPLE_AppDefined in PROJ: internal_proj_create_from_database: /opt/anaconda3/share/proj/proj.db contains DATABASE.LAYOUT.VERSION.MINOR = 2 whereas a number >= 6 is expected. It comes from another PROJ installation.
2026-09-07 02:29:09,314 WARNING CPLE_AppDefined in PROJ: internal_proj_create_from_name: /opt/anaconda3/share/proj/proj.db contains DATABASE.LAYOUT.VERSION.MINOR = 2 whereas a number >= 6 is expected. It comes from another PROJ installation.
2026-09-07 02:29:09,344 WARNING CPLE_AppDefined in PROJ: internal_proj_create_from_database: /opt/anaconda3/share/proj/proj.db contains DATABASE.LAYOUT.VERSION.MINOR = 2 whereas a number >= 6 is expected. It comes from another PROJ installation.
2026-09-07 02:29:09,344 WARNING CPLE_AppDefined in PROJ: internal_proj_create_from_name: /opt/anaconda3/share/proj/proj.db contains DATABASE.LAYOUT.VERSION.MINOR = 2 whereas a number >= 6 is expected. It comes from another PROJ installation.
2026-09-07 02:29:09,375 WARNING CPLE_AppDefined in PROJ: internal_proj_create_from_database: /opt/anaconda3/share/proj/proj.db contains DATABASE.LAYOUT.VERSION.MINOR = 2 whereas a number >= 6 is expected. It comes from another PROJ installation.
2026-09-07 02:29:09,375 WARNING CPLE_AppDefined in PROJ: internal_proj_create_from_name: /opt/anaconda3/share/proj/proj.db contains DATABASE.LAYOUT.VERSION.MINOR = 2 whereas a number >= 6 is expected. It comes from another PROJ installation.
2026-09-07 02:29:09,405 WARNING CPLE_AppDefined in PROJ: internal_proj_create_from_database: /opt/anaconda3/share/proj/proj.db contains DATABASE.LAYOUT.VERSION.MINOR = 2 whereas a number >= 6 is expected. It comes from another PROJ installation.
2026-09-07 02:29:09,405 WARNING CPLE_AppDefined in PROJ: internal_proj_create_from_name: /opt/anaconda3/share/proj/proj.db contains DATABASE.LAYOUT.VERSION.MINOR = 2 whereas a number >= 6 is expected. It comes from another PROJ installation.
2026-09-07 02:29:09,435 WARNING CPLE_AppDefined in PROJ: internal_proj_create_from_database: /opt/anaconda3/share/proj/proj.db contains DATABASE.LAYOUT.VERSION.MINOR = 2 whereas a number >= 6 is expected. It comes from another PROJ installation.
2026-09-07 02:29:09,435 WARNING CPLE_AppDefined in PROJ: internal_proj_create_from_name: /opt/anaconda3/share/proj/proj.db contains DATABASE.LAYOUT.VERSION.MINOR = 2 whereas a number >= 6 is expected. It comes from another PROJ installation.
2026-09-07 02:29:09,465 WARNING CPLE_AppDefined in PROJ: internal_proj_create_from_database: /opt/anaconda3/share/proj/proj.db contains DATABASE.LAYOUT.VERSION.MINOR = 2 whereas a number >= 6 is expected. It comes from another PROJ installation.
2026-09-07 02:29:09,465 WARNING CPLE_AppDefined in PROJ: internal_proj_create_from_name: /opt/anaconda3/share/proj/proj.db contains DATABASE.LAYOUT.VERSION.MINOR = 2 whereas a number >= 6 is expected. It comes from another PROJ installation.
2026-09-07 02:29:09,495 WARNING CPLE_AppDefined in PROJ: internal_proj_create_from_database: /opt/anaconda3/share/proj/proj.db contains DATABASE.LAYOUT.VERSION.MINOR = 2 whereas a number >= 6 is expected. It comes from another PROJ installation.
2026-09-07 02:29:09,495 WARNING CPLE_AppDefined in PROJ: internal_proj_create_from_name: /opt/anaconda3/share/proj/proj.db contains DATABASE.LAYOUT.VERSION.MINOR = 2 whereas a number >= 6 is expected. It comes from another PROJ installation.
2026-09-07 02:29:09,526 WARNING CPLE_AppDefined in PROJ: internal_proj_create_from_database: /opt/anaconda3/share/proj/proj.db contains DATABASE.LAYOUT.VERSION.MINOR = 2 whereas a number >= 6 is expected. It comes from another PROJ installation.
2026-09-07 02:29:09,526 WARNING CPLE_AppDefined in PROJ: internal_proj_create_from_name: /opt/anaconda3/share/proj/proj.db contains DATABASE.LAYOUT.VERSION.MINOR = 2 whereas a number >= 6 is expected. It comes from another PROJ installation.
2026-09-07 02:29:09,556 WARNING CPLE_AppDefined in PROJ: internal_proj_create_from_database: /opt/anaconda3/share/proj/proj.db contains DATABASE.LAYOUT.VERSION.MINOR = 2 whereas a number >= 6 is expected. It comes from another PROJ installation.
2026-09-07 02:29:09,556 WARNING CPLE_AppDefined in PROJ: internal_proj_create_from_name: /opt/anaconda3/share/proj/proj.db contains DATABASE.LAYOUT.VERSION.MINOR = 2 whereas a number >= 6 is expected. It comes from another PROJ installation.
2026-09-07 02:29:09,585 WARNING CPLE_AppDefined in PROJ: internal_proj_create_from_database: /opt/anaconda3/share/proj/proj.db contains DATABASE.LAYOUT.VERSION.MINOR = 2 whereas a number >= 6 is expected. It comes from another PROJ installation.
2026-09-07 02:29:09,586 WARNING CPLE_AppDefined in PROJ: internal_proj_create_from_name: /opt/anaconda3/share/proj/proj.db contains DATABASE.LAYOUT.VERSION.MINOR = 2 whereas a number >= 6 is expected. It comes from another PROJ installation.
2026-09-07 02:29:09,616 WARNING CPLE_AppDefined in PROJ: internal_proj_create_from_database: /opt/anaconda3/share/proj/proj.db contains DATABASE.LAYOUT.VERSION.MINOR = 2 whereas a number >= 6 is expected. It comes from another PROJ installation.
2026-09-07 02:29:09,616 WARNING CPLE_AppDefined in PROJ: internal_proj_create_from_name: /opt/anaconda3/share/proj/proj.db contains DATABASE.LAYOUT.VERSION.MINOR = 2 whereas a number >= 6 is expected. It comes from another PROJ installation.
2026-09-07 02:29:09,646 WARNING CPLE_AppDefined in PROJ: internal_proj_create_from_database: /opt/anaconda3/share/proj/proj.db contains DATABASE.LAYOUT.VERSION.MINOR = 2 whereas a number >= 6 is expected. It comes from another PROJ installation.
2026-09-07 02:29:09,646 WARNING CPLE_AppDefined in PROJ: internal_proj_create_from_name: /opt/anaconda3/share/proj/proj.db contains DATABASE.LAYOUT.VERSION.MINOR = 2 whereas a number >= 6 is expected. It comes from another PROJ installation.
2026-09-07 02:29:09,676 WARNING CPLE_AppDefined in PROJ: internal_proj_create_from_database: /opt/anaconda3/share/proj/proj.db contains DATABASE.LAYOUT.VERSION.MINOR = 2 whereas a number >= 6 is expected. It comes from another PROJ installation.
2026-09-07 02:29:09,676 WARNING CPLE_AppDefined in PROJ: internal_proj_create_from_name: /opt/anaconda3/share/proj/proj.db contains DATABASE.LAYOUT.VERSION.MINOR = 2 whereas a number >= 6 is expected. It comes from another PROJ installation.
2026-09-07 02:29:09,706 WARNING CPLE_AppDefined in PROJ: internal_proj_create_from_database: /opt/anaconda3/share/proj/proj.db contains DATABASE.LAYOUT.VERSION.MINOR = 2 whereas a number >= 6 is expected. It comes from another PROJ installation.
2026-09-07 02:29:09,706 WARNING CPLE_AppDefined in PROJ: internal_proj_create_from_name: /opt/anaconda3/share/proj/proj.db contains DATABASE.LAYOUT.VERSION.MINOR = 2 whereas a number >= 6 is expected. It comes from another PROJ installation.
2026-09-07 02:29:09,737 WARNING CPLE_AppDefined in PROJ: internal_proj_create_from_database: /opt/anaconda3/share/proj/proj.db contains DATABASE.LAYOUT.VERSION.MINOR = 2 whereas a number >= 6 is expected. It comes from another PROJ installation.
2026-09-07 02:29:09,737 WARNING CPLE_AppDefined in PROJ: internal_proj_create_from_name: /opt/anaconda3/share/proj/proj.db contains DATABASE.LAYOUT.VERSION.MINOR = 2 whereas a number >= 6 is expected. It comes from another PROJ installation.
2026-09-07 02:29:09,767 WARNING CPLE_AppDefined in PROJ: internal_proj_create_from_database: /opt/anaconda3/share/proj/proj.db contains DATABASE.LAYOUT.VERSION.MINOR = 2 whereas a number >= 6 is expected. It comes from another PROJ installation.
2026-09-07 02:29:09,767 WARNING CPLE_AppDefined in PROJ: internal_proj_create_from_name: /opt/anaconda3/share/proj/proj.db contains DATABASE.LAYOUT.VERSION.MINOR = 2 whereas a number >= 6 is expected. It comes from another PROJ installation.
2026-09-07 02:29:09,796 WARNING CPLE_AppDefined in PROJ: internal_proj_create_from_database: /opt/anaconda3/share/proj/proj.db contains DATABASE.LAYOUT.VERSION.MINOR = 2 whereas a number >= 6 is expected. It comes from another PROJ installation.
2026-09-07 02:29:09,797 WARNING CPLE_AppDefined in PROJ: internal_proj_create_from_name: /opt/anaconda3/share/proj/proj.db contains DATABASE.LAYOUT.VERSION.MINOR = 2 whereas a number >= 6 is expected. It comes from another PROJ installation.
2026-09-07 02:29:09,826 WARNING CPLE_AppDefined in PROJ: internal_proj_create_from_database: /opt/anaconda3/share/proj/proj.db contains DATABASE.LAYOUT.VERSION.MINOR = 2 whereas a number >= 6 is expected. It comes from another PROJ installation.
2026-09-07 02:29:09,826 WARNING CPLE_AppDefined in PROJ: internal_proj_create_from_name: /opt/anaconda3/share/proj/proj.db contains DATABASE.LAYOUT.VERSION.MINOR = 2 whereas a number >= 6 is expected. It comes from another PROJ installation.
2026-09-07 02:29:09,856 WARNING CPLE_AppDefined in PROJ: internal_proj_create_from_database: /opt/anaconda3/share/proj/proj.db contains DATABASE.LAYOUT.VERSION.MINOR = 2 whereas a number >= 6 is expected. It comes from another PROJ installation.
2026-09-07 02:29:09,856 WARNING CPLE_AppDefined in PROJ: internal_proj_create_from_name: /opt/anaconda3/share/proj/proj.db contains DATABASE.LAYOUT.VERSION.MINOR = 2 whereas a number >= 6 is expected. It comes from another PROJ installation.
2026-09-07 02:29:09,886 WARNING CPLE_AppDefined in PROJ: internal_proj_create_from_database: /opt/anaconda3/share/proj/proj.db contains DATABASE.LAYOUT.VERSION.MINOR = 2 whereas a number >= 6 is expected. It comes from another PROJ installation.
2026-09-07 02:29:09,886 WARNING CPLE_AppDefined in PROJ: internal_proj_create_from_name: /opt/anaconda3/share/proj/proj.db contains DATABASE.LAYOUT.VERSION.MINOR = 2 whereas a number >= 6 is expected. It comes from another PROJ installation.
2026-09-07 02:29:09,916 WARNING CPLE_AppDefined in PROJ: internal_proj_create_from_database: /opt/anaconda3/share/proj/proj.db contains DATABASE.LAYOUT.VERSION.MINOR = 2 whereas a number >= 6 is expected. It comes from another PROJ installation.
2026-09-07 02:29:09,916 WARNING CPLE_AppDefined in PROJ: internal_proj_create_from_name: /opt/anaconda3/share/proj/proj.db contains DATABASE.LAYOUT.VERSION.MINOR = 2 whereas a number >= 6 is expected. It comes from another PROJ installation.
2026-09-07 02:29:09,946 WARNING CPLE_AppDefined in PROJ: internal_proj_create_from_database: /opt/anaconda3/share/proj/proj.db contains DATABASE.LAYOUT.VERSION.MINOR = 2 whereas a number >= 6 is expected. It comes from another PROJ installation.
2026-09-07 02:29:09,946 WARNING CPLE_AppDefined in PROJ: internal_proj_create_from_name: /opt/anaconda3/share/proj/proj.db contains DATABASE.LAYOUT.VERSION.MINOR = 2 whereas a number >= 6 is expected. It comes from another PROJ installation.
2026-09-07 02:29:09,976 WARNING CPLE_AppDefined in PROJ: internal_proj_create_from_database: /opt/anaconda3/share/proj/proj.db contains DATABASE.LAYOUT.VERSION.MINOR = 2 whereas a number >= 6 is expected. It comes from another PROJ installation.
2026-09-07 02:29:09,976 WARNING CPLE_AppDefined in PROJ: internal_proj_create_from_name: /opt/anaconda3/share/proj/proj.db contains DATABASE.LAYOUT.VERSION.MINOR = 2 whereas a number >= 6 is expected. It comes from another PROJ installation.
2026-09-07 02:29:10,005 WARNING CPLE_AppDefined in PROJ: internal_proj_create_from_database: /opt/anaconda3/share/proj/proj.db contains DATABASE.LAYOUT.VERSION.MINOR = 2 whereas a number >= 6 is expected. It comes from another PROJ installation.
2026-09-07 02:29:10,006 WARNING CPLE_AppDefined in PROJ: internal_proj_create_from_name: /opt/anaconda3/share/proj/proj.db contains DATABASE.LAYOUT.VERSION.MINOR = 2 whereas a number >= 6 is expected. It comes from another PROJ installation.
2026-09-07 02:29:10,035 WARNING CPLE_AppDefined in PROJ: internal_proj_create_from_database: /opt/anaconda3/share/proj/proj.db contains DATABASE.LAYOUT.VERSION.MINOR = 2 whereas a number >= 6 is expected. It comes from another PROJ installation.
2026-09-07 02:29:10,035 WARNING CPLE_AppDefined in PROJ: internal_proj_create_from_name: /opt/anaconda3/share/proj/proj.db contains DATABASE.LAYOUT.VERSION.MINOR = 2 whereas a number >= 6 is expected. It comes from another PROJ installation.
2026-09-07 02:29:10,067 WARNING CPLE_AppDefined in PROJ: internal_proj_create_from_database: /opt/anaconda3/share/proj/proj.db contains DATABASE.LAYOUT.VERSION.MINOR = 2 whereas a number >= 6 is expected. It comes from another PROJ installation.
2026-09-07 02:29:10,067 WARNING CPLE_AppDefined in PROJ: internal_proj_create_from_name: /opt/anaconda3/share/proj/proj.db contains DATABASE.LAYOUT.VERSION.MINOR = 2 whereas a number >= 6 is expected. It comes from another PROJ installation.
2026-09-07 02:29:10,096 WARNING CPLE_AppDefined in PROJ: internal_proj_create_from_database: /opt/anaconda3/share/proj/proj.db contains DATABASE.LAYOUT.VERSION.MINOR = 2 whereas a number >= 6 is expected. It comes from another PROJ installation.
2026-09-07 02:29:10,096 WARNING CPLE_AppDefined in PROJ: internal_proj_create_from_name: /opt/anaconda3/share/proj/proj.db contains DATABASE.LAYOUT.VERSION.MINOR = 2 whereas a number >= 6 is expected. It comes from another PROJ installation.
2026-09-07 02:29:10,126 WARNING CPLE_AppDefined in PROJ: internal_proj_create_from_database: /opt/anaconda3/share/proj/proj.db contains DATABASE.LAYOUT.VERSION.MINOR = 2 whereas a number >= 6 is expected. It comes from another PROJ installation.
2026-09-07 02:29:10,126 WARNING CPLE_AppDefined in PROJ: internal_proj_create_from_name: /opt/anaconda3/share/proj/proj.db contains DATABASE.LAYOUT.VERSION.MINOR = 2 whereas a number >= 6 is expected. It comes from another PROJ installation.
2026-09-07 02:29:10,156 WARNING CPLE_AppDefined in PROJ: internal_proj_create_from_database: /opt/anaconda3/share/proj/proj.db contains DATABASE.LAYOUT.VERSION.MINOR = 2 whereas a number >= 6 is expected. It comes from another PROJ installation.
2026-09-07 02:29:10,156 WARNING CPLE_AppDefined in PROJ: internal_proj_create_from_name: /opt/anaconda3/share/proj/proj.db contains DATABASE.LAYOUT.VERSION.MINOR = 2 whereas a number >= 6 is expected. It comes from another PROJ installation.
2026-09-07 02:29:10,185 WARNING CPLE_AppDefined in PROJ: internal_proj_create_from_database: /opt/anaconda3/share/proj/proj.db contains DATABASE.LAYOUT.VERSION.MINOR = 2 whereas a number >= 6 is expected. It comes from another PROJ installation.
2026-09-07 02:29:10,185 WARNING CPLE_AppDefined in PROJ: internal_proj_create_from_name: /opt/anaconda3/share/proj/proj.db contains DATABASE.LAYOUT.VERSION.MINOR = 2 whereas a number >= 6 is expected. It comes from another PROJ installation.
2026-09-07 02:29:10,213 WARNING CPLE_AppDefined in PROJ: internal_proj_create_from_database: /opt/anaconda3/share/proj/proj.db contains DATABASE.LAYOUT.VERSION.MINOR = 2 whereas a number >= 6 is expected. It comes from another PROJ installation.
2026-09-07 02:29:10,213 WARNING CPLE_AppDefined in PROJ: internal_proj_create_from_name: /opt/anaconda3/share/proj/proj.db contains DATABASE.LAYOUT.VERSION.MINOR = 2 whereas a number >= 6 is expected. It comes from another PROJ installation.
2026-09-07 02:29:10,242 WARNING CPLE_AppDefined in PROJ: internal_proj_create_from_database: /opt/anaconda3/share/proj/proj.db contains DATABASE.LAYOUT.VERSION.MINOR = 2 whereas a number >= 6 is expected. It comes from another PROJ installation.
2026-09-07 02:29:10,242 WARNING CPLE_AppDefined in PROJ: internal_proj_create_from_name: /opt/anaconda3/share/proj/proj.db contains DATABASE.LAYOUT.VERSION.MINOR = 2 whereas a number >= 6 is expected. It comes from another PROJ installation.
2026-09-07 02:29:10,271 WARNING CPLE_AppDefined in PROJ: internal_proj_create_from_database: /opt/anaconda3/share/proj/proj.db contains DATABASE.LAYOUT.VERSION.MINOR = 2 whereas a number >= 6 is expected. It comes from another PROJ installation.
2026-09-07 02:29:10,271 WARNING CPLE_AppDefined in PROJ: internal_proj_create_from_name: /opt/anaconda3/share/proj/proj.db contains DATABASE.LAYOUT.VERSION.MINOR = 2 whereas a number >= 6 is expected. It comes from another PROJ installation.
2026-09-07 02:29:10,300 WARNING CPLE_AppDefined in PROJ: internal_proj_create_from_database: /opt/anaconda3/share/proj/proj.db contains DATABASE.LAYOUT.VERSION.MINOR = 2 whereas a number >= 6 is expected. It comes from another PROJ installation.
2026-09-07 02:29:10,300 WARNING CPLE_AppDefined in PROJ: internal_proj_create_from_name: /opt/anaconda3/share/proj/proj.db contains DATABASE.LAYOUT.VERSION.MINOR = 2 whereas a number >= 6 is expected. It comes from another PROJ installation.
2026-09-07 02:29:10,329 WARNING CPLE_AppDefined in PROJ: internal_proj_create_from_database: /opt/anaconda3/share/proj/proj.db contains DATABASE.LAYOUT.VERSION.MINOR = 2 whereas a number >= 6 is expected. It comes from another PROJ installation.
2026-09-07 02:29:10,329 WARNING CPLE_AppDefined in PROJ: internal_proj_create_from_name: /opt/anaconda3/share/proj/proj.db contains DATABASE.LAYOUT.VERSION.MINOR = 2 whereas a number >= 6 is expected. It comes from another PROJ installation.
2026-09-07 02:29:10,358 WARNING CPLE_AppDefined in PROJ: internal_proj_create_from_database: /opt/anaconda3/share/proj/proj.db contains DATABASE.LAYOUT.VERSION.MINOR = 2 whereas a number >= 6 is expected. It comes from another PROJ installation.
2026-09-07 02:29:10,358 WARNING CPLE_AppDefined in PROJ: internal_proj_create_from_name: /opt/anaconda3/share/proj/proj.db contains DATABASE.LAYOUT.VERSION.MINOR = 2 whereas a number >= 6 is expected. It comes from another PROJ installation.
2026-09-07 02:29:10,387 WARNING CPLE_AppDefined in PROJ: internal_proj_create_from_database: /opt/anaconda3/share/proj/proj.db contains DATABASE.LAYOUT.VERSION.MINOR = 2 whereas a number >= 6 is expected. It comes from another PROJ installation.
2026-09-07 02:29:10,387 WARNING CPLE_AppDefined in PROJ: internal_proj_create_from_name: /opt/anaconda3/share/proj/proj.db contains DATABASE.LAYOUT.VERSION.MINOR = 2 whereas a number >= 6 is expected. It comes from another PROJ installation.
2026-09-07 02:29:10,416 WARNING CPLE_AppDefined in PROJ: internal_proj_create_from_database: /opt/anaconda3/share/proj/proj.db contains DATABASE.LAYOUT.VERSION.MINOR = 2 whereas a number >= 6 is expected. It comes from another PROJ installation.
2026-09-07 02:29:10,416 WARNING CPLE_AppDefined in PROJ: internal_proj_create_from_name: /opt/anaconda3/share/proj/proj.db contains DATABASE.LAYOUT.VERSION.MINOR = 2 whereas a number >= 6 is expected. It comes from another PROJ installation.
2026-09-07 02:29:10,428 INFO Saved /Users/helloworld/Desktop/SIH/SIH2026/data/regions/uttar_pradesh/satellite/chirps_uttar_pradesh_2016.nc (0.4 MB)
2026-09-07 02:29:10,432 ERROR ERA5 2016: HTTPSConnectionPool(host='archive-api.open-meteo.com', port=443): Max retries exceeded with url: /v1/archive?latitude=23.5&longitude=77.0&start_date=2016-06-01&end_date=2016-09-30&hourly=precipitation&timezone=UTC (Caused by NameResolutionError("<urllib3.connection.HTTPSConnection object at 0x16934e990>: Failed to resolve 'archive-api.open-meteo.com' ([Errno 8] nodename nor servname provided, or not known)"))
2026-09-07 02:29:10,433 ERROR MERRA-2 2016: HTTPSConnectionPool(host='power.larc.nasa.gov', port=443): Max retries exceeded with url: /api/temporal/hourly/point?parameters=PRECTOTCORR&community=AG&longitude=77.0&latitude=23.5&start=20160601&end=20160930&format=JSON (Caused by NameResolutionError("<urllib3.connection.HTTPSConnection object at 0x16934ec10>: Failed to resolve 'power.larc.nasa.gov' ([Errno 8] nodename nor servname provided, or not known)"))
2026-09-07 02:30:35,240 INFO Building CHIRPS NetCDF for 2018 (122 days)...
2026-09-07 02:30:35,300 WARNING CPLE_AppDefined in PROJ: internal_proj_create_from_database: /opt/anaconda3/share/proj/proj.db contains DATABASE.LAYOUT.VERSION.MINOR = 2 whereas a number >= 6 is expected. It comes from another PROJ installation.
2026-09-07 02:30:35,300 WARNING CPLE_AppDefined in PROJ: internal_proj_create_from_name: /opt/anaconda3/share/proj/proj.db contains DATABASE.LAYOUT.VERSION.MINOR = 2 whereas a number >= 6 is expected. It comes from another PROJ installation.
2026-09-07 02:30:35,349 WARNING CPLE_AppDefined in PROJ: internal_proj_create_from_database: /opt/anaconda3/share/proj/proj.db contains DATABASE.LAYOUT.VERSION.MINOR = 2 whereas a number >= 6 is expected. It comes from another PROJ installation.
2026-09-07 02:30:35,349 WARNING CPLE_AppDefined in PROJ: internal_proj_create_from_name: /opt/anaconda3/share/proj/proj.db contains DATABASE.LAYOUT.VERSION.MINOR = 2 whereas a number >= 6 is expected. It comes from another PROJ installation.
2026-09-07 02:30:35,378 WARNING CPLE_AppDefined in PROJ: internal_proj_create_from_database: /opt/anaconda3/share/proj/proj.db contains DATABASE.LAYOUT.VERSION.MINOR = 2 whereas a number >= 6 is expected. It comes from another PROJ installation.
2026-09-07 02:30:35,378 WARNING CPLE_AppDefined in PROJ: internal_proj_create_from_name: /opt/anaconda3/share/proj/proj.db contains DATABASE.LAYOUT.VERSION.MINOR = 2 whereas a number >= 6 is expected. It comes from another PROJ installation.
2026-09-07 02:30:35,407 WARNING CPLE_AppDefined in PROJ: internal_proj_create_from_database: /opt/anaconda3/share/proj/proj.db contains DATABASE.LAYOUT.VERSION.MINOR = 2 whereas a number >= 6 is expected. It comes from another PROJ installation.
2026-09-07 02:30:35,407 WARNING CPLE_AppDefined in PROJ: internal_proj_create_from_name: /opt/anaconda3/share/proj/proj.db contains DATABASE.LAYOUT.VERSION.MINOR = 2 whereas a number >= 6 is expected. It comes from another PROJ installation.
2026-09-07 02:30:35,436 WARNING CPLE_AppDefined in PROJ: internal_proj_create_from_database: /opt/anaconda3/share/proj/proj.db contains DATABASE.LAYOUT.VERSION.MINOR = 2 whereas a number >= 6 is expected. It comes from another PROJ installation.
2026-09-07 02:30:35,436 WARNING CPLE_AppDefined in PROJ: internal_proj_create_from_name: /opt/anaconda3/share/proj/proj.db contains DATABASE.LAYOUT.VERSION.MINOR = 2 whereas a number >= 6 is expected. It comes from another PROJ installation.
2026-09-07 02:30:35,465 WARNING CPLE_AppDefined in PROJ: internal_proj_create_from_database: /opt/anaconda3/share/proj/proj.db contains DATABASE.LAYOUT.VERSION.MINOR = 2 whereas a number >= 6 is expected. It comes from another PROJ installation.
2026-09-07 02:30:35,465 WARNING CPLE_AppDefined in PROJ: internal_proj_create_from_name: /opt/anaconda3/share/proj/proj.db contains DATABASE.LAYOUT.VERSION.MINOR = 2 whereas a number >= 6 is expected. It comes from another PROJ installation.
2026-09-07 02:30:35,494 WARNING CPLE_AppDefined in PROJ: internal_proj_create_from_database: /opt/anaconda3/share/proj/proj.db contains DATABASE.LAYOUT.VERSION.MINOR = 2 whereas a number >= 6 is expected. It comes from another PROJ installation.
2026-09-07 02:30:35,494 WARNING CPLE_AppDefined in PROJ: internal_proj_create_from_name: /opt/anaconda3/share/proj/proj.db contains DATABASE.LAYOUT.VERSION.MINOR = 2 whereas a number >= 6 is expected. It comes from another PROJ installation.
2026-09-07 02:30:35,522 WARNING CPLE_AppDefined in PROJ: internal_proj_create_from_database: /opt/anaconda3/share/proj/proj.db contains DATABASE.LAYOUT.VERSION.MINOR = 2 whereas a number >= 6 is expected. It comes from another PROJ installation.
2026-09-07 02:30:35,523 WARNING CPLE_AppDefined in PROJ: internal_proj_create_from_name: /opt/anaconda3/share/proj/proj.db contains DATABASE.LAYOUT.VERSION.MINOR = 2 whereas a number >= 6 is expected. It comes from another PROJ installation.
2026-09-07 02:30:35,552 WARNING CPLE_AppDefined in PROJ: internal_proj_create_from_database: /opt/anaconda3/share/proj/proj.db contains DATABASE.LAYOUT.VERSION.MINOR = 2 whereas a number >= 6 is expected. It comes from another PROJ installation.
2026-09-07 02:30:35,552 WARNING CPLE_AppDefined in PROJ: internal_proj_create_from_name: /opt/anaconda3/share/proj/proj.db contains DATABASE.LAYOUT.VERSION.MINOR = 2 whereas a number >= 6 is expected. It comes from another PROJ installation.
2026-09-07 02:30:35,581 WARNING CPLE_AppDefined in PROJ: internal_proj_create_from_database: /opt/anaconda3/share/proj/proj.db contains DATABASE.LAYOUT.VERSION.MINOR = 2 whereas a number >= 6 is expected. It comes from another PROJ installation.
2026-09-07 02:30:35,581 WARNING CPLE_AppDefined in PROJ: internal_proj_create_from_name: /opt/anaconda3/share/proj/proj.db contains DATABASE.LAYOUT.VERSION.MINOR = 2 whereas a number >= 6 is expected. It comes from another PROJ installation.
2026-09-07 02:30:35,610 WARNING CPLE_AppDefined in PROJ: internal_proj_create_from_database: /opt/anaconda3/share/proj/proj.db contains DATABASE.LAYOUT.VERSION.MINOR = 2 whereas a number >= 6 is expected. It comes from another PROJ installation.
2026-09-07 02:30:35,610 WARNING CPLE_AppDefined in PROJ: internal_proj_create_from_name: /opt/anaconda3/share/proj/proj.db contains DATABASE.LAYOUT.VERSION.MINOR = 2 whereas a number >= 6 is expected. It comes from another PROJ installation.
2026-09-07 02:30:35,639 WARNING CPLE_AppDefined in PROJ: internal_proj_create_from_database: /opt/anaconda3/share/proj/proj.db contains DATABASE.LAYOUT.VERSION.MINOR = 2 whereas a number >= 6 is expected. It comes from another PROJ installation.
2026-09-07 02:30:35,639 WARNING CPLE_AppDefined in PROJ: internal_proj_create_from_name: /opt/anaconda3/share/proj/proj.db contains DATABASE.LAYOUT.VERSION.MINOR = 2 whereas a number >= 6 is expected. It comes from another PROJ installation.
2026-09-07 02:30:35,669 WARNING CPLE_AppDefined in PROJ: internal_proj_create_from_database: /opt/anaconda3/share/proj/proj.db contains DATABASE.LAYOUT.VERSION.MINOR = 2 whereas a number >= 6 is expected. It comes from another PROJ installation.
2026-09-07 02:30:35,669 WARNING CPLE_AppDefined in PROJ: internal_proj_create_from_name: /opt/anaconda3/share/proj/proj.db contains DATABASE.LAYOUT.VERSION.MINOR = 2 whereas a number >= 6 is expected. It comes from another PROJ installation.
2026-09-07 02:30:35,699 WARNING CPLE_AppDefined in PROJ: internal_proj_create_from_database: /opt/anaconda3/share/proj/proj.db contains DATABASE.LAYOUT.VERSION.MINOR = 2 whereas a number >= 6 is expected. It comes from another PROJ installation.
2026-09-07 02:30:35,699 WARNING CPLE_AppDefined in PROJ: internal_proj_create_from_name: /opt/anaconda3/share/proj/proj.db contains DATABASE.LAYOUT.VERSION.MINOR = 2 whereas a number >= 6 is expected. It comes from another PROJ installation.
2026-09-07 02:30:35,727 WARNING CPLE_AppDefined in PROJ: internal_proj_create_from_database: /opt/anaconda3/share/proj/proj.db contains DATABASE.LAYOUT.VERSION.MINOR = 2 whereas a number >= 6 is expected. It comes from another PROJ installation.
2026-09-07 02:30:35,727 WARNING CPLE_AppDefined in PROJ: internal_proj_create_from_name: /opt/anaconda3/share/proj/proj.db contains DATABASE.LAYOUT.VERSION.MINOR = 2 whereas a number >= 6 is expected. It comes from another PROJ installation.
2026-09-07 02:30:35,756 WARNING CPLE_AppDefined in PROJ: internal_proj_create_from_database: /opt/anaconda3/share/proj/proj.db contains DATABASE.LAYOUT.VERSION.MINOR = 2 whereas a number >= 6 is expected. It comes from another PROJ installation.
2026-09-07 02:30:35,756 WARNING CPLE_AppDefined in PROJ: internal_proj_create_from_name: /opt/anaconda3/share/proj/proj.db contains DATABASE.LAYOUT.VERSION.MINOR = 2 whereas a number >= 6 is expected. It comes from another PROJ installation.
2026-09-07 02:30:35,786 WARNING CPLE_AppDefined in PROJ: internal_proj_create_from_database: /opt/anaconda3/share/proj/proj.db contains DATABASE.LAYOUT.VERSION.MINOR = 2 whereas a number >= 6 is expected. It comes from another PROJ installation.
2026-09-07 02:30:35,786 WARNING CPLE_AppDefined in PROJ: internal_proj_create_from_name: /opt/anaconda3/share/proj/proj.db contains DATABASE.LAYOUT.VERSION.MINOR = 2 whereas a number >= 6 is expected. It comes from another PROJ installation.
2026-09-07 02:30:35,815 WARNING CPLE_AppDefined in PROJ: internal_proj_create_from_database: /opt/anaconda3/share/proj/proj.db contains DATABASE.LAYOUT.VERSION.MINOR = 2 whereas a number >= 6 is expected. It comes from another PROJ installation.
2026-09-07 02:30:35,815 WARNING CPLE_AppDefined in PROJ: internal_proj_create_from_name: /opt/anaconda3/share/proj/proj.db contains DATABASE.LAYOUT.VERSION.MINOR = 2 whereas a number >= 6 is expected. It comes from another PROJ installation.
2026-09-07 02:30:35,843 WARNING CPLE_AppDefined in PROJ: internal_proj_create_from_database: /opt/anaconda3/share/proj/proj.db contains DATABASE.LAYOUT.VERSION.MINOR = 2 whereas a number >= 6 is expected. It comes from another PROJ installation.
2026-09-07 02:30:35,843 WARNING CPLE_AppDefined in PROJ: internal_proj_create_from_name: /opt/anaconda3/share/proj/proj.db contains DATABASE.LAYOUT.VERSION.MINOR = 2 whereas a number >= 6 is expected. It comes from another PROJ installation.
2026-09-07 02:30:35,872 WARNING CPLE_AppDefined in PROJ: internal_proj_create_from_database: /opt/anaconda3/share/proj/proj.db contains DATABASE.LAYOUT.VERSION.MINOR = 2 whereas a number >= 6 is expected. It comes from another PROJ installation.
2026-09-07 02:30:35,872 WARNING CPLE_AppDefined in PROJ: internal_proj_create_from_name: /opt/anaconda3/share/proj/proj.db contains DATABASE.LAYOUT.VERSION.MINOR = 2 whereas a number >= 6 is expected. It comes from another PROJ installation.
2026-09-07 02:30:35,901 WARNING CPLE_AppDefined in PROJ: internal_proj_create_from_database: /opt/anaconda3/share/proj/proj.db contains DATABASE.LAYOUT.VERSION.MINOR = 2 whereas a number >= 6 is expected. It comes from another PROJ installation.
2026-09-07 02:30:35,901 WARNING CPLE_AppDefined in PROJ: internal_proj_create_from_name: /opt/anaconda3/share/proj/proj.db contains DATABASE.LAYOUT.VERSION.MINOR = 2 whereas a number >= 6 is expected. It comes from another PROJ installation.
2026-09-07 02:30:35,929 WARNING CPLE_AppDefined in PROJ: internal_proj_create_from_database: /opt/anaconda3/share/proj/proj.db contains DATABASE.LAYOUT.VERSION.MINOR = 2 whereas a number >= 6 is expected. It comes from another PROJ installation.
2026-09-07 02:30:35,929 WARNING CPLE_AppDefined in PROJ: internal_proj_create_from_name: /opt/anaconda3/share/proj/proj.db contains DATABASE.LAYOUT.VERSION.MINOR = 2 whereas a number >= 6 is expected. It comes from another PROJ installation.
2026-09-07 02:30:35,958 WARNING CPLE_AppDefined in PROJ: internal_proj_create_from_database: /opt/anaconda3/share/proj/proj.db contains DATABASE.LAYOUT.VERSION.MINOR = 2 whereas a number >= 6 is expected. It comes from another PROJ installation.
2026-09-07 02:30:35,958 WARNING CPLE_AppDefined in PROJ: internal_proj_create_from_name: /opt/anaconda3/share/proj/proj.db contains DATABASE.LAYOUT.VERSION.MINOR = 2 whereas a number >= 6 is expected. It comes from another PROJ installation.
2026-09-07 02:30:35,987 WARNING CPLE_AppDefined in PROJ: internal_proj_create_from_database: /opt/anaconda3/share/proj/proj.db contains DATABASE.LAYOUT.VERSION.MINOR = 2 whereas a number >= 6 is expected. It comes from another PROJ installation.
2026-09-07 02:30:35,987 WARNING CPLE_AppDefined in PROJ: internal_proj_create_from_name: /opt/anaconda3/share/proj/proj.db contains DATABASE.LAYOUT.VERSION.MINOR = 2 whereas a number >= 6 is expected. It comes from another PROJ installation.
2026-09-07 02:30:36,017 WARNING CPLE_AppDefined in PROJ: internal_proj_create_from_database: /opt/anaconda3/share/proj/proj.db contains DATABASE.LAYOUT.VERSION.MINOR = 2 whereas a number >= 6 is expected. It comes from another PROJ installation.
2026-09-07 02:30:36,017 WARNING CPLE_AppDefined in PROJ: internal_proj_create_from_name: /opt/anaconda3/share/proj/proj.db contains DATABASE.LAYOUT.VERSION.MINOR = 2 whereas a number >= 6 is expected. It comes from another PROJ installation.
2026-09-07 02:30:36,046 WARNING CPLE_AppDefined in PROJ: internal_proj_create_from_database: /opt/anaconda3/share/proj/proj.db contains DATABASE.LAYOUT.VERSION.MINOR = 2 whereas a number >= 6 is expected. It comes from another PROJ installation.
2026-09-07 02:30:36,046 WARNING CPLE_AppDefined in PROJ: internal_proj_create_from_name: /opt/anaconda3/share/proj/proj.db contains DATABASE.LAYOUT.VERSION.MINOR = 2 whereas a number >= 6 is expected. It comes from another PROJ installation.
2026-09-07 02:30:36,075 WARNING CPLE_AppDefined in PROJ: internal_proj_create_from_database: /opt/anaconda3/share/proj/proj.db contains DATABASE.LAYOUT.VERSION.MINOR = 2 whereas a number >= 6 is expected. It comes from another PROJ installation.
2026-09-07 02:30:36,076 WARNING CPLE_AppDefined in PROJ: internal_proj_create_from_name: /opt/anaconda3/share/proj/proj.db contains DATABASE.LAYOUT.VERSION.MINOR = 2 whereas a number >= 6 is expected. It comes from another PROJ installation.
2026-09-07 02:30:36,106 WARNING CPLE_AppDefined in PROJ: internal_proj_create_from_database: /opt/anaconda3/share/proj/proj.db contains DATABASE.LAYOUT.VERSION.MINOR = 2 whereas a number >= 6 is expected. It comes from another PROJ installation.
2026-09-07 02:30:36,106 WARNING CPLE_AppDefined in PROJ: internal_proj_create_from_name: /opt/anaconda3/share/proj/proj.db contains DATABASE.LAYOUT.VERSION.MINOR = 2 whereas a number >= 6 is expected. It comes from another PROJ installation.
2026-09-07 02:30:36,135 WARNING CPLE_AppDefined in PROJ: internal_proj_create_from_database: /opt/anaconda3/share/proj/proj.db contains DATABASE.LAYOUT.VERSION.MINOR = 2 whereas a number >= 6 is expected. It comes from another PROJ installation.
2026-09-07 02:30:36,135 WARNING CPLE_AppDefined in PROJ: internal_proj_create_from_name: /opt/anaconda3/share/proj/proj.db contains DATABASE.LAYOUT.VERSION.MINOR = 2 whereas a number >= 6 is expected. It comes from another PROJ installation.
2026-09-07 02:30:36,164 WARNING CPLE_AppDefined in PROJ: internal_proj_create_from_database: /opt/anaconda3/share/proj/proj.db contains DATABASE.LAYOUT.VERSION.MINOR = 2 whereas a number >= 6 is expected. It comes from another PROJ installation.
2026-09-07 02:30:36,164 WARNING CPLE_AppDefined in PROJ: internal_proj_create_from_name: /opt/anaconda3/share/proj/proj.db contains DATABASE.LAYOUT.VERSION.MINOR = 2 whereas a number >= 6 is expected. It comes from another PROJ installation.
2026-09-07 02:30:36,193 WARNING CPLE_AppDefined in PROJ: internal_proj_create_from_database: /opt/anaconda3/share/proj/proj.db contains DATABASE.LAYOUT.VERSION.MINOR = 2 whereas a number >= 6 is expected. It comes from another PROJ installation.
2026-09-07 02:30:36,193 WARNING CPLE_AppDefined in PROJ: internal_proj_create_from_name: /opt/anaconda3/share/proj/proj.db contains DATABASE.LAYOUT.VERSION.MINOR = 2 whereas a number >= 6 is expected. It comes from another PROJ installation.
2026-09-07 02:30:36,221 WARNING CPLE_AppDefined in PROJ: internal_proj_create_from_database: /opt/anaconda3/share/proj/proj.db contains DATABASE.LAYOUT.VERSION.MINOR = 2 whereas a number >= 6 is expected. It comes from another PROJ installation.
2026-09-07 02:30:36,221 WARNING CPLE_AppDefined in PROJ: internal_proj_create_from_name: /opt/anaconda3/share/proj/proj.db contains DATABASE.LAYOUT.VERSION.MINOR = 2 whereas a number >= 6 is expected. It comes from another PROJ installation.
2026-09-07 02:30:36,252 WARNING CPLE_AppDefined in PROJ: internal_proj_create_from_database: /opt/anaconda3/share/proj/proj.db contains DATABASE.LAYOUT.VERSION.MINOR = 2 whereas a number >= 6 is expected. It comes from another PROJ installation.
2026-09-07 02:30:36,252 WARNING CPLE_AppDefined in PROJ: internal_proj_create_from_name: /opt/anaconda3/share/proj/proj.db contains DATABASE.LAYOUT.VERSION.MINOR = 2 whereas a number >= 6 is expected. It comes from another PROJ installation.
2026-09-07 02:30:36,285 WARNING CPLE_AppDefined in PROJ: internal_proj_create_from_database: /opt/anaconda3/share/proj/proj.db contains DATABASE.LAYOUT.VERSION.MINOR = 2 whereas a number >= 6 is expected. It comes from another PROJ installation.
2026-09-07 02:30:36,285 WARNING CPLE_AppDefined in PROJ: internal_proj_create_from_name: /opt/anaconda3/share/proj/proj.db contains DATABASE.LAYOUT.VERSION.MINOR = 2 whereas a number >= 6 is expected. It comes from another PROJ installation.
2026-09-07 02:30:36,317 WARNING CPLE_AppDefined in PROJ: internal_proj_create_from_database: /opt/anaconda3/share/proj/proj.db contains DATABASE.LAYOUT.VERSION.MINOR = 2 whereas a number >= 6 is expected. It comes from another PROJ installation.
2026-09-07 02:30:36,317 WARNING CPLE_AppDefined in PROJ: internal_proj_create_from_name: /opt/anaconda3/share/proj/proj.db contains DATABASE.LAYOUT.VERSION.MINOR = 2 whereas a number >= 6 is expected. It comes from another PROJ installation.
2026-09-07 02:30:36,348 WARNING CPLE_AppDefined in PROJ: internal_proj_create_from_database: /opt/anaconda3/share/proj/proj.db contains DATABASE.LAYOUT.VERSION.MINOR = 2 whereas a number >= 6 is expected. It comes from another PROJ installation.
2026-09-07 02:30:36,348 WARNING CPLE_AppDefined in PROJ: internal_proj_create_from_name: /opt/anaconda3/share/proj/proj.db contains DATABASE.LAYOUT.VERSION.MINOR = 2 whereas a number >= 6 is expected. It comes from another PROJ installation.
2026-09-07 02:30:36,377 WARNING CPLE_AppDefined in PROJ: internal_proj_create_from_database: /opt/anaconda3/share/proj/proj.db contains DATABASE.LAYOUT.VERSION.MINOR = 2 whereas a number >= 6 is expected. It comes from another PROJ installation.
2026-09-07 02:30:36,377 WARNING CPLE_AppDefined in PROJ: internal_proj_create_from_name: /opt/anaconda3/share/proj/proj.db contains DATABASE.LAYOUT.VERSION.MINOR = 2 whereas a number >= 6 is expected. It comes from another PROJ installation.
2026-09-07 02:30:36,406 WARNING CPLE_AppDefined in PROJ: internal_proj_create_from_database: /opt/anaconda3/share/proj/proj.db contains DATABASE.LAYOUT.VERSION.MINOR = 2 whereas a number >= 6 is expected. It comes from another PROJ installation.
2026-09-07 02:30:36,406 WARNING CPLE_AppDefined in PROJ: internal_proj_create_from_name: /opt/anaconda3/share/proj/proj.db contains DATABASE.LAYOUT.VERSION.MINOR = 2 whereas a number >= 6 is expected. It comes from another PROJ installation.
2026-09-07 02:30:36,435 WARNING CPLE_AppDefined in PROJ: internal_proj_create_from_database: /opt/anaconda3/share/proj/proj.db contains DATABASE.LAYOUT.VERSION.MINOR = 2 whereas a number >= 6 is expected. It comes from another PROJ installation.
2026-09-07 02:30:36,435 WARNING CPLE_AppDefined in PROJ: internal_proj_create_from_name: /opt/anaconda3/share/proj/proj.db contains DATABASE.LAYOUT.VERSION.MINOR = 2 whereas a number >= 6 is expected. It comes from another PROJ installation.
2026-09-07 02:30:36,464 WARNING CPLE_AppDefined in PROJ: internal_proj_create_from_database: /opt/anaconda3/share/proj/proj.db contains DATABASE.LAYOUT.VERSION.MINOR = 2 whereas a number >= 6 is expected. It comes from another PROJ installation.
2026-09-07 02:30:36,464 WARNING CPLE_AppDefined in PROJ: internal_proj_create_from_name: /opt/anaconda3/share/proj/proj.db contains DATABASE.LAYOUT.VERSION.MINOR = 2 whereas a number >= 6 is expected. It comes from another PROJ installation.
2026-09-07 02:30:36,493 WARNING CPLE_AppDefined in PROJ: internal_proj_create_from_database: /opt/anaconda3/share/proj/proj.db contains DATABASE.LAYOUT.VERSION.MINOR = 2 whereas a number >= 6 is expected. It comes from another PROJ installation.
2026-09-07 02:30:36,493 WARNING CPLE_AppDefined in PROJ: internal_proj_create_from_name: /opt/anaconda3/share/proj/proj.db contains DATABASE.LAYOUT.VERSION.MINOR = 2 whereas a number >= 6 is expected. It comes from another PROJ installation.
2026-09-07 02:30:36,521 WARNING CPLE_AppDefined in PROJ: internal_proj_create_from_database: /opt/anaconda3/share/proj/proj.db contains DATABASE.LAYOUT.VERSION.MINOR = 2 whereas a number >= 6 is expected. It comes from another PROJ installation.
2026-09-07 02:30:36,521 WARNING CPLE_AppDefined in PROJ: internal_proj_create_from_name: /opt/anaconda3/share/proj/proj.db contains DATABASE.LAYOUT.VERSION.MINOR = 2 whereas a number >= 6 is expected. It comes from another PROJ installation.
2026-09-07 02:30:36,550 WARNING CPLE_AppDefined in PROJ: internal_proj_create_from_database: /opt/anaconda3/share/proj/proj.db contains DATABASE.LAYOUT.VERSION.MINOR = 2 whereas a number >= 6 is expected. It comes from another PROJ installation.
2026-09-07 02:30:36,550 WARNING CPLE_AppDefined in PROJ: internal_proj_create_from_name: /opt/anaconda3/share/proj/proj.db contains DATABASE.LAYOUT.VERSION.MINOR = 2 whereas a number >= 6 is expected. It comes from another PROJ installation.
2026-09-07 02:30:36,580 WARNING CPLE_AppDefined in PROJ: internal_proj_create_from_database: /opt/anaconda3/share/proj/proj.db contains DATABASE.LAYOUT.VERSION.MINOR = 2 whereas a number >= 6 is expected. It comes from another PROJ installation.
2026-09-07 02:30:36,580 WARNING CPLE_AppDefined in PROJ: internal_proj_create_from_name: /opt/anaconda3/share/proj/proj.db contains DATABASE.LAYOUT.VERSION.MINOR = 2 whereas a number >= 6 is expected. It comes from another PROJ installation.
2026-09-07 02:30:36,609 WARNING CPLE_AppDefined in PROJ: internal_proj_create_from_database: /opt/anaconda3/share/proj/proj.db contains DATABASE.LAYOUT.VERSION.MINOR = 2 whereas a number >= 6 is expected. It comes from another PROJ installation.
2026-09-07 02:30:36,609 WARNING CPLE_AppDefined in PROJ: internal_proj_create_from_name: /opt/anaconda3/share/proj/proj.db contains DATABASE.LAYOUT.VERSION.MINOR = 2 whereas a number >= 6 is expected. It comes from another PROJ installation.
2026-09-07 02:30:36,638 WARNING CPLE_AppDefined in PROJ: internal_proj_create_from_database: /opt/anaconda3/share/proj/proj.db contains DATABASE.LAYOUT.VERSION.MINOR = 2 whereas a number >= 6 is expected. It comes from another PROJ installation.
2026-09-07 02:30:36,638 WARNING CPLE_AppDefined in PROJ: internal_proj_create_from_name: /opt/anaconda3/share/proj/proj.db contains DATABASE.LAYOUT.VERSION.MINOR = 2 whereas a number >= 6 is expected. It comes from another PROJ installation.
2026-09-07 02:30:36,667 WARNING CPLE_AppDefined in PROJ: internal_proj_create_from_database: /opt/anaconda3/share/proj/proj.db contains DATABASE.LAYOUT.VERSION.MINOR = 2 whereas a number >= 6 is expected. It comes from another PROJ installation.
2026-09-07 02:30:36,667 WARNING CPLE_AppDefined in PROJ: internal_proj_create_from_name: /opt/anaconda3/share/proj/proj.db contains DATABASE.LAYOUT.VERSION.MINOR = 2 whereas a number >= 6 is expected. It comes from another PROJ installation.
2026-09-07 02:30:36,696 WARNING CPLE_AppDefined in PROJ: internal_proj_create_from_database: /opt/anaconda3/share/proj/proj.db contains DATABASE.LAYOUT.VERSION.MINOR = 2 whereas a number >= 6 is expected. It comes from another PROJ installation.
2026-09-07 02:30:36,696 WARNING CPLE_AppDefined in PROJ: internal_proj_create_from_name: /opt/anaconda3/share/proj/proj.db contains DATABASE.LAYOUT.VERSION.MINOR = 2 whereas a number >= 6 is expected. It comes from another PROJ installation.
2026-09-07 02:30:36,725 WARNING CPLE_AppDefined in PROJ: internal_proj_create_from_database: /opt/anaconda3/share/proj/proj.db contains DATABASE.LAYOUT.VERSION.MINOR = 2 whereas a number >= 6 is expected. It comes from another PROJ installation.
2026-09-07 02:30:36,725 WARNING CPLE_AppDefined in PROJ: internal_proj_create_from_name: /opt/anaconda3/share/proj/proj.db contains DATABASE.LAYOUT.VERSION.MINOR = 2 whereas a number >= 6 is expected. It comes from another PROJ installation.
2026-09-07 02:30:36,753 WARNING CPLE_AppDefined in PROJ: internal_proj_create_from_database: /opt/anaconda3/share/proj/proj.db contains DATABASE.LAYOUT.VERSION.MINOR = 2 whereas a number >= 6 is expected. It comes from another PROJ installation.
2026-09-07 02:30:36,754 WARNING CPLE_AppDefined in PROJ: internal_proj_create_from_name: /opt/anaconda3/share/proj/proj.db contains DATABASE.LAYOUT.VERSION.MINOR = 2 whereas a number >= 6 is expected. It comes from another PROJ installation.
2026-09-07 02:30:36,782 WARNING CPLE_AppDefined in PROJ: internal_proj_create_from_database: /opt/anaconda3/share/proj/proj.db contains DATABASE.LAYOUT.VERSION.MINOR = 2 whereas a number >= 6 is expected. It comes from another PROJ installation.
2026-09-07 02:30:36,782 WARNING CPLE_AppDefined in PROJ: internal_proj_create_from_name: /opt/anaconda3/share/proj/proj.db contains DATABASE.LAYOUT.VERSION.MINOR = 2 whereas a number >= 6 is expected. It comes from another PROJ installation.
2026-09-07 02:30:36,810 WARNING CPLE_AppDefined in PROJ: internal_proj_create_from_database: /opt/anaconda3/share/proj/proj.db contains DATABASE.LAYOUT.VERSION.MINOR = 2 whereas a number >= 6 is expected. It comes from another PROJ installation.
2026-09-07 02:30:36,811 WARNING CPLE_AppDefined in PROJ: internal_proj_create_from_name: /opt/anaconda3/share/proj/proj.db contains DATABASE.LAYOUT.VERSION.MINOR = 2 whereas a number >= 6 is expected. It comes from another PROJ installation.
2026-09-07 02:30:36,840 WARNING CPLE_AppDefined in PROJ: internal_proj_create_from_database: /opt/anaconda3/share/proj/proj.db contains DATABASE.LAYOUT.VERSION.MINOR = 2 whereas a number >= 6 is expected. It comes from another PROJ installation.
2026-09-07 02:30:36,840 WARNING CPLE_AppDefined in PROJ: internal_proj_create_from_name: /opt/anaconda3/share/proj/proj.db contains DATABASE.LAYOUT.VERSION.MINOR = 2 whereas a number >= 6 is expected. It comes from another PROJ installation.
2026-09-07 02:30:36,869 WARNING CPLE_AppDefined in PROJ: internal_proj_create_from_database: /opt/anaconda3/share/proj/proj.db contains DATABASE.LAYOUT.VERSION.MINOR = 2 whereas a number >= 6 is expected. It comes from another PROJ installation.
2026-09-07 02:30:36,869 WARNING CPLE_AppDefined in PROJ: internal_proj_create_from_name: /opt/anaconda3/share/proj/proj.db contains DATABASE.LAYOUT.VERSION.MINOR = 2 whereas a number >= 6 is expected. It comes from another PROJ installation.
2026-09-07 02:30:36,898 WARNING CPLE_AppDefined in PROJ: internal_proj_create_from_database: /opt/anaconda3/share/proj/proj.db contains DATABASE.LAYOUT.VERSION.MINOR = 2 whereas a number >= 6 is expected. It comes from another PROJ installation.
2026-09-07 02:30:36,898 WARNING CPLE_AppDefined in PROJ: internal_proj_create_from_name: /opt/anaconda3/share/proj/proj.db contains DATABASE.LAYOUT.VERSION.MINOR = 2 whereas a number >= 6 is expected. It comes from another PROJ installation.
2026-09-07 02:30:36,927 WARNING CPLE_AppDefined in PROJ: internal_proj_create_from_database: /opt/anaconda3/share/proj/proj.db contains DATABASE.LAYOUT.VERSION.MINOR = 2 whereas a number >= 6 is expected. It comes from another PROJ installation.
2026-09-07 02:30:36,927 WARNING CPLE_AppDefined in PROJ: internal_proj_create_from_name: /opt/anaconda3/share/proj/proj.db contains DATABASE.LAYOUT.VERSION.MINOR = 2 whereas a number >= 6 is expected. It comes from another PROJ installation.
2026-09-07 02:30:36,956 WARNING CPLE_AppDefined in PROJ: internal_proj_create_from_database: /opt/anaconda3/share/proj/proj.db contains DATABASE.LAYOUT.VERSION.MINOR = 2 whereas a number >= 6 is expected. It comes from another PROJ installation.
2026-09-07 02:30:36,956 WARNING CPLE_AppDefined in PROJ: internal_proj_create_from_name: /opt/anaconda3/share/proj/proj.db contains DATABASE.LAYOUT.VERSION.MINOR = 2 whereas a number >= 6 is expected. It comes from another PROJ installation.
2026-09-07 02:30:36,985 WARNING CPLE_AppDefined in PROJ: internal_proj_create_from_database: /opt/anaconda3/share/proj/proj.db contains DATABASE.LAYOUT.VERSION.MINOR = 2 whereas a number >= 6 is expected. It comes from another PROJ installation.
2026-09-07 02:30:36,985 WARNING CPLE_AppDefined in PROJ: internal_proj_create_from_name: /opt/anaconda3/share/proj/proj.db contains DATABASE.LAYOUT.VERSION.MINOR = 2 whereas a number >= 6 is expected. It comes from another PROJ installation.
2026-09-07 02:30:37,014 WARNING CPLE_AppDefined in PROJ: internal_proj_create_from_database: /opt/anaconda3/share/proj/proj.db contains DATABASE.LAYOUT.VERSION.MINOR = 2 whereas a number >= 6 is expected. It comes from another PROJ installation.
2026-09-07 02:30:37,014 WARNING CPLE_AppDefined in PROJ: internal_proj_create_from_name: /opt/anaconda3/share/proj/proj.db contains DATABASE.LAYOUT.VERSION.MINOR = 2 whereas a number >= 6 is expected. It comes from another PROJ installation.
2026-09-07 02:30:37,043 WARNING CPLE_AppDefined in PROJ: internal_proj_create_from_database: /opt/anaconda3/share/proj/proj.db contains DATABASE.LAYOUT.VERSION.MINOR = 2 whereas a number >= 6 is expected. It comes from another PROJ installation.
2026-09-07 02:30:37,043 WARNING CPLE_AppDefined in PROJ: internal_proj_create_from_name: /opt/anaconda3/share/proj/proj.db contains DATABASE.LAYOUT.VERSION.MINOR = 2 whereas a number >= 6 is expected. It comes from another PROJ installation.
2026-09-07 02:30:37,072 WARNING CPLE_AppDefined in PROJ: internal_proj_create_from_database: /opt/anaconda3/share/proj/proj.db contains DATABASE.LAYOUT.VERSION.MINOR = 2 whereas a number >= 6 is expected. It comes from another PROJ installation.
2026-09-07 02:30:37,073 WARNING CPLE_AppDefined in PROJ: internal_proj_create_from_name: /opt/anaconda3/share/proj/proj.db contains DATABASE.LAYOUT.VERSION.MINOR = 2 whereas a number >= 6 is expected. It comes from another PROJ installation.
2026-09-07 02:30:37,102 WARNING CPLE_AppDefined in PROJ: internal_proj_create_from_database: /opt/anaconda3/share/proj/proj.db contains DATABASE.LAYOUT.VERSION.MINOR = 2 whereas a number >= 6 is expected. It comes from another PROJ installation.
2026-09-07 02:30:37,102 WARNING CPLE_AppDefined in PROJ: internal_proj_create_from_name: /opt/anaconda3/share/proj/proj.db contains DATABASE.LAYOUT.VERSION.MINOR = 2 whereas a number >= 6 is expected. It comes from another PROJ installation.
2026-09-07 02:30:37,131 WARNING CPLE_AppDefined in PROJ: internal_proj_create_from_database: /opt/anaconda3/share/proj/proj.db contains DATABASE.LAYOUT.VERSION.MINOR = 2 whereas a number >= 6 is expected. It comes from another PROJ installation.
2026-09-07 02:30:37,131 WARNING CPLE_AppDefined in PROJ: internal_proj_create_from_name: /opt/anaconda3/share/proj/proj.db contains DATABASE.LAYOUT.VERSION.MINOR = 2 whereas a number >= 6 is expected. It comes from another PROJ installation.
2026-09-07 02:30:37,160 WARNING CPLE_AppDefined in PROJ: internal_proj_create_from_database: /opt/anaconda3/share/proj/proj.db contains DATABASE.LAYOUT.VERSION.MINOR = 2 whereas a number >= 6 is expected. It comes from another PROJ installation.
2026-09-07 02:30:37,160 WARNING CPLE_AppDefined in PROJ: internal_proj_create_from_name: /opt/anaconda3/share/proj/proj.db contains DATABASE.LAYOUT.VERSION.MINOR = 2 whereas a number >= 6 is expected. It comes from another PROJ installation.
2026-09-07 02:30:37,188 WARNING CPLE_AppDefined in PROJ: internal_proj_create_from_database: /opt/anaconda3/share/proj/proj.db contains DATABASE.LAYOUT.VERSION.MINOR = 2 whereas a number >= 6 is expected. It comes from another PROJ installation.
2026-09-07 02:30:37,188 WARNING CPLE_AppDefined in PROJ: internal_proj_create_from_name: /opt/anaconda3/share/proj/proj.db contains DATABASE.LAYOUT.VERSION.MINOR = 2 whereas a number >= 6 is expected. It comes from another PROJ installation.
2026-09-07 02:30:37,217 WARNING CPLE_AppDefined in PROJ: internal_proj_create_from_database: /opt/anaconda3/share/proj/proj.db contains DATABASE.LAYOUT.VERSION.MINOR = 2 whereas a number >= 6 is expected. It comes from another PROJ installation.
2026-09-07 02:30:37,217 WARNING CPLE_AppDefined in PROJ: internal_proj_create_from_name: /opt/anaconda3/share/proj/proj.db contains DATABASE.LAYOUT.VERSION.MINOR = 2 whereas a number >= 6 is expected. It comes from another PROJ installation.
2026-09-07 02:30:37,246 WARNING CPLE_AppDefined in PROJ: internal_proj_create_from_database: /opt/anaconda3/share/proj/proj.db contains DATABASE.LAYOUT.VERSION.MINOR = 2 whereas a number >= 6 is expected. It comes from another PROJ installation.
2026-09-07 02:30:37,246 WARNING CPLE_AppDefined in PROJ: internal_proj_create_from_name: /opt/anaconda3/share/proj/proj.db contains DATABASE.LAYOUT.VERSION.MINOR = 2 whereas a number >= 6 is expected. It comes from another PROJ installation.
2026-09-07 02:30:37,274 WARNING CPLE_AppDefined in PROJ: internal_proj_create_from_database: /opt/anaconda3/share/proj/proj.db contains DATABASE.LAYOUT.VERSION.MINOR = 2 whereas a number >= 6 is expected. It comes from another PROJ installation.
2026-09-07 02:30:37,275 WARNING CPLE_AppDefined in PROJ: internal_proj_create_from_name: /opt/anaconda3/share/proj/proj.db contains DATABASE.LAYOUT.VERSION.MINOR = 2 whereas a number >= 6 is expected. It comes from another PROJ installation.
2026-09-07 02:30:37,303 WARNING CPLE_AppDefined in PROJ: internal_proj_create_from_database: /opt/anaconda3/share/proj/proj.db contains DATABASE.LAYOUT.VERSION.MINOR = 2 whereas a number >= 6 is expected. It comes from another PROJ installation.
2026-09-07 02:30:37,303 WARNING CPLE_AppDefined in PROJ: internal_proj_create_from_name: /opt/anaconda3/share/proj/proj.db contains DATABASE.LAYOUT.VERSION.MINOR = 2 whereas a number >= 6 is expected. It comes from another PROJ installation.
2026-09-07 02:30:37,332 WARNING CPLE_AppDefined in PROJ: internal_proj_create_from_database: /opt/anaconda3/share/proj/proj.db contains DATABASE.LAYOUT.VERSION.MINOR = 2 whereas a number >= 6 is expected. It comes from another PROJ installation.
2026-09-07 02:30:37,332 WARNING CPLE_AppDefined in PROJ: internal_proj_create_from_name: /opt/anaconda3/share/proj/proj.db contains DATABASE.LAYOUT.VERSION.MINOR = 2 whereas a number >= 6 is expected. It comes from another PROJ installation.
2026-09-07 02:30:37,430 WARNING CPLE_AppDefined in PROJ: internal_proj_create_from_database: /opt/anaconda3/share/proj/proj.db contains DATABASE.LAYOUT.VERSION.MINOR = 2 whereas a number >= 6 is expected. It comes from another PROJ installation.
2026-09-07 02:30:37,430 WARNING CPLE_AppDefined in PROJ: internal_proj_create_from_name: /opt/anaconda3/share/proj/proj.db contains DATABASE.LAYOUT.VERSION.MINOR = 2 whereas a number >= 6 is expected. It comes from another PROJ installation.
2026-09-07 02:30:37,460 WARNING CPLE_AppDefined in PROJ: internal_proj_create_from_database: /opt/anaconda3/share/proj/proj.db contains DATABASE.LAYOUT.VERSION.MINOR = 2 whereas a number >= 6 is expected. It comes from another PROJ installation.
2026-09-07 02:30:37,460 WARNING CPLE_AppDefined in PROJ: internal_proj_create_from_name: /opt/anaconda3/share/proj/proj.db contains DATABASE.LAYOUT.VERSION.MINOR = 2 whereas a number >= 6 is expected. It comes from another PROJ installation.
2026-09-07 02:30:37,490 WARNING CPLE_AppDefined in PROJ: internal_proj_create_from_database: /opt/anaconda3/share/proj/proj.db contains DATABASE.LAYOUT.VERSION.MINOR = 2 whereas a number >= 6 is expected. It comes from another PROJ installation.
2026-09-07 02:30:37,490 WARNING CPLE_AppDefined in PROJ: internal_proj_create_from_name: /opt/anaconda3/share/proj/proj.db contains DATABASE.LAYOUT.VERSION.MINOR = 2 whereas a number >= 6 is expected. It comes from another PROJ installation.
2026-09-07 02:30:37,519 WARNING CPLE_AppDefined in PROJ: internal_proj_create_from_database: /opt/anaconda3/share/proj/proj.db contains DATABASE.LAYOUT.VERSION.MINOR = 2 whereas a number >= 6 is expected. It comes from another PROJ installation.
2026-09-07 02:30:37,520 WARNING CPLE_AppDefined in PROJ: internal_proj_create_from_name: /opt/anaconda3/share/proj/proj.db contains DATABASE.LAYOUT.VERSION.MINOR = 2 whereas a number >= 6 is expected. It comes from another PROJ installation.
2026-09-07 02:30:37,548 WARNING CPLE_AppDefined in PROJ: internal_proj_create_from_database: /opt/anaconda3/share/proj/proj.db contains DATABASE.LAYOUT.VERSION.MINOR = 2 whereas a number >= 6 is expected. It comes from another PROJ installation.
2026-09-07 02:30:37,548 WARNING CPLE_AppDefined in PROJ: internal_proj_create_from_name: /opt/anaconda3/share/proj/proj.db contains DATABASE.LAYOUT.VERSION.MINOR = 2 whereas a number >= 6 is expected. It comes from another PROJ installation.
2026-09-07 02:30:37,577 WARNING CPLE_AppDefined in PROJ: internal_proj_create_from_database: /opt/anaconda3/share/proj/proj.db contains DATABASE.LAYOUT.VERSION.MINOR = 2 whereas a number >= 6 is expected. It comes from another PROJ installation.
2026-09-07 02:30:37,577 WARNING CPLE_AppDefined in PROJ: internal_proj_create_from_name: /opt/anaconda3/share/proj/proj.db contains DATABASE.LAYOUT.VERSION.MINOR = 2 whereas a number >= 6 is expected. It comes from another PROJ installation.
2026-09-07 02:30:37,606 WARNING CPLE_AppDefined in PROJ: internal_proj_create_from_database: /opt/anaconda3/share/proj/proj.db contains DATABASE.LAYOUT.VERSION.MINOR = 2 whereas a number >= 6 is expected. It comes from another PROJ installation.
2026-09-07 02:30:37,606 WARNING CPLE_AppDefined in PROJ: internal_proj_create_from_name: /opt/anaconda3/share/proj/proj.db contains DATABASE.LAYOUT.VERSION.MINOR = 2 whereas a number >= 6 is expected. It comes from another PROJ installation.
2026-09-07 02:30:37,636 WARNING CPLE_AppDefined in PROJ: internal_proj_create_from_database: /opt/anaconda3/share/proj/proj.db contains DATABASE.LAYOUT.VERSION.MINOR = 2 whereas a number >= 6 is expected. It comes from another PROJ installation.
2026-09-07 02:30:37,636 WARNING CPLE_AppDefined in PROJ: internal_proj_create_from_name: /opt/anaconda3/share/proj/proj.db contains DATABASE.LAYOUT.VERSION.MINOR = 2 whereas a number >= 6 is expected. It comes from another PROJ installation.
2026-09-07 02:30:37,665 WARNING CPLE_AppDefined in PROJ: internal_proj_create_from_database: /opt/anaconda3/share/proj/proj.db contains DATABASE.LAYOUT.VERSION.MINOR = 2 whereas a number >= 6 is expected. It comes from another PROJ installation.
2026-09-07 02:30:37,665 WARNING CPLE_AppDefined in PROJ: internal_proj_create_from_name: /opt/anaconda3/share/proj/proj.db contains DATABASE.LAYOUT.VERSION.MINOR = 2 whereas a number >= 6 is expected. It comes from another PROJ installation.
2026-09-07 02:30:37,694 WARNING CPLE_AppDefined in PROJ: internal_proj_create_from_database: /opt/anaconda3/share/proj/proj.db contains DATABASE.LAYOUT.VERSION.MINOR = 2 whereas a number >= 6 is expected. It comes from another PROJ installation.
2026-09-07 02:30:37,694 WARNING CPLE_AppDefined in PROJ: internal_proj_create_from_name: /opt/anaconda3/share/proj/proj.db contains DATABASE.LAYOUT.VERSION.MINOR = 2 whereas a number >= 6 is expected. It comes from another PROJ installation.
2026-09-07 02:30:37,723 WARNING CPLE_AppDefined in PROJ: internal_proj_create_from_database: /opt/anaconda3/share/proj/proj.db contains DATABASE.LAYOUT.VERSION.MINOR = 2 whereas a number >= 6 is expected. It comes from another PROJ installation.
2026-09-07 02:30:37,723 WARNING CPLE_AppDefined in PROJ: internal_proj_create_from_name: /opt/anaconda3/share/proj/proj.db contains DATABASE.LAYOUT.VERSION.MINOR = 2 whereas a number >= 6 is expected. It comes from another PROJ installation.
2026-09-07 02:30:37,752 WARNING CPLE_AppDefined in PROJ: internal_proj_create_from_database: /opt/anaconda3/share/proj/proj.db contains DATABASE.LAYOUT.VERSION.MINOR = 2 whereas a number >= 6 is expected. It comes from another PROJ installation.
2026-09-07 02:30:37,752 WARNING CPLE_AppDefined in PROJ: internal_proj_create_from_name: /opt/anaconda3/share/proj/proj.db contains DATABASE.LAYOUT.VERSION.MINOR = 2 whereas a number >= 6 is expected. It comes from another PROJ installation.
2026-09-07 02:30:37,781 WARNING CPLE_AppDefined in PROJ: internal_proj_create_from_database: /opt/anaconda3/share/proj/proj.db contains DATABASE.LAYOUT.VERSION.MINOR = 2 whereas a number >= 6 is expected. It comes from another PROJ installation.
2026-09-07 02:30:37,781 WARNING CPLE_AppDefined in PROJ: internal_proj_create_from_name: /opt/anaconda3/share/proj/proj.db contains DATABASE.LAYOUT.VERSION.MINOR = 2 whereas a number >= 6 is expected. It comes from another PROJ installation.
2026-09-07 02:30:37,809 WARNING CPLE_AppDefined in PROJ: internal_proj_create_from_database: /opt/anaconda3/share/proj/proj.db contains DATABASE.LAYOUT.VERSION.MINOR = 2 whereas a number >= 6 is expected. It comes from another PROJ installation.
2026-09-07 02:30:37,809 WARNING CPLE_AppDefined in PROJ: internal_proj_create_from_name: /opt/anaconda3/share/proj/proj.db contains DATABASE.LAYOUT.VERSION.MINOR = 2 whereas a number >= 6 is expected. It comes from another PROJ installation.
2026-09-07 02:30:37,838 WARNING CPLE_AppDefined in PROJ: internal_proj_create_from_database: /opt/anaconda3/share/proj/proj.db contains DATABASE.LAYOUT.VERSION.MINOR = 2 whereas a number >= 6 is expected. It comes from another PROJ installation.
2026-09-07 02:30:37,838 WARNING CPLE_AppDefined in PROJ: internal_proj_create_from_name: /opt/anaconda3/share/proj/proj.db contains DATABASE.LAYOUT.VERSION.MINOR = 2 whereas a number >= 6 is expected. It comes from another PROJ installation.
2026-09-07 02:30:37,867 WARNING CPLE_AppDefined in PROJ: internal_proj_create_from_database: /opt/anaconda3/share/proj/proj.db contains DATABASE.LAYOUT.VERSION.MINOR = 2 whereas a number >= 6 is expected. It comes from another PROJ installation.
2026-09-07 02:30:37,867 WARNING CPLE_AppDefined in PROJ: internal_proj_create_from_name: /opt/anaconda3/share/proj/proj.db contains DATABASE.LAYOUT.VERSION.MINOR = 2 whereas a number >= 6 is expected. It comes from another PROJ installation.
2026-09-07 02:30:37,896 WARNING CPLE_AppDefined in PROJ: internal_proj_create_from_database: /opt/anaconda3/share/proj/proj.db contains DATABASE.LAYOUT.VERSION.MINOR = 2 whereas a number >= 6 is expected. It comes from another PROJ installation.
2026-09-07 02:30:37,896 WARNING CPLE_AppDefined in PROJ: internal_proj_create_from_name: /opt/anaconda3/share/proj/proj.db contains DATABASE.LAYOUT.VERSION.MINOR = 2 whereas a number >= 6 is expected. It comes from another PROJ installation.
2026-09-07 02:30:37,924 WARNING CPLE_AppDefined in PROJ: internal_proj_create_from_database: /opt/anaconda3/share/proj/proj.db contains DATABASE.LAYOUT.VERSION.MINOR = 2 whereas a number >= 6 is expected. It comes from another PROJ installation.
2026-09-07 02:30:37,924 WARNING CPLE_AppDefined in PROJ: internal_proj_create_from_name: /opt/anaconda3/share/proj/proj.db contains DATABASE.LAYOUT.VERSION.MINOR = 2 whereas a number >= 6 is expected. It comes from another PROJ installation.
2026-09-07 02:30:37,953 WARNING CPLE_AppDefined in PROJ: internal_proj_create_from_database: /opt/anaconda3/share/proj/proj.db contains DATABASE.LAYOUT.VERSION.MINOR = 2 whereas a number >= 6 is expected. It comes from another PROJ installation.
2026-09-07 02:30:37,953 WARNING CPLE_AppDefined in PROJ: internal_proj_create_from_name: /opt/anaconda3/share/proj/proj.db contains DATABASE.LAYOUT.VERSION.MINOR = 2 whereas a number >= 6 is expected. It comes from another PROJ installation.
2026-09-07 02:30:37,982 WARNING CPLE_AppDefined in PROJ: internal_proj_create_from_database: /opt/anaconda3/share/proj/proj.db contains DATABASE.LAYOUT.VERSION.MINOR = 2 whereas a number >= 6 is expected. It comes from another PROJ installation.
2026-09-07 02:30:37,982 WARNING CPLE_AppDefined in PROJ: internal_proj_create_from_name: /opt/anaconda3/share/proj/proj.db contains DATABASE.LAYOUT.VERSION.MINOR = 2 whereas a number >= 6 is expected. It comes from another PROJ installation.
2026-09-07 02:30:38,010 WARNING CPLE_AppDefined in PROJ: internal_proj_create_from_database: /opt/anaconda3/share/proj/proj.db contains DATABASE.LAYOUT.VERSION.MINOR = 2 whereas a number >= 6 is expected. It comes from another PROJ installation.
2026-09-07 02:30:38,010 WARNING CPLE_AppDefined in PROJ: internal_proj_create_from_name: /opt/anaconda3/share/proj/proj.db contains DATABASE.LAYOUT.VERSION.MINOR = 2 whereas a number >= 6 is expected. It comes from another PROJ installation.
2026-09-07 02:30:38,039 WARNING CPLE_AppDefined in PROJ: internal_proj_create_from_database: /opt/anaconda3/share/proj/proj.db contains DATABASE.LAYOUT.VERSION.MINOR = 2 whereas a number >= 6 is expected. It comes from another PROJ installation.
2026-09-07 02:30:38,039 WARNING CPLE_AppDefined in PROJ: internal_proj_create_from_name: /opt/anaconda3/share/proj/proj.db contains DATABASE.LAYOUT.VERSION.MINOR = 2 whereas a number >= 6 is expected. It comes from another PROJ installation.
2026-09-07 02:30:38,068 WARNING CPLE_AppDefined in PROJ: internal_proj_create_from_database: /opt/anaconda3/share/proj/proj.db contains DATABASE.LAYOUT.VERSION.MINOR = 2 whereas a number >= 6 is expected. It comes from another PROJ installation.
2026-09-07 02:30:38,068 WARNING CPLE_AppDefined in PROJ: internal_proj_create_from_name: /opt/anaconda3/share/proj/proj.db contains DATABASE.LAYOUT.VERSION.MINOR = 2 whereas a number >= 6 is expected. It comes from another PROJ installation.
2026-09-07 02:30:38,097 WARNING CPLE_AppDefined in PROJ: internal_proj_create_from_database: /opt/anaconda3/share/proj/proj.db contains DATABASE.LAYOUT.VERSION.MINOR = 2 whereas a number >= 6 is expected. It comes from another PROJ installation.
2026-09-07 02:30:38,097 WARNING CPLE_AppDefined in PROJ: internal_proj_create_from_name: /opt/anaconda3/share/proj/proj.db contains DATABASE.LAYOUT.VERSION.MINOR = 2 whereas a number >= 6 is expected. It comes from another PROJ installation.
2026-09-07 02:30:38,125 WARNING CPLE_AppDefined in PROJ: internal_proj_create_from_database: /opt/anaconda3/share/proj/proj.db contains DATABASE.LAYOUT.VERSION.MINOR = 2 whereas a number >= 6 is expected. It comes from another PROJ installation.
2026-09-07 02:30:38,125 WARNING CPLE_AppDefined in PROJ: internal_proj_create_from_name: /opt/anaconda3/share/proj/proj.db contains DATABASE.LAYOUT.VERSION.MINOR = 2 whereas a number >= 6 is expected. It comes from another PROJ installation.
2026-09-07 02:30:38,153 WARNING CPLE_AppDefined in PROJ: internal_proj_create_from_database: /opt/anaconda3/share/proj/proj.db contains DATABASE.LAYOUT.VERSION.MINOR = 2 whereas a number >= 6 is expected. It comes from another PROJ installation.
2026-09-07 02:30:38,153 WARNING CPLE_AppDefined in PROJ: internal_proj_create_from_name: /opt/anaconda3/share/proj/proj.db contains DATABASE.LAYOUT.VERSION.MINOR = 2 whereas a number >= 6 is expected. It comes from another PROJ installation.
2026-09-07 02:30:38,182 WARNING CPLE_AppDefined in PROJ: internal_proj_create_from_database: /opt/anaconda3/share/proj/proj.db contains DATABASE.LAYOUT.VERSION.MINOR = 2 whereas a number >= 6 is expected. It comes from another PROJ installation.
2026-09-07 02:30:38,182 WARNING CPLE_AppDefined in PROJ: internal_proj_create_from_name: /opt/anaconda3/share/proj/proj.db contains DATABASE.LAYOUT.VERSION.MINOR = 2 whereas a number >= 6 is expected. It comes from another PROJ installation.
2026-09-07 02:30:38,210 WARNING CPLE_AppDefined in PROJ: internal_proj_create_from_database: /opt/anaconda3/share/proj/proj.db contains DATABASE.LAYOUT.VERSION.MINOR = 2 whereas a number >= 6 is expected. It comes from another PROJ installation.
2026-09-07 02:30:38,210 WARNING CPLE_AppDefined in PROJ: internal_proj_create_from_name: /opt/anaconda3/share/proj/proj.db contains DATABASE.LAYOUT.VERSION.MINOR = 2 whereas a number >= 6 is expected. It comes from another PROJ installation.
2026-09-07 02:30:38,239 WARNING CPLE_AppDefined in PROJ: internal_proj_create_from_database: /opt/anaconda3/share/proj/proj.db contains DATABASE.LAYOUT.VERSION.MINOR = 2 whereas a number >= 6 is expected. It comes from another PROJ installation.
2026-09-07 02:30:38,239 WARNING CPLE_AppDefined in PROJ: internal_proj_create_from_name: /opt/anaconda3/share/proj/proj.db contains DATABASE.LAYOUT.VERSION.MINOR = 2 whereas a number >= 6 is expected. It comes from another PROJ installation.
2026-09-07 02:30:38,268 WARNING CPLE_AppDefined in PROJ: internal_proj_create_from_database: /opt/anaconda3/share/proj/proj.db contains DATABASE.LAYOUT.VERSION.MINOR = 2 whereas a number >= 6 is expected. It comes from another PROJ installation.
2026-09-07 02:30:38,268 WARNING CPLE_AppDefined in PROJ: internal_proj_create_from_name: /opt/anaconda3/share/proj/proj.db contains DATABASE.LAYOUT.VERSION.MINOR = 2 whereas a number >= 6 is expected. It comes from another PROJ installation.
2026-09-07 02:30:38,296 WARNING CPLE_AppDefined in PROJ: internal_proj_create_from_database: /opt/anaconda3/share/proj/proj.db contains DATABASE.LAYOUT.VERSION.MINOR = 2 whereas a number >= 6 is expected. It comes from another PROJ installation.
2026-09-07 02:30:38,296 WARNING CPLE_AppDefined in PROJ: internal_proj_create_from_name: /opt/anaconda3/share/proj/proj.db contains DATABASE.LAYOUT.VERSION.MINOR = 2 whereas a number >= 6 is expected. It comes from another PROJ installation.
2026-09-07 02:30:38,325 WARNING CPLE_AppDefined in PROJ: internal_proj_create_from_database: /opt/anaconda3/share/proj/proj.db contains DATABASE.LAYOUT.VERSION.MINOR = 2 whereas a number >= 6 is expected. It comes from another PROJ installation.
2026-09-07 02:30:38,325 WARNING CPLE_AppDefined in PROJ: internal_proj_create_from_name: /opt/anaconda3/share/proj/proj.db contains DATABASE.LAYOUT.VERSION.MINOR = 2 whereas a number >= 6 is expected. It comes from another PROJ installation.
2026-09-07 02:30:38,353 WARNING CPLE_AppDefined in PROJ: internal_proj_create_from_database: /opt/anaconda3/share/proj/proj.db contains DATABASE.LAYOUT.VERSION.MINOR = 2 whereas a number >= 6 is expected. It comes from another PROJ installation.
2026-09-07 02:30:38,353 WARNING CPLE_AppDefined in PROJ: internal_proj_create_from_name: /opt/anaconda3/share/proj/proj.db contains DATABASE.LAYOUT.VERSION.MINOR = 2 whereas a number >= 6 is expected. It comes from another PROJ installation.
2026-09-07 02:30:38,381 WARNING CPLE_AppDefined in PROJ: internal_proj_create_from_database: /opt/anaconda3/share/proj/proj.db contains DATABASE.LAYOUT.VERSION.MINOR = 2 whereas a number >= 6 is expected. It comes from another PROJ installation.
2026-09-07 02:30:38,381 WARNING CPLE_AppDefined in PROJ: internal_proj_create_from_name: /opt/anaconda3/share/proj/proj.db contains DATABASE.LAYOUT.VERSION.MINOR = 2 whereas a number >= 6 is expected. It comes from another PROJ installation.
2026-09-07 02:30:38,409 WARNING CPLE_AppDefined in PROJ: internal_proj_create_from_database: /opt/anaconda3/share/proj/proj.db contains DATABASE.LAYOUT.VERSION.MINOR = 2 whereas a number >= 6 is expected. It comes from another PROJ installation.
2026-09-07 02:30:38,409 WARNING CPLE_AppDefined in PROJ: internal_proj_create_from_name: /opt/anaconda3/share/proj/proj.db contains DATABASE.LAYOUT.VERSION.MINOR = 2 whereas a number >= 6 is expected. It comes from another PROJ installation.
2026-09-07 02:30:38,437 WARNING CPLE_AppDefined in PROJ: internal_proj_create_from_database: /opt/anaconda3/share/proj/proj.db contains DATABASE.LAYOUT.VERSION.MINOR = 2 whereas a number >= 6 is expected. It comes from another PROJ installation.
2026-09-07 02:30:38,437 WARNING CPLE_AppDefined in PROJ: internal_proj_create_from_name: /opt/anaconda3/share/proj/proj.db contains DATABASE.LAYOUT.VERSION.MINOR = 2 whereas a number >= 6 is expected. It comes from another PROJ installation.
2026-09-07 02:30:38,465 WARNING CPLE_AppDefined in PROJ: internal_proj_create_from_database: /opt/anaconda3/share/proj/proj.db contains DATABASE.LAYOUT.VERSION.MINOR = 2 whereas a number >= 6 is expected. It comes from another PROJ installation.
2026-09-07 02:30:38,465 WARNING CPLE_AppDefined in PROJ: internal_proj_create_from_name: /opt/anaconda3/share/proj/proj.db contains DATABASE.LAYOUT.VERSION.MINOR = 2 whereas a number >= 6 is expected. It comes from another PROJ installation.
2026-09-07 02:30:38,495 WARNING CPLE_AppDefined in PROJ: internal_proj_create_from_database: /opt/anaconda3/share/proj/proj.db contains DATABASE.LAYOUT.VERSION.MINOR = 2 whereas a number >= 6 is expected. It comes from another PROJ installation.
2026-09-07 02:30:38,495 WARNING CPLE_AppDefined in PROJ: internal_proj_create_from_name: /opt/anaconda3/share/proj/proj.db contains DATABASE.LAYOUT.VERSION.MINOR = 2 whereas a number >= 6 is expected. It comes from another PROJ installation.
2026-09-07 02:30:38,529 WARNING CPLE_AppDefined in PROJ: internal_proj_create_from_database: /opt/anaconda3/share/proj/proj.db contains DATABASE.LAYOUT.VERSION.MINOR = 2 whereas a number >= 6 is expected. It comes from another PROJ installation.
2026-09-07 02:30:38,529 WARNING CPLE_AppDefined in PROJ: internal_proj_create_from_name: /opt/anaconda3/share/proj/proj.db contains DATABASE.LAYOUT.VERSION.MINOR = 2 whereas a number >= 6 is expected. It comes from another PROJ installation.
2026-09-07 02:30:38,561 WARNING CPLE_AppDefined in PROJ: internal_proj_create_from_database: /opt/anaconda3/share/proj/proj.db contains DATABASE.LAYOUT.VERSION.MINOR = 2 whereas a number >= 6 is expected. It comes from another PROJ installation.
2026-09-07 02:30:38,562 WARNING CPLE_AppDefined in PROJ: internal_proj_create_from_name: /opt/anaconda3/share/proj/proj.db contains DATABASE.LAYOUT.VERSION.MINOR = 2 whereas a number >= 6 is expected. It comes from another PROJ installation.
2026-09-07 02:30:38,594 WARNING CPLE_AppDefined in PROJ: internal_proj_create_from_database: /opt/anaconda3/share/proj/proj.db contains DATABASE.LAYOUT.VERSION.MINOR = 2 whereas a number >= 6 is expected. It comes from another PROJ installation.
2026-09-07 02:30:38,594 WARNING CPLE_AppDefined in PROJ: internal_proj_create_from_name: /opt/anaconda3/share/proj/proj.db contains DATABASE.LAYOUT.VERSION.MINOR = 2 whereas a number >= 6 is expected. It comes from another PROJ installation.
2026-09-07 02:30:38,633 WARNING CPLE_AppDefined in PROJ: internal_proj_create_from_database: /opt/anaconda3/share/proj/proj.db contains DATABASE.LAYOUT.VERSION.MINOR = 2 whereas a number >= 6 is expected. It comes from another PROJ installation.
2026-09-07 02:30:38,635 WARNING CPLE_AppDefined in PROJ: internal_proj_create_from_name: /opt/anaconda3/share/proj/proj.db contains DATABASE.LAYOUT.VERSION.MINOR = 2 whereas a number >= 6 is expected. It comes from another PROJ installation.
2026-09-07 02:30:38,672 WARNING CPLE_AppDefined in PROJ: internal_proj_create_from_database: /opt/anaconda3/share/proj/proj.db contains DATABASE.LAYOUT.VERSION.MINOR = 2 whereas a number >= 6 is expected. It comes from another PROJ installation.
2026-09-07 02:30:38,672 WARNING CPLE_AppDefined in PROJ: internal_proj_create_from_name: /opt/anaconda3/share/proj/proj.db contains DATABASE.LAYOUT.VERSION.MINOR = 2 whereas a number >= 6 is expected. It comes from another PROJ installation.
2026-09-07 02:30:38,708 WARNING CPLE_AppDefined in PROJ: internal_proj_create_from_database: /opt/anaconda3/share/proj/proj.db contains DATABASE.LAYOUT.VERSION.MINOR = 2 whereas a number >= 6 is expected. It comes from another PROJ installation.
2026-09-07 02:30:38,708 WARNING CPLE_AppDefined in PROJ: internal_proj_create_from_name: /opt/anaconda3/share/proj/proj.db contains DATABASE.LAYOUT.VERSION.MINOR = 2 whereas a number >= 6 is expected. It comes from another PROJ installation.
2026-09-07 02:30:38,740 WARNING CPLE_AppDefined in PROJ: internal_proj_create_from_database: /opt/anaconda3/share/proj/proj.db contains DATABASE.LAYOUT.VERSION.MINOR = 2 whereas a number >= 6 is expected. It comes from another PROJ installation.
2026-09-07 02:30:38,740 WARNING CPLE_AppDefined in PROJ: internal_proj_create_from_name: /opt/anaconda3/share/proj/proj.db contains DATABASE.LAYOUT.VERSION.MINOR = 2 whereas a number >= 6 is expected. It comes from another PROJ installation.
2026-09-07 02:30:38,769 WARNING CPLE_AppDefined in PROJ: internal_proj_create_from_database: /opt/anaconda3/share/proj/proj.db contains DATABASE.LAYOUT.VERSION.MINOR = 2 whereas a number >= 6 is expected. It comes from another PROJ installation.
2026-09-07 02:30:38,769 WARNING CPLE_AppDefined in PROJ: internal_proj_create_from_name: /opt/anaconda3/share/proj/proj.db contains DATABASE.LAYOUT.VERSION.MINOR = 2 whereas a number >= 6 is expected. It comes from another PROJ installation.
2026-09-07 02:30:38,799 WARNING CPLE_AppDefined in PROJ: internal_proj_create_from_database: /opt/anaconda3/share/proj/proj.db contains DATABASE.LAYOUT.VERSION.MINOR = 2 whereas a number >= 6 is expected. It comes from another PROJ installation.
2026-09-07 02:30:38,799 WARNING CPLE_AppDefined in PROJ: internal_proj_create_from_name: /opt/anaconda3/share/proj/proj.db contains DATABASE.LAYOUT.VERSION.MINOR = 2 whereas a number >= 6 is expected. It comes from another PROJ installation.
2026-09-07 02:30:38,830 WARNING CPLE_AppDefined in PROJ: internal_proj_create_from_database: /opt/anaconda3/share/proj/proj.db contains DATABASE.LAYOUT.VERSION.MINOR = 2 whereas a number >= 6 is expected. It comes from another PROJ installation.
2026-09-07 02:30:38,830 WARNING CPLE_AppDefined in PROJ: internal_proj_create_from_name: /opt/anaconda3/share/proj/proj.db contains DATABASE.LAYOUT.VERSION.MINOR = 2 whereas a number >= 6 is expected. It comes from another PROJ installation.
2026-09-07 02:30:38,859 WARNING CPLE_AppDefined in PROJ: internal_proj_create_from_database: /opt/anaconda3/share/proj/proj.db contains DATABASE.LAYOUT.VERSION.MINOR = 2 whereas a number >= 6 is expected. It comes from another PROJ installation.
2026-09-07 02:30:38,860 WARNING CPLE_AppDefined in PROJ: internal_proj_create_from_name: /opt/anaconda3/share/proj/proj.db contains DATABASE.LAYOUT.VERSION.MINOR = 2 whereas a number >= 6 is expected. It comes from another PROJ installation.
2026-09-07 02:30:38,889 WARNING CPLE_AppDefined in PROJ: internal_proj_create_from_database: /opt/anaconda3/share/proj/proj.db contains DATABASE.LAYOUT.VERSION.MINOR = 2 whereas a number >= 6 is expected. It comes from another PROJ installation.
2026-09-07 02:30:38,889 WARNING CPLE_AppDefined in PROJ: internal_proj_create_from_name: /opt/anaconda3/share/proj/proj.db contains DATABASE.LAYOUT.VERSION.MINOR = 2 whereas a number >= 6 is expected. It comes from another PROJ installation.
2026-09-07 02:30:38,920 WARNING CPLE_AppDefined in PROJ: internal_proj_create_from_database: /opt/anaconda3/share/proj/proj.db contains DATABASE.LAYOUT.VERSION.MINOR = 2 whereas a number >= 6 is expected. It comes from another PROJ installation.
2026-09-07 02:30:38,920 WARNING CPLE_AppDefined in PROJ: internal_proj_create_from_name: /opt/anaconda3/share/proj/proj.db contains DATABASE.LAYOUT.VERSION.MINOR = 2 whereas a number >= 6 is expected. It comes from another PROJ installation.
2026-09-07 02:30:38,951 WARNING CPLE_AppDefined in PROJ: internal_proj_create_from_database: /opt/anaconda3/share/proj/proj.db contains DATABASE.LAYOUT.VERSION.MINOR = 2 whereas a number >= 6 is expected. It comes from another PROJ installation.
2026-09-07 02:30:38,951 WARNING CPLE_AppDefined in PROJ: internal_proj_create_from_name: /opt/anaconda3/share/proj/proj.db contains DATABASE.LAYOUT.VERSION.MINOR = 2 whereas a number >= 6 is expected. It comes from another PROJ installation.
2026-09-07 02:30:38,968 INFO Saved /Users/helloworld/Desktop/SIH/SIH2026/data/regions/uttar_pradesh/satellite/chirps_uttar_pradesh_2018.nc (0.4 MB)
2026-09-07 02:30:38,991 ERROR ERA5 2018: HTTPSConnectionPool(host='archive-api.open-meteo.com', port=443): Max retries exceeded with url: /v1/archive?latitude=23.5&longitude=77.0&start_date=2018-06-01&end_date=2018-09-30&hourly=precipitation&timezone=UTC (Caused by NameResolutionError("<urllib3.connection.HTTPSConnection object at 0x16934efd0>: Failed to resolve 'archive-api.open-meteo.com' ([Errno 8] nodename nor servname provided, or not known)"))
2026-09-07 02:30:39,005 ERROR MERRA-2 2018: HTTPSConnectionPool(host='power.larc.nasa.gov', port=443): Max retries exceeded with url: /api/temporal/hourly/point?parameters=PRECTOTCORR&community=AG&longitude=77.0&latitude=23.5&start=20180601&end=20180930&format=JSON (Caused by NameResolutionError("<urllib3.connection.HTTPSConnection object at 0x16934f390>: Failed to resolve 'power.larc.nasa.gov' ([Errno 8] nodename nor servname provided, or not known)"))
2026-09-07 02:33:49,056 WARNING CHIRPS download failed https://data.chc.ucsb.edu/products/CHIRPS-2.0/global_daily/tifs/p25/2019/chirps-v2.0.2019.08.31.tif.gz: HTTPSConnectionPool(host='data.chc.ucsb.edu', port=443): Read timed out.
2026-09-07 02:34:10,865 INFO Building CHIRPS NetCDF for 2019 (121 days)...
2026-09-07 02:34:10,903 WARNING CPLE_AppDefined in PROJ: internal_proj_create_from_database: /opt/anaconda3/share/proj/proj.db contains DATABASE.LAYOUT.VERSION.MINOR = 2 whereas a number >= 6 is expected. It comes from another PROJ installation.
2026-09-07 02:34:10,903 WARNING CPLE_AppDefined in PROJ: internal_proj_create_from_name: /opt/anaconda3/share/proj/proj.db contains DATABASE.LAYOUT.VERSION.MINOR = 2 whereas a number >= 6 is expected. It comes from another PROJ installation.
2026-09-07 02:34:10,945 WARNING CPLE_AppDefined in PROJ: internal_proj_create_from_database: /opt/anaconda3/share/proj/proj.db contains DATABASE.LAYOUT.VERSION.MINOR = 2 whereas a number >= 6 is expected. It comes from another PROJ installation.
2026-09-07 02:34:10,945 WARNING CPLE_AppDefined in PROJ: internal_proj_create_from_name: /opt/anaconda3/share/proj/proj.db contains DATABASE.LAYOUT.VERSION.MINOR = 2 whereas a number >= 6 is expected. It comes from another PROJ installation.
2026-09-07 02:34:10,978 WARNING CPLE_AppDefined in PROJ: internal_proj_create_from_database: /opt/anaconda3/share/proj/proj.db contains DATABASE.LAYOUT.VERSION.MINOR = 2 whereas a number >= 6 is expected. It comes from another PROJ installation.
2026-09-07 02:34:10,978 WARNING CPLE_AppDefined in PROJ: internal_proj_create_from_name: /opt/anaconda3/share/proj/proj.db contains DATABASE.LAYOUT.VERSION.MINOR = 2 whereas a number >= 6 is expected. It comes from another PROJ installation.
2026-09-07 02:34:11,007 WARNING CPLE_AppDefined in PROJ: internal_proj_create_from_database: /opt/anaconda3/share/proj/proj.db contains DATABASE.LAYOUT.VERSION.MINOR = 2 whereas a number >= 6 is expected. It comes from another PROJ installation.
2026-09-07 02:34:11,007 WARNING CPLE_AppDefined in PROJ: internal_proj_create_from_name: /opt/anaconda3/share/proj/proj.db contains DATABASE.LAYOUT.VERSION.MINOR = 2 whereas a number >= 6 is expected. It comes from another PROJ installation.
2026-09-07 02:34:11,036 WARNING CPLE_AppDefined in PROJ: internal_proj_create_from_database: /opt/anaconda3/share/proj/proj.db contains DATABASE.LAYOUT.VERSION.MINOR = 2 whereas a number >= 6 is expected. It comes from another PROJ installation.
2026-09-07 02:34:11,036 WARNING CPLE_AppDefined in PROJ: internal_proj_create_from_name: /opt/anaconda3/share/proj/proj.db contains DATABASE.LAYOUT.VERSION.MINOR = 2 whereas a number >= 6 is expected. It comes from another PROJ installation.
2026-09-07 02:34:11,065 WARNING CPLE_AppDefined in PROJ: internal_proj_create_from_database: /opt/anaconda3/share/proj/proj.db contains DATABASE.LAYOUT.VERSION.MINOR = 2 whereas a number >= 6 is expected. It comes from another PROJ installation.
2026-09-07 02:34:11,065 WARNING CPLE_AppDefined in PROJ: internal_proj_create_from_name: /opt/anaconda3/share/proj/proj.db contains DATABASE.LAYOUT.VERSION.MINOR = 2 whereas a number >= 6 is expected. It comes from another PROJ installation.
2026-09-07 02:34:11,093 WARNING CPLE_AppDefined in PROJ: internal_proj_create_from_database: /opt/anaconda3/share/proj/proj.db contains DATABASE.LAYOUT.VERSION.MINOR = 2 whereas a number >= 6 is expected. It comes from another PROJ installation.
2026-09-07 02:34:11,093 WARNING CPLE_AppDefined in PROJ: internal_proj_create_from_name: /opt/anaconda3/share/proj/proj.db contains DATABASE.LAYOUT.VERSION.MINOR = 2 whereas a number >= 6 is expected. It comes from another PROJ installation.
2026-09-07 02:34:11,122 WARNING CPLE_AppDefined in PROJ: internal_proj_create_from_database: /opt/anaconda3/share/proj/proj.db contains DATABASE.LAYOUT.VERSION.MINOR = 2 whereas a number >= 6 is expected. It comes from another PROJ installation.
2026-09-07 02:34:11,122 WARNING CPLE_AppDefined in PROJ: internal_proj_create_from_name: /opt/anaconda3/share/proj/proj.db contains DATABASE.LAYOUT.VERSION.MINOR = 2 whereas a number >= 6 is expected. It comes from another PROJ installation.
2026-09-07 02:34:11,150 WARNING CPLE_AppDefined in PROJ: internal_proj_create_from_database: /opt/anaconda3/share/proj/proj.db contains DATABASE.LAYOUT.VERSION.MINOR = 2 whereas a number >= 6 is expected. It comes from another PROJ installation.
2026-09-07 02:34:11,151 WARNING CPLE_AppDefined in PROJ: internal_proj_create_from_name: /opt/anaconda3/share/proj/proj.db contains DATABASE.LAYOUT.VERSION.MINOR = 2 whereas a number >= 6 is expected. It comes from another PROJ installation.
2026-09-07 02:34:11,179 WARNING CPLE_AppDefined in PROJ: internal_proj_create_from_database: /opt/anaconda3/share/proj/proj.db contains DATABASE.LAYOUT.VERSION.MINOR = 2 whereas a number >= 6 is expected. It comes from another PROJ installation.
2026-09-07 02:34:11,179 WARNING CPLE_AppDefined in PROJ: internal_proj_create_from_name: /opt/anaconda3/share/proj/proj.db contains DATABASE.LAYOUT.VERSION.MINOR = 2 whereas a number >= 6 is expected. It comes from another PROJ installation.
2026-09-07 02:34:11,206 WARNING CPLE_AppDefined in PROJ: internal_proj_create_from_database: /opt/anaconda3/share/proj/proj.db contains DATABASE.LAYOUT.VERSION.MINOR = 2 whereas a number >= 6 is expected. It comes from another PROJ installation.
2026-09-07 02:34:11,207 WARNING CPLE_AppDefined in PROJ: internal_proj_create_from_name: /opt/anaconda3/share/proj/proj.db contains DATABASE.LAYOUT.VERSION.MINOR = 2 whereas a number >= 6 is expected. It comes from another PROJ installation.
2026-09-07 02:34:11,236 WARNING CPLE_AppDefined in PROJ: internal_proj_create_from_database: /opt/anaconda3/share/proj/proj.db contains DATABASE.LAYOUT.VERSION.MINOR = 2 whereas a number >= 6 is expected. It comes from another PROJ installation.
2026-09-07 02:34:11,236 WARNING CPLE_AppDefined in PROJ: internal_proj_create_from_name: /opt/anaconda3/share/proj/proj.db contains DATABASE.LAYOUT.VERSION.MINOR = 2 whereas a number >= 6 is expected. It comes from another PROJ installation.
2026-09-07 02:34:11,265 WARNING CPLE_AppDefined in PROJ: internal_proj_create_from_database: /opt/anaconda3/share/proj/proj.db contains DATABASE.LAYOUT.VERSION.MINOR = 2 whereas a number >= 6 is expected. It comes from another PROJ installation.
2026-09-07 02:34:11,265 WARNING CPLE_AppDefined in PROJ: internal_proj_create_from_name: /opt/anaconda3/share/proj/proj.db contains DATABASE.LAYOUT.VERSION.MINOR = 2 whereas a number >= 6 is expected. It comes from another PROJ installation.
2026-09-07 02:34:11,293 WARNING CPLE_AppDefined in PROJ: internal_proj_create_from_database: /opt/anaconda3/share/proj/proj.db contains DATABASE.LAYOUT.VERSION.MINOR = 2 whereas a number >= 6 is expected. It comes from another PROJ installation.
2026-09-07 02:34:11,293 WARNING CPLE_AppDefined in PROJ: internal_proj_create_from_name: /opt/anaconda3/share/proj/proj.db contains DATABASE.LAYOUT.VERSION.MINOR = 2 whereas a number >= 6 is expected. It comes from another PROJ installation.
2026-09-07 02:34:11,321 WARNING CPLE_AppDefined in PROJ: internal_proj_create_from_database: /opt/anaconda3/share/proj/proj.db contains DATABASE.LAYOUT.VERSION.MINOR = 2 whereas a number >= 6 is expected. It comes from another PROJ installation.
2026-09-07 02:34:11,321 WARNING CPLE_AppDefined in PROJ: internal_proj_create_from_name: /opt/anaconda3/share/proj/proj.db contains DATABASE.LAYOUT.VERSION.MINOR = 2 whereas a number >= 6 is expected. It comes from another PROJ installation.
2026-09-07 02:34:11,349 WARNING CPLE_AppDefined in PROJ: internal_proj_create_from_database: /opt/anaconda3/share/proj/proj.db contains DATABASE.LAYOUT.VERSION.MINOR = 2 whereas a number >= 6 is expected. It comes from another PROJ installation.
2026-09-07 02:34:11,349 WARNING CPLE_AppDefined in PROJ: internal_proj_create_from_name: /opt/anaconda3/share/proj/proj.db contains DATABASE.LAYOUT.VERSION.MINOR = 2 whereas a number >= 6 is expected. It comes from another PROJ installation.
2026-09-07 02:34:11,378 WARNING CPLE_AppDefined in PROJ: internal_proj_create_from_database: /opt/anaconda3/share/proj/proj.db contains DATABASE.LAYOUT.VERSION.MINOR = 2 whereas a number >= 6 is expected. It comes from another PROJ installation.
2026-09-07 02:34:11,378 WARNING CPLE_AppDefined in PROJ: internal_proj_create_from_name: /opt/anaconda3/share/proj/proj.db contains DATABASE.LAYOUT.VERSION.MINOR = 2 whereas a number >= 6 is expected. It comes from another PROJ installation.
2026-09-07 02:34:11,407 WARNING CPLE_AppDefined in PROJ: internal_proj_create_from_database: /opt/anaconda3/share/proj/proj.db contains DATABASE.LAYOUT.VERSION.MINOR = 2 whereas a number >= 6 is expected. It comes from another PROJ installation.
2026-09-07 02:34:11,407 WARNING CPLE_AppDefined in PROJ: internal_proj_create_from_name: /opt/anaconda3/share/proj/proj.db contains DATABASE.LAYOUT.VERSION.MINOR = 2 whereas a number >= 6 is expected. It comes from another PROJ installation.
2026-09-07 02:34:11,437 WARNING CPLE_AppDefined in PROJ: internal_proj_create_from_database: /opt/anaconda3/share/proj/proj.db contains DATABASE.LAYOUT.VERSION.MINOR = 2 whereas a number >= 6 is expected. It comes from another PROJ installation.
2026-09-07 02:34:11,437 WARNING CPLE_AppDefined in PROJ: internal_proj_create_from_name: /opt/anaconda3/share/proj/proj.db contains DATABASE.LAYOUT.VERSION.MINOR = 2 whereas a number >= 6 is expected. It comes from another PROJ installation.
2026-09-07 02:34:11,467 WARNING CPLE_AppDefined in PROJ: internal_proj_create_from_database: /opt/anaconda3/share/proj/proj.db contains DATABASE.LAYOUT.VERSION.MINOR = 2 whereas a number >= 6 is expected. It comes from another PROJ installation.
2026-09-07 02:34:11,467 WARNING CPLE_AppDefined in PROJ: internal_proj_create_from_name: /opt/anaconda3/share/proj/proj.db contains DATABASE.LAYOUT.VERSION.MINOR = 2 whereas a number >= 6 is expected. It comes from another PROJ installation.
2026-09-07 02:34:11,497 WARNING CPLE_AppDefined in PROJ: internal_proj_create_from_database: /opt/anaconda3/share/proj/proj.db contains DATABASE.LAYOUT.VERSION.MINOR = 2 whereas a number >= 6 is expected. It comes from another PROJ installation.
2026-09-07 02:34:11,498 WARNING CPLE_AppDefined in PROJ: internal_proj_create_from_name: /opt/anaconda3/share/proj/proj.db contains DATABASE.LAYOUT.VERSION.MINOR = 2 whereas a number >= 6 is expected. It comes from another PROJ installation.
2026-09-07 02:34:11,527 WARNING CPLE_AppDefined in PROJ: internal_proj_create_from_database: /opt/anaconda3/share/proj/proj.db contains DATABASE.LAYOUT.VERSION.MINOR = 2 whereas a number >= 6 is expected. It comes from another PROJ installation.
2026-09-07 02:34:11,527 WARNING CPLE_AppDefined in PROJ: internal_proj_create_from_name: /opt/anaconda3/share/proj/proj.db contains DATABASE.LAYOUT.VERSION.MINOR = 2 whereas a number >= 6 is expected. It comes from another PROJ installation.
2026-09-07 02:34:11,556 WARNING CPLE_AppDefined in PROJ: internal_proj_create_from_database: /opt/anaconda3/share/proj/proj.db contains DATABASE.LAYOUT.VERSION.MINOR = 2 whereas a number >= 6 is expected. It comes from another PROJ installation.
2026-09-07 02:34:11,558 WARNING CPLE_AppDefined in PROJ: internal_proj_create_from_name: /opt/anaconda3/share/proj/proj.db contains DATABASE.LAYOUT.VERSION.MINOR = 2 whereas a number >= 6 is expected. It comes from another PROJ installation.
2026-09-07 02:34:11,588 WARNING CPLE_AppDefined in PROJ: internal_proj_create_from_database: /opt/anaconda3/share/proj/proj.db contains DATABASE.LAYOUT.VERSION.MINOR = 2 whereas a number >= 6 is expected. It comes from another PROJ installation.
2026-09-07 02:34:11,588 WARNING CPLE_AppDefined in PROJ: internal_proj_create_from_name: /opt/anaconda3/share/proj/proj.db contains DATABASE.LAYOUT.VERSION.MINOR = 2 whereas a number >= 6 is expected. It comes from another PROJ installation.
2026-09-07 02:34:11,619 WARNING CPLE_AppDefined in PROJ: internal_proj_create_from_database: /opt/anaconda3/share/proj/proj.db contains DATABASE.LAYOUT.VERSION.MINOR = 2 whereas a number >= 6 is expected. It comes from another PROJ installation.
2026-09-07 02:34:11,619 WARNING CPLE_AppDefined in PROJ: internal_proj_create_from_name: /opt/anaconda3/share/proj/proj.db contains DATABASE.LAYOUT.VERSION.MINOR = 2 whereas a number >= 6 is expected. It comes from another PROJ installation.
2026-09-07 02:34:11,649 WARNING CPLE_AppDefined in PROJ: internal_proj_create_from_database: /opt/anaconda3/share/proj/proj.db contains DATABASE.LAYOUT.VERSION.MINOR = 2 whereas a number >= 6 is expected. It comes from another PROJ installation.
2026-09-07 02:34:11,649 WARNING CPLE_AppDefined in PROJ: internal_proj_create_from_name: /opt/anaconda3/share/proj/proj.db contains DATABASE.LAYOUT.VERSION.MINOR = 2 whereas a number >= 6 is expected. It comes from another PROJ installation.
2026-09-07 02:34:11,679 WARNING CPLE_AppDefined in PROJ: internal_proj_create_from_database: /opt/anaconda3/share/proj/proj.db contains DATABASE.LAYOUT.VERSION.MINOR = 2 whereas a number >= 6 is expected. It comes from another PROJ installation.
2026-09-07 02:34:11,679 WARNING CPLE_AppDefined in PROJ: internal_proj_create_from_name: /opt/anaconda3/share/proj/proj.db contains DATABASE.LAYOUT.VERSION.MINOR = 2 whereas a number >= 6 is expected. It comes from another PROJ installation.
2026-09-07 02:34:11,708 WARNING CPLE_AppDefined in PROJ: internal_proj_create_from_database: /opt/anaconda3/share/proj/proj.db contains DATABASE.LAYOUT.VERSION.MINOR = 2 whereas a number >= 6 is expected. It comes from another PROJ installation.
2026-09-07 02:34:11,708 WARNING CPLE_AppDefined in PROJ: internal_proj_create_from_name: /opt/anaconda3/share/proj/proj.db contains DATABASE.LAYOUT.VERSION.MINOR = 2 whereas a number >= 6 is expected. It comes from another PROJ installation.
2026-09-07 02:34:11,738 WARNING CPLE_AppDefined in PROJ: internal_proj_create_from_database: /opt/anaconda3/share/proj/proj.db contains DATABASE.LAYOUT.VERSION.MINOR = 2 whereas a number >= 6 is expected. It comes from another PROJ installation.
2026-09-07 02:34:11,738 WARNING CPLE_AppDefined in PROJ: internal_proj_create_from_name: /opt/anaconda3/share/proj/proj.db contains DATABASE.LAYOUT.VERSION.MINOR = 2 whereas a number >= 6 is expected. It comes from another PROJ installation.
2026-09-07 02:34:11,767 WARNING CPLE_AppDefined in PROJ: internal_proj_create_from_database: /opt/anaconda3/share/proj/proj.db contains DATABASE.LAYOUT.VERSION.MINOR = 2 whereas a number >= 6 is expected. It comes from another PROJ installation.
2026-09-07 02:34:11,767 WARNING CPLE_AppDefined in PROJ: internal_proj_create_from_name: /opt/anaconda3/share/proj/proj.db contains DATABASE.LAYOUT.VERSION.MINOR = 2 whereas a number >= 6 is expected. It comes from another PROJ installation.
2026-09-07 02:34:11,797 WARNING CPLE_AppDefined in PROJ: internal_proj_create_from_database: /opt/anaconda3/share/proj/proj.db contains DATABASE.LAYOUT.VERSION.MINOR = 2 whereas a number >= 6 is expected. It comes from another PROJ installation.
2026-09-07 02:34:11,797 WARNING CPLE_AppDefined in PROJ: internal_proj_create_from_name: /opt/anaconda3/share/proj/proj.db contains DATABASE.LAYOUT.VERSION.MINOR = 2 whereas a number >= 6 is expected. It comes from another PROJ installation.
2026-09-07 02:34:11,827 WARNING CPLE_AppDefined in PROJ: internal_proj_create_from_database: /opt/anaconda3/share/proj/proj.db contains DATABASE.LAYOUT.VERSION.MINOR = 2 whereas a number >= 6 is expected. It comes from another PROJ installation.
2026-09-07 02:34:11,827 WARNING CPLE_AppDefined in PROJ: internal_proj_create_from_name: /opt/anaconda3/share/proj/proj.db contains DATABASE.LAYOUT.VERSION.MINOR = 2 whereas a number >= 6 is expected. It comes from another PROJ installation.
2026-09-07 02:34:11,858 WARNING CPLE_AppDefined in PROJ: internal_proj_create_from_database: /opt/anaconda3/share/proj/proj.db contains DATABASE.LAYOUT.VERSION.MINOR = 2 whereas a number >= 6 is expected. It comes from another PROJ installation.
2026-09-07 02:34:11,858 WARNING CPLE_AppDefined in PROJ: internal_proj_create_from_name: /opt/anaconda3/share/proj/proj.db contains DATABASE.LAYOUT.VERSION.MINOR = 2 whereas a number >= 6 is expected. It comes from another PROJ installation.
2026-09-07 02:34:11,890 WARNING CPLE_AppDefined in PROJ: internal_proj_create_from_database: /opt/anaconda3/share/proj/proj.db contains DATABASE.LAYOUT.VERSION.MINOR = 2 whereas a number >= 6 is expected. It comes from another PROJ installation.
2026-09-07 02:34:11,890 WARNING CPLE_AppDefined in PROJ: internal_proj_create_from_name: /opt/anaconda3/share/proj/proj.db contains DATABASE.LAYOUT.VERSION.MINOR = 2 whereas a number >= 6 is expected. It comes from another PROJ installation.
2026-09-07 02:34:11,924 WARNING CPLE_AppDefined in PROJ: internal_proj_create_from_database: /opt/anaconda3/share/proj/proj.db contains DATABASE.LAYOUT.VERSION.MINOR = 2 whereas a number >= 6 is expected. It comes from another PROJ installation.
2026-09-07 02:34:11,924 WARNING CPLE_AppDefined in PROJ: internal_proj_create_from_name: /opt/anaconda3/share/proj/proj.db contains DATABASE.LAYOUT.VERSION.MINOR = 2 whereas a number >= 6 is expected. It comes from another PROJ installation.
2026-09-07 02:34:11,954 WARNING CPLE_AppDefined in PROJ: internal_proj_create_from_database: /opt/anaconda3/share/proj/proj.db contains DATABASE.LAYOUT.VERSION.MINOR = 2 whereas a number >= 6 is expected. It comes from another PROJ installation.
2026-09-07 02:34:11,954 WARNING CPLE_AppDefined in PROJ: internal_proj_create_from_name: /opt/anaconda3/share/proj/proj.db contains DATABASE.LAYOUT.VERSION.MINOR = 2 whereas a number >= 6 is expected. It comes from another PROJ installation.
2026-09-07 02:34:11,985 WARNING CPLE_AppDefined in PROJ: internal_proj_create_from_database: /opt/anaconda3/share/proj/proj.db contains DATABASE.LAYOUT.VERSION.MINOR = 2 whereas a number >= 6 is expected. It comes from another PROJ installation.
2026-09-07 02:34:11,985 WARNING CPLE_AppDefined in PROJ: internal_proj_create_from_name: /opt/anaconda3/share/proj/proj.db contains DATABASE.LAYOUT.VERSION.MINOR = 2 whereas a number >= 6 is expected. It comes from another PROJ installation.
2026-09-07 02:34:12,015 WARNING CPLE_AppDefined in PROJ: internal_proj_create_from_database: /opt/anaconda3/share/proj/proj.db contains DATABASE.LAYOUT.VERSION.MINOR = 2 whereas a number >= 6 is expected. It comes from another PROJ installation.
2026-09-07 02:34:12,015 WARNING CPLE_AppDefined in PROJ: internal_proj_create_from_name: /opt/anaconda3/share/proj/proj.db contains DATABASE.LAYOUT.VERSION.MINOR = 2 whereas a number >= 6 is expected. It comes from another PROJ installation.
2026-09-07 02:34:12,045 WARNING CPLE_AppDefined in PROJ: internal_proj_create_from_database: /opt/anaconda3/share/proj/proj.db contains DATABASE.LAYOUT.VERSION.MINOR = 2 whereas a number >= 6 is expected. It comes from another PROJ installation.
2026-09-07 02:34:12,045 WARNING CPLE_AppDefined in PROJ: internal_proj_create_from_name: /opt/anaconda3/share/proj/proj.db contains DATABASE.LAYOUT.VERSION.MINOR = 2 whereas a number >= 6 is expected. It comes from another PROJ installation.
2026-09-07 02:34:12,074 WARNING CPLE_AppDefined in PROJ: internal_proj_create_from_database: /opt/anaconda3/share/proj/proj.db contains DATABASE.LAYOUT.VERSION.MINOR = 2 whereas a number >= 6 is expected. It comes from another PROJ installation.
2026-09-07 02:34:12,074 WARNING CPLE_AppDefined in PROJ: internal_proj_create_from_name: /opt/anaconda3/share/proj/proj.db contains DATABASE.LAYOUT.VERSION.MINOR = 2 whereas a number >= 6 is expected. It comes from another PROJ installation.
2026-09-07 02:34:12,103 WARNING CPLE_AppDefined in PROJ: internal_proj_create_from_database: /opt/anaconda3/share/proj/proj.db contains DATABASE.LAYOUT.VERSION.MINOR = 2 whereas a number >= 6 is expected. It comes from another PROJ installation.
2026-09-07 02:34:12,103 WARNING CPLE_AppDefined in PROJ: internal_proj_create_from_name: /opt/anaconda3/share/proj/proj.db contains DATABASE.LAYOUT.VERSION.MINOR = 2 whereas a number >= 6 is expected. It comes from another PROJ installation.
2026-09-07 02:34:12,133 WARNING CPLE_AppDefined in PROJ: internal_proj_create_from_database: /opt/anaconda3/share/proj/proj.db contains DATABASE.LAYOUT.VERSION.MINOR = 2 whereas a number >= 6 is expected. It comes from another PROJ installation.
2026-09-07 02:34:12,133 WARNING CPLE_AppDefined in PROJ: internal_proj_create_from_name: /opt/anaconda3/share/proj/proj.db contains DATABASE.LAYOUT.VERSION.MINOR = 2 whereas a number >= 6 is expected. It comes from another PROJ installation.
2026-09-07 02:34:12,163 WARNING CPLE_AppDefined in PROJ: internal_proj_create_from_database: /opt/anaconda3/share/proj/proj.db contains DATABASE.LAYOUT.VERSION.MINOR = 2 whereas a number >= 6 is expected. It comes from another PROJ installation.
2026-09-07 02:34:12,163 WARNING CPLE_AppDefined in PROJ: internal_proj_create_from_name: /opt/anaconda3/share/proj/proj.db contains DATABASE.LAYOUT.VERSION.MINOR = 2 whereas a number >= 6 is expected. It comes from another PROJ installation.
2026-09-07 02:34:12,193 WARNING CPLE_AppDefined in PROJ: internal_proj_create_from_database: /opt/anaconda3/share/proj/proj.db contains DATABASE.LAYOUT.VERSION.MINOR = 2 whereas a number >= 6 is expected. It comes from another PROJ installation.
2026-09-07 02:34:12,193 WARNING CPLE_AppDefined in PROJ: internal_proj_create_from_name: /opt/anaconda3/share/proj/proj.db contains DATABASE.LAYOUT.VERSION.MINOR = 2 whereas a number >= 6 is expected. It comes from another PROJ installation.
2026-09-07 02:34:12,223 WARNING CPLE_AppDefined in PROJ: internal_proj_create_from_database: /opt/anaconda3/share/proj/proj.db contains DATABASE.LAYOUT.VERSION.MINOR = 2 whereas a number >= 6 is expected. It comes from another PROJ installation.
2026-09-07 02:34:12,223 WARNING CPLE_AppDefined in PROJ: internal_proj_create_from_name: /opt/anaconda3/share/proj/proj.db contains DATABASE.LAYOUT.VERSION.MINOR = 2 whereas a number >= 6 is expected. It comes from another PROJ installation.
2026-09-07 02:34:12,254 WARNING CPLE_AppDefined in PROJ: internal_proj_create_from_database: /opt/anaconda3/share/proj/proj.db contains DATABASE.LAYOUT.VERSION.MINOR = 2 whereas a number >= 6 is expected. It comes from another PROJ installation.
2026-09-07 02:34:12,254 WARNING CPLE_AppDefined in PROJ: internal_proj_create_from_name: /opt/anaconda3/share/proj/proj.db contains DATABASE.LAYOUT.VERSION.MINOR = 2 whereas a number >= 6 is expected. It comes from another PROJ installation.
2026-09-07 02:34:12,284 WARNING CPLE_AppDefined in PROJ: internal_proj_create_from_database: /opt/anaconda3/share/proj/proj.db contains DATABASE.LAYOUT.VERSION.MINOR = 2 whereas a number >= 6 is expected. It comes from another PROJ installation.
2026-09-07 02:34:12,284 WARNING CPLE_AppDefined in PROJ: internal_proj_create_from_name: /opt/anaconda3/share/proj/proj.db contains DATABASE.LAYOUT.VERSION.MINOR = 2 whereas a number >= 6 is expected. It comes from another PROJ installation.
2026-09-07 02:34:12,313 WARNING CPLE_AppDefined in PROJ: internal_proj_create_from_database: /opt/anaconda3/share/proj/proj.db contains DATABASE.LAYOUT.VERSION.MINOR = 2 whereas a number >= 6 is expected. It comes from another PROJ installation.
2026-09-07 02:34:12,313 WARNING CPLE_AppDefined in PROJ: internal_proj_create_from_name: /opt/anaconda3/share/proj/proj.db contains DATABASE.LAYOUT.VERSION.MINOR = 2 whereas a number >= 6 is expected. It comes from another PROJ installation.
2026-09-07 02:34:12,343 WARNING CPLE_AppDefined in PROJ: internal_proj_create_from_database: /opt/anaconda3/share/proj/proj.db contains DATABASE.LAYOUT.VERSION.MINOR = 2 whereas a number >= 6 is expected. It comes from another PROJ installation.
2026-09-07 02:34:12,343 WARNING CPLE_AppDefined in PROJ: internal_proj_create_from_name: /opt/anaconda3/share/proj/proj.db contains DATABASE.LAYOUT.VERSION.MINOR = 2 whereas a number >= 6 is expected. It comes from another PROJ installation.
2026-09-07 02:34:12,372 WARNING CPLE_AppDefined in PROJ: internal_proj_create_from_database: /opt/anaconda3/share/proj/proj.db contains DATABASE.LAYOUT.VERSION.MINOR = 2 whereas a number >= 6 is expected. It comes from another PROJ installation.
2026-09-07 02:34:12,372 WARNING CPLE_AppDefined in PROJ: internal_proj_create_from_name: /opt/anaconda3/share/proj/proj.db contains DATABASE.LAYOUT.VERSION.MINOR = 2 whereas a number >= 6 is expected. It comes from another PROJ installation.
2026-09-07 02:34:12,400 WARNING CPLE_AppDefined in PROJ: internal_proj_create_from_database: /opt/anaconda3/share/proj/proj.db contains DATABASE.LAYOUT.VERSION.MINOR = 2 whereas a number >= 6 is expected. It comes from another PROJ installation.
2026-09-07 02:34:12,400 WARNING CPLE_AppDefined in PROJ: internal_proj_create_from_name: /opt/anaconda3/share/proj/proj.db contains DATABASE.LAYOUT.VERSION.MINOR = 2 whereas a number >= 6 is expected. It comes from another PROJ installation.
2026-09-07 02:34:12,430 WARNING CPLE_AppDefined in PROJ: internal_proj_create_from_database: /opt/anaconda3/share/proj/proj.db contains DATABASE.LAYOUT.VERSION.MINOR = 2 whereas a number >= 6 is expected. It comes from another PROJ installation.
2026-09-07 02:34:12,430 WARNING CPLE_AppDefined in PROJ: internal_proj_create_from_name: /opt/anaconda3/share/proj/proj.db contains DATABASE.LAYOUT.VERSION.MINOR = 2 whereas a number >= 6 is expected. It comes from another PROJ installation.
2026-09-07 02:34:12,459 WARNING CPLE_AppDefined in PROJ: internal_proj_create_from_database: /opt/anaconda3/share/proj/proj.db contains DATABASE.LAYOUT.VERSION.MINOR = 2 whereas a number >= 6 is expected. It comes from another PROJ installation.
2026-09-07 02:34:12,459 WARNING CPLE_AppDefined in PROJ: internal_proj_create_from_name: /opt/anaconda3/share/proj/proj.db contains DATABASE.LAYOUT.VERSION.MINOR = 2 whereas a number >= 6 is expected. It comes from another PROJ installation.
2026-09-07 02:34:12,489 WARNING CPLE_AppDefined in PROJ: internal_proj_create_from_database: /opt/anaconda3/share/proj/proj.db contains DATABASE.LAYOUT.VERSION.MINOR = 2 whereas a number >= 6 is expected. It comes from another PROJ installation.
2026-09-07 02:34:12,489 WARNING CPLE_AppDefined in PROJ: internal_proj_create_from_name: /opt/anaconda3/share/proj/proj.db contains DATABASE.LAYOUT.VERSION.MINOR = 2 whereas a number >= 6 is expected. It comes from another PROJ installation.
2026-09-07 02:34:12,519 WARNING CPLE_AppDefined in PROJ: internal_proj_create_from_database: /opt/anaconda3/share/proj/proj.db contains DATABASE.LAYOUT.VERSION.MINOR = 2 whereas a number >= 6 is expected. It comes from another PROJ installation.
2026-09-07 02:34:12,519 WARNING CPLE_AppDefined in PROJ: internal_proj_create_from_name: /opt/anaconda3/share/proj/proj.db contains DATABASE.LAYOUT.VERSION.MINOR = 2 whereas a number >= 6 is expected. It comes from another PROJ installation.
2026-09-07 02:34:12,548 WARNING CPLE_AppDefined in PROJ: internal_proj_create_from_database: /opt/anaconda3/share/proj/proj.db contains DATABASE.LAYOUT.VERSION.MINOR = 2 whereas a number >= 6 is expected. It comes from another PROJ installation.
2026-09-07 02:34:12,548 WARNING CPLE_AppDefined in PROJ: internal_proj_create_from_name: /opt/anaconda3/share/proj/proj.db contains DATABASE.LAYOUT.VERSION.MINOR = 2 whereas a number >= 6 is expected. It comes from another PROJ installation.
2026-09-07 02:34:12,577 WARNING CPLE_AppDefined in PROJ: internal_proj_create_from_database: /opt/anaconda3/share/proj/proj.db contains DATABASE.LAYOUT.VERSION.MINOR = 2 whereas a number >= 6 is expected. It comes from another PROJ installation.
2026-09-07 02:34:12,577 WARNING CPLE_AppDefined in PROJ: internal_proj_create_from_name: /opt/anaconda3/share/proj/proj.db contains DATABASE.LAYOUT.VERSION.MINOR = 2 whereas a number >= 6 is expected. It comes from another PROJ installation.
2026-09-07 02:34:12,606 WARNING CPLE_AppDefined in PROJ: internal_proj_create_from_database: /opt/anaconda3/share/proj/proj.db contains DATABASE.LAYOUT.VERSION.MINOR = 2 whereas a number >= 6 is expected. It comes from another PROJ installation.
2026-09-07 02:34:12,606 WARNING CPLE_AppDefined in PROJ: internal_proj_create_from_name: /opt/anaconda3/share/proj/proj.db contains DATABASE.LAYOUT.VERSION.MINOR = 2 whereas a number >= 6 is expected. It comes from another PROJ installation.
2026-09-07 02:34:12,635 WARNING CPLE_AppDefined in PROJ: internal_proj_create_from_database: /opt/anaconda3/share/proj/proj.db contains DATABASE.LAYOUT.VERSION.MINOR = 2 whereas a number >= 6 is expected. It comes from another PROJ installation.
2026-09-07 02:34:12,635 WARNING CPLE_AppDefined in PROJ: internal_proj_create_from_name: /opt/anaconda3/share/proj/proj.db contains DATABASE.LAYOUT.VERSION.MINOR = 2 whereas a number >= 6 is expected. It comes from another PROJ installation.
2026-09-07 02:34:12,664 WARNING CPLE_AppDefined in PROJ: internal_proj_create_from_database: /opt/anaconda3/share/proj/proj.db contains DATABASE.LAYOUT.VERSION.MINOR = 2 whereas a number >= 6 is expected. It comes from another PROJ installation.
2026-09-07 02:34:12,664 WARNING CPLE_AppDefined in PROJ: internal_proj_create_from_name: /opt/anaconda3/share/proj/proj.db contains DATABASE.LAYOUT.VERSION.MINOR = 2 whereas a number >= 6 is expected. It comes from another PROJ installation.
2026-09-07 02:34:12,693 WARNING CPLE_AppDefined in PROJ: internal_proj_create_from_database: /opt/anaconda3/share/proj/proj.db contains DATABASE.LAYOUT.VERSION.MINOR = 2 whereas a number >= 6 is expected. It comes from another PROJ installation.
2026-09-07 02:34:12,693 WARNING CPLE_AppDefined in PROJ: internal_proj_create_from_name: /opt/anaconda3/share/proj/proj.db contains DATABASE.LAYOUT.VERSION.MINOR = 2 whereas a number >= 6 is expected. It comes from another PROJ installation.
2026-09-07 02:34:12,723 WARNING CPLE_AppDefined in PROJ: internal_proj_create_from_database: /opt/anaconda3/share/proj/proj.db contains DATABASE.LAYOUT.VERSION.MINOR = 2 whereas a number >= 6 is expected. It comes from another PROJ installation.
2026-09-07 02:34:12,723 WARNING CPLE_AppDefined in PROJ: internal_proj_create_from_name: /opt/anaconda3/share/proj/proj.db contains DATABASE.LAYOUT.VERSION.MINOR = 2 whereas a number >= 6 is expected. It comes from another PROJ installation.
2026-09-07 02:34:12,752 WARNING CPLE_AppDefined in PROJ: internal_proj_create_from_database: /opt/anaconda3/share/proj/proj.db contains DATABASE.LAYOUT.VERSION.MINOR = 2 whereas a number >= 6 is expected. It comes from another PROJ installation.
2026-09-07 02:34:12,752 WARNING CPLE_AppDefined in PROJ: internal_proj_create_from_name: /opt/anaconda3/share/proj/proj.db contains DATABASE.LAYOUT.VERSION.MINOR = 2 whereas a number >= 6 is expected. It comes from another PROJ installation.
2026-09-07 02:34:12,781 WARNING CPLE_AppDefined in PROJ: internal_proj_create_from_database: /opt/anaconda3/share/proj/proj.db contains DATABASE.LAYOUT.VERSION.MINOR = 2 whereas a number >= 6 is expected. It comes from another PROJ installation.
2026-09-07 02:34:12,781 WARNING CPLE_AppDefined in PROJ: internal_proj_create_from_name: /opt/anaconda3/share/proj/proj.db contains DATABASE.LAYOUT.VERSION.MINOR = 2 whereas a number >= 6 is expected. It comes from another PROJ installation.
2026-09-07 02:34:12,810 WARNING CPLE_AppDefined in PROJ: internal_proj_create_from_database: /opt/anaconda3/share/proj/proj.db contains DATABASE.LAYOUT.VERSION.MINOR = 2 whereas a number >= 6 is expected. It comes from another PROJ installation.
2026-09-07 02:34:12,810 WARNING CPLE_AppDefined in PROJ: internal_proj_create_from_name: /opt/anaconda3/share/proj/proj.db contains DATABASE.LAYOUT.VERSION.MINOR = 2 whereas a number >= 6 is expected. It comes from another PROJ installation.
2026-09-07 02:34:12,841 WARNING CPLE_AppDefined in PROJ: internal_proj_create_from_database: /opt/anaconda3/share/proj/proj.db contains DATABASE.LAYOUT.VERSION.MINOR = 2 whereas a number >= 6 is expected. It comes from another PROJ installation.
2026-09-07 02:34:12,841 WARNING CPLE_AppDefined in PROJ: internal_proj_create_from_name: /opt/anaconda3/share/proj/proj.db contains DATABASE.LAYOUT.VERSION.MINOR = 2 whereas a number >= 6 is expected. It comes from another PROJ installation.
2026-09-07 02:34:12,872 WARNING CPLE_AppDefined in PROJ: internal_proj_create_from_database: /opt/anaconda3/share/proj/proj.db contains DATABASE.LAYOUT.VERSION.MINOR = 2 whereas a number >= 6 is expected. It comes from another PROJ installation.
2026-09-07 02:34:12,872 WARNING CPLE_AppDefined in PROJ: internal_proj_create_from_name: /opt/anaconda3/share/proj/proj.db contains DATABASE.LAYOUT.VERSION.MINOR = 2 whereas a number >= 6 is expected. It comes from another PROJ installation.
2026-09-07 02:34:12,906 WARNING CPLE_AppDefined in PROJ: internal_proj_create_from_database: /opt/anaconda3/share/proj/proj.db contains DATABASE.LAYOUT.VERSION.MINOR = 2 whereas a number >= 6 is expected. It comes from another PROJ installation.
2026-09-07 02:34:12,907 WARNING CPLE_AppDefined in PROJ: internal_proj_create_from_name: /opt/anaconda3/share/proj/proj.db contains DATABASE.LAYOUT.VERSION.MINOR = 2 whereas a number >= 6 is expected. It comes from another PROJ installation.
2026-09-07 02:34:12,940 WARNING CPLE_AppDefined in PROJ: internal_proj_create_from_database: /opt/anaconda3/share/proj/proj.db contains DATABASE.LAYOUT.VERSION.MINOR = 2 whereas a number >= 6 is expected. It comes from another PROJ installation.
2026-09-07 02:34:12,940 WARNING CPLE_AppDefined in PROJ: internal_proj_create_from_name: /opt/anaconda3/share/proj/proj.db contains DATABASE.LAYOUT.VERSION.MINOR = 2 whereas a number >= 6 is expected. It comes from another PROJ installation.
2026-09-07 02:34:12,973 WARNING CPLE_AppDefined in PROJ: internal_proj_create_from_database: /opt/anaconda3/share/proj/proj.db contains DATABASE.LAYOUT.VERSION.MINOR = 2 whereas a number >= 6 is expected. It comes from another PROJ installation.
2026-09-07 02:34:12,973 WARNING CPLE_AppDefined in PROJ: internal_proj_create_from_name: /opt/anaconda3/share/proj/proj.db contains DATABASE.LAYOUT.VERSION.MINOR = 2 whereas a number >= 6 is expected. It comes from another PROJ installation.
2026-09-07 02:34:13,007 WARNING CPLE_AppDefined in PROJ: internal_proj_create_from_database: /opt/anaconda3/share/proj/proj.db contains DATABASE.LAYOUT.VERSION.MINOR = 2 whereas a number >= 6 is expected. It comes from another PROJ installation.
2026-09-07 02:34:13,007 WARNING CPLE_AppDefined in PROJ: internal_proj_create_from_name: /opt/anaconda3/share/proj/proj.db contains DATABASE.LAYOUT.VERSION.MINOR = 2 whereas a number >= 6 is expected. It comes from another PROJ installation.
2026-09-07 02:34:13,053 WARNING CPLE_AppDefined in PROJ: internal_proj_create_from_database: /opt/anaconda3/share/proj/proj.db contains DATABASE.LAYOUT.VERSION.MINOR = 2 whereas a number >= 6 is expected. It comes from another PROJ installation.
2026-09-07 02:34:13,053 WARNING CPLE_AppDefined in PROJ: internal_proj_create_from_name: /opt/anaconda3/share/proj/proj.db contains DATABASE.LAYOUT.VERSION.MINOR = 2 whereas a number >= 6 is expected. It comes from another PROJ installation.
2026-09-07 02:34:13,201 WARNING CPLE_AppDefined in PROJ: internal_proj_create_from_database: /opt/anaconda3/share/proj/proj.db contains DATABASE.LAYOUT.VERSION.MINOR = 2 whereas a number >= 6 is expected. It comes from another PROJ installation.
2026-09-07 02:34:13,201 WARNING CPLE_AppDefined in PROJ: internal_proj_create_from_name: /opt/anaconda3/share/proj/proj.db contains DATABASE.LAYOUT.VERSION.MINOR = 2 whereas a number >= 6 is expected. It comes from another PROJ installation.
2026-09-07 02:34:13,239 WARNING CPLE_AppDefined in PROJ: internal_proj_create_from_database: /opt/anaconda3/share/proj/proj.db contains DATABASE.LAYOUT.VERSION.MINOR = 2 whereas a number >= 6 is expected. It comes from another PROJ installation.
2026-09-07 02:34:13,239 WARNING CPLE_AppDefined in PROJ: internal_proj_create_from_name: /opt/anaconda3/share/proj/proj.db contains DATABASE.LAYOUT.VERSION.MINOR = 2 whereas a number >= 6 is expected. It comes from another PROJ installation.
2026-09-07 02:34:13,272 WARNING CPLE_AppDefined in PROJ: internal_proj_create_from_database: /opt/anaconda3/share/proj/proj.db contains DATABASE.LAYOUT.VERSION.MINOR = 2 whereas a number >= 6 is expected. It comes from another PROJ installation.
2026-09-07 02:34:13,272 WARNING CPLE_AppDefined in PROJ: internal_proj_create_from_name: /opt/anaconda3/share/proj/proj.db contains DATABASE.LAYOUT.VERSION.MINOR = 2 whereas a number >= 6 is expected. It comes from another PROJ installation.
2026-09-07 02:34:13,304 WARNING CPLE_AppDefined in PROJ: internal_proj_create_from_database: /opt/anaconda3/share/proj/proj.db contains DATABASE.LAYOUT.VERSION.MINOR = 2 whereas a number >= 6 is expected. It comes from another PROJ installation.
2026-09-07 02:34:13,304 WARNING CPLE_AppDefined in PROJ: internal_proj_create_from_name: /opt/anaconda3/share/proj/proj.db contains DATABASE.LAYOUT.VERSION.MINOR = 2 whereas a number >= 6 is expected. It comes from another PROJ installation.
2026-09-07 02:34:13,336 WARNING CPLE_AppDefined in PROJ: internal_proj_create_from_database: /opt/anaconda3/share/proj/proj.db contains DATABASE.LAYOUT.VERSION.MINOR = 2 whereas a number >= 6 is expected. It comes from another PROJ installation.
2026-09-07 02:34:13,336 WARNING CPLE_AppDefined in PROJ: internal_proj_create_from_name: /opt/anaconda3/share/proj/proj.db contains DATABASE.LAYOUT.VERSION.MINOR = 2 whereas a number >= 6 is expected. It comes from another PROJ installation.
2026-09-07 02:34:13,368 WARNING CPLE_AppDefined in PROJ: internal_proj_create_from_database: /opt/anaconda3/share/proj/proj.db contains DATABASE.LAYOUT.VERSION.MINOR = 2 whereas a number >= 6 is expected. It comes from another PROJ installation.
2026-09-07 02:34:13,368 WARNING CPLE_AppDefined in PROJ: internal_proj_create_from_name: /opt/anaconda3/share/proj/proj.db contains DATABASE.LAYOUT.VERSION.MINOR = 2 whereas a number >= 6 is expected. It comes from another PROJ installation.
2026-09-07 02:34:13,399 WARNING CPLE_AppDefined in PROJ: internal_proj_create_from_database: /opt/anaconda3/share/proj/proj.db contains DATABASE.LAYOUT.VERSION.MINOR = 2 whereas a number >= 6 is expected. It comes from another PROJ installation.
2026-09-07 02:34:13,399 WARNING CPLE_AppDefined in PROJ: internal_proj_create_from_name: /opt/anaconda3/share/proj/proj.db contains DATABASE.LAYOUT.VERSION.MINOR = 2 whereas a number >= 6 is expected. It comes from another PROJ installation.
2026-09-07 02:34:13,430 WARNING CPLE_AppDefined in PROJ: internal_proj_create_from_database: /opt/anaconda3/share/proj/proj.db contains DATABASE.LAYOUT.VERSION.MINOR = 2 whereas a number >= 6 is expected. It comes from another PROJ installation.
2026-09-07 02:34:13,430 WARNING CPLE_AppDefined in PROJ: internal_proj_create_from_name: /opt/anaconda3/share/proj/proj.db contains DATABASE.LAYOUT.VERSION.MINOR = 2 whereas a number >= 6 is expected. It comes from another PROJ installation.
2026-09-07 02:34:13,463 WARNING CPLE_AppDefined in PROJ: internal_proj_create_from_database: /opt/anaconda3/share/proj/proj.db contains DATABASE.LAYOUT.VERSION.MINOR = 2 whereas a number >= 6 is expected. It comes from another PROJ installation.
2026-09-07 02:34:13,463 WARNING CPLE_AppDefined in PROJ: internal_proj_create_from_name: /opt/anaconda3/share/proj/proj.db contains DATABASE.LAYOUT.VERSION.MINOR = 2 whereas a number >= 6 is expected. It comes from another PROJ installation.
2026-09-07 02:34:13,495 WARNING CPLE_AppDefined in PROJ: internal_proj_create_from_database: /opt/anaconda3/share/proj/proj.db contains DATABASE.LAYOUT.VERSION.MINOR = 2 whereas a number >= 6 is expected. It comes from another PROJ installation.
2026-09-07 02:34:13,495 WARNING CPLE_AppDefined in PROJ: internal_proj_create_from_name: /opt/anaconda3/share/proj/proj.db contains DATABASE.LAYOUT.VERSION.MINOR = 2 whereas a number >= 6 is expected. It comes from another PROJ installation.
2026-09-07 02:34:13,526 WARNING CPLE_AppDefined in PROJ: internal_proj_create_from_database: /opt/anaconda3/share/proj/proj.db contains DATABASE.LAYOUT.VERSION.MINOR = 2 whereas a number >= 6 is expected. It comes from another PROJ installation.
2026-09-07 02:34:13,526 WARNING CPLE_AppDefined in PROJ: internal_proj_create_from_name: /opt/anaconda3/share/proj/proj.db contains DATABASE.LAYOUT.VERSION.MINOR = 2 whereas a number >= 6 is expected. It comes from another PROJ installation.
2026-09-07 02:34:13,558 WARNING CPLE_AppDefined in PROJ: internal_proj_create_from_database: /opt/anaconda3/share/proj/proj.db contains DATABASE.LAYOUT.VERSION.MINOR = 2 whereas a number >= 6 is expected. It comes from another PROJ installation.
2026-09-07 02:34:13,558 WARNING CPLE_AppDefined in PROJ: internal_proj_create_from_name: /opt/anaconda3/share/proj/proj.db contains DATABASE.LAYOUT.VERSION.MINOR = 2 whereas a number >= 6 is expected. It comes from another PROJ installation.
2026-09-07 02:34:13,588 WARNING CPLE_AppDefined in PROJ: internal_proj_create_from_database: /opt/anaconda3/share/proj/proj.db contains DATABASE.LAYOUT.VERSION.MINOR = 2 whereas a number >= 6 is expected. It comes from another PROJ installation.
2026-09-07 02:34:13,588 WARNING CPLE_AppDefined in PROJ: internal_proj_create_from_name: /opt/anaconda3/share/proj/proj.db contains DATABASE.LAYOUT.VERSION.MINOR = 2 whereas a number >= 6 is expected. It comes from another PROJ installation.
2026-09-07 02:34:13,619 WARNING CPLE_AppDefined in PROJ: internal_proj_create_from_database: /opt/anaconda3/share/proj/proj.db contains DATABASE.LAYOUT.VERSION.MINOR = 2 whereas a number >= 6 is expected. It comes from another PROJ installation.
2026-09-07 02:34:13,619 WARNING CPLE_AppDefined in PROJ: internal_proj_create_from_name: /opt/anaconda3/share/proj/proj.db contains DATABASE.LAYOUT.VERSION.MINOR = 2 whereas a number >= 6 is expected. It comes from another PROJ installation.
2026-09-07 02:34:13,649 WARNING CPLE_AppDefined in PROJ: internal_proj_create_from_database: /opt/anaconda3/share/proj/proj.db contains DATABASE.LAYOUT.VERSION.MINOR = 2 whereas a number >= 6 is expected. It comes from another PROJ installation.
2026-09-07 02:34:13,649 WARNING CPLE_AppDefined in PROJ: internal_proj_create_from_name: /opt/anaconda3/share/proj/proj.db contains DATABASE.LAYOUT.VERSION.MINOR = 2 whereas a number >= 6 is expected. It comes from another PROJ installation.
2026-09-07 02:34:13,680 WARNING CPLE_AppDefined in PROJ: internal_proj_create_from_database: /opt/anaconda3/share/proj/proj.db contains DATABASE.LAYOUT.VERSION.MINOR = 2 whereas a number >= 6 is expected. It comes from another PROJ installation.
2026-09-07 02:34:13,680 WARNING CPLE_AppDefined in PROJ: internal_proj_create_from_name: /opt/anaconda3/share/proj/proj.db contains DATABASE.LAYOUT.VERSION.MINOR = 2 whereas a number >= 6 is expected. It comes from another PROJ installation.
2026-09-07 02:34:13,709 WARNING CPLE_AppDefined in PROJ: internal_proj_create_from_database: /opt/anaconda3/share/proj/proj.db contains DATABASE.LAYOUT.VERSION.MINOR = 2 whereas a number >= 6 is expected. It comes from another PROJ installation.
2026-09-07 02:34:13,709 WARNING CPLE_AppDefined in PROJ: internal_proj_create_from_name: /opt/anaconda3/share/proj/proj.db contains DATABASE.LAYOUT.VERSION.MINOR = 2 whereas a number >= 6 is expected. It comes from another PROJ installation.
2026-09-07 02:34:13,739 WARNING CPLE_AppDefined in PROJ: internal_proj_create_from_database: /opt/anaconda3/share/proj/proj.db contains DATABASE.LAYOUT.VERSION.MINOR = 2 whereas a number >= 6 is expected. It comes from another PROJ installation.
2026-09-07 02:34:13,739 WARNING CPLE_AppDefined in PROJ: internal_proj_create_from_name: /opt/anaconda3/share/proj/proj.db contains DATABASE.LAYOUT.VERSION.MINOR = 2 whereas a number >= 6 is expected. It comes from another PROJ installation.
2026-09-07 02:34:13,769 WARNING CPLE_AppDefined in PROJ: internal_proj_create_from_database: /opt/anaconda3/share/proj/proj.db contains DATABASE.LAYOUT.VERSION.MINOR = 2 whereas a number >= 6 is expected. It comes from another PROJ installation.
2026-09-07 02:34:13,769 WARNING CPLE_AppDefined in PROJ: internal_proj_create_from_name: /opt/anaconda3/share/proj/proj.db contains DATABASE.LAYOUT.VERSION.MINOR = 2 whereas a number >= 6 is expected. It comes from another PROJ installation.
2026-09-07 02:34:13,798 WARNING CPLE_AppDefined in PROJ: internal_proj_create_from_database: /opt/anaconda3/share/proj/proj.db contains DATABASE.LAYOUT.VERSION.MINOR = 2 whereas a number >= 6 is expected. It comes from another PROJ installation.
2026-09-07 02:34:13,798 WARNING CPLE_AppDefined in PROJ: internal_proj_create_from_name: /opt/anaconda3/share/proj/proj.db contains DATABASE.LAYOUT.VERSION.MINOR = 2 whereas a number >= 6 is expected. It comes from another PROJ installation.
2026-09-07 02:34:13,827 WARNING CPLE_AppDefined in PROJ: internal_proj_create_from_database: /opt/anaconda3/share/proj/proj.db contains DATABASE.LAYOUT.VERSION.MINOR = 2 whereas a number >= 6 is expected. It comes from another PROJ installation.
2026-09-07 02:34:13,828 WARNING CPLE_AppDefined in PROJ: internal_proj_create_from_name: /opt/anaconda3/share/proj/proj.db contains DATABASE.LAYOUT.VERSION.MINOR = 2 whereas a number >= 6 is expected. It comes from another PROJ installation.
2026-09-07 02:34:13,858 WARNING CPLE_AppDefined in PROJ: internal_proj_create_from_database: /opt/anaconda3/share/proj/proj.db contains DATABASE.LAYOUT.VERSION.MINOR = 2 whereas a number >= 6 is expected. It comes from another PROJ installation.
2026-09-07 02:34:13,858 WARNING CPLE_AppDefined in PROJ: internal_proj_create_from_name: /opt/anaconda3/share/proj/proj.db contains DATABASE.LAYOUT.VERSION.MINOR = 2 whereas a number >= 6 is expected. It comes from another PROJ installation.
2026-09-07 02:34:13,888 WARNING CPLE_AppDefined in PROJ: internal_proj_create_from_database: /opt/anaconda3/share/proj/proj.db contains DATABASE.LAYOUT.VERSION.MINOR = 2 whereas a number >= 6 is expected. It comes from another PROJ installation.
2026-09-07 02:34:13,889 WARNING CPLE_AppDefined in PROJ: internal_proj_create_from_name: /opt/anaconda3/share/proj/proj.db contains DATABASE.LAYOUT.VERSION.MINOR = 2 whereas a number >= 6 is expected. It comes from another PROJ installation.
2026-09-07 02:34:13,918 WARNING CPLE_AppDefined in PROJ: internal_proj_create_from_database: /opt/anaconda3/share/proj/proj.db contains DATABASE.LAYOUT.VERSION.MINOR = 2 whereas a number >= 6 is expected. It comes from another PROJ installation.
2026-09-07 02:34:13,918 WARNING CPLE_AppDefined in PROJ: internal_proj_create_from_name: /opt/anaconda3/share/proj/proj.db contains DATABASE.LAYOUT.VERSION.MINOR = 2 whereas a number >= 6 is expected. It comes from another PROJ installation.
2026-09-07 02:34:13,947 WARNING CPLE_AppDefined in PROJ: internal_proj_create_from_database: /opt/anaconda3/share/proj/proj.db contains DATABASE.LAYOUT.VERSION.MINOR = 2 whereas a number >= 6 is expected. It comes from another PROJ installation.
2026-09-07 02:34:13,947 WARNING CPLE_AppDefined in PROJ: internal_proj_create_from_name: /opt/anaconda3/share/proj/proj.db contains DATABASE.LAYOUT.VERSION.MINOR = 2 whereas a number >= 6 is expected. It comes from another PROJ installation.
2026-09-07 02:34:13,977 WARNING CPLE_AppDefined in PROJ: internal_proj_create_from_database: /opt/anaconda3/share/proj/proj.db contains DATABASE.LAYOUT.VERSION.MINOR = 2 whereas a number >= 6 is expected. It comes from another PROJ installation.
2026-09-07 02:34:13,977 WARNING CPLE_AppDefined in PROJ: internal_proj_create_from_name: /opt/anaconda3/share/proj/proj.db contains DATABASE.LAYOUT.VERSION.MINOR = 2 whereas a number >= 6 is expected. It comes from another PROJ installation.
2026-09-07 02:34:14,006 WARNING CPLE_AppDefined in PROJ: internal_proj_create_from_database: /opt/anaconda3/share/proj/proj.db contains DATABASE.LAYOUT.VERSION.MINOR = 2 whereas a number >= 6 is expected. It comes from another PROJ installation.
2026-09-07 02:34:14,006 WARNING CPLE_AppDefined in PROJ: internal_proj_create_from_name: /opt/anaconda3/share/proj/proj.db contains DATABASE.LAYOUT.VERSION.MINOR = 2 whereas a number >= 6 is expected. It comes from another PROJ installation.
2026-09-07 02:34:14,034 WARNING CPLE_AppDefined in PROJ: internal_proj_create_from_database: /opt/anaconda3/share/proj/proj.db contains DATABASE.LAYOUT.VERSION.MINOR = 2 whereas a number >= 6 is expected. It comes from another PROJ installation.
2026-09-07 02:34:14,034 WARNING CPLE_AppDefined in PROJ: internal_proj_create_from_name: /opt/anaconda3/share/proj/proj.db contains DATABASE.LAYOUT.VERSION.MINOR = 2 whereas a number >= 6 is expected. It comes from another PROJ installation.
2026-09-07 02:34:14,064 WARNING CPLE_AppDefined in PROJ: internal_proj_create_from_database: /opt/anaconda3/share/proj/proj.db contains DATABASE.LAYOUT.VERSION.MINOR = 2 whereas a number >= 6 is expected. It comes from another PROJ installation.
2026-09-07 02:34:14,064 WARNING CPLE_AppDefined in PROJ: internal_proj_create_from_name: /opt/anaconda3/share/proj/proj.db contains DATABASE.LAYOUT.VERSION.MINOR = 2 whereas a number >= 6 is expected. It comes from another PROJ installation.
2026-09-07 02:34:14,093 WARNING CPLE_AppDefined in PROJ: internal_proj_create_from_database: /opt/anaconda3/share/proj/proj.db contains DATABASE.LAYOUT.VERSION.MINOR = 2 whereas a number >= 6 is expected. It comes from another PROJ installation.
2026-09-07 02:34:14,093 WARNING CPLE_AppDefined in PROJ: internal_proj_create_from_name: /opt/anaconda3/share/proj/proj.db contains DATABASE.LAYOUT.VERSION.MINOR = 2 whereas a number >= 6 is expected. It comes from another PROJ installation.
2026-09-07 02:34:14,123 WARNING CPLE_AppDefined in PROJ: internal_proj_create_from_database: /opt/anaconda3/share/proj/proj.db contains DATABASE.LAYOUT.VERSION.MINOR = 2 whereas a number >= 6 is expected. It comes from another PROJ installation.
2026-09-07 02:34:14,123 WARNING CPLE_AppDefined in PROJ: internal_proj_create_from_name: /opt/anaconda3/share/proj/proj.db contains DATABASE.LAYOUT.VERSION.MINOR = 2 whereas a number >= 6 is expected. It comes from another PROJ installation.
2026-09-07 02:34:14,152 WARNING CPLE_AppDefined in PROJ: internal_proj_create_from_database: /opt/anaconda3/share/proj/proj.db contains DATABASE.LAYOUT.VERSION.MINOR = 2 whereas a number >= 6 is expected. It comes from another PROJ installation.
2026-09-07 02:34:14,152 WARNING CPLE_AppDefined in PROJ: internal_proj_create_from_name: /opt/anaconda3/share/proj/proj.db contains DATABASE.LAYOUT.VERSION.MINOR = 2 whereas a number >= 6 is expected. It comes from another PROJ installation.
2026-09-07 02:34:14,181 WARNING CPLE_AppDefined in PROJ: internal_proj_create_from_database: /opt/anaconda3/share/proj/proj.db contains DATABASE.LAYOUT.VERSION.MINOR = 2 whereas a number >= 6 is expected. It comes from another PROJ installation.
2026-09-07 02:34:14,181 WARNING CPLE_AppDefined in PROJ: internal_proj_create_from_name: /opt/anaconda3/share/proj/proj.db contains DATABASE.LAYOUT.VERSION.MINOR = 2 whereas a number >= 6 is expected. It comes from another PROJ installation.
2026-09-07 02:34:14,210 WARNING CPLE_AppDefined in PROJ: internal_proj_create_from_database: /opt/anaconda3/share/proj/proj.db contains DATABASE.LAYOUT.VERSION.MINOR = 2 whereas a number >= 6 is expected. It comes from another PROJ installation.
2026-09-07 02:34:14,210 WARNING CPLE_AppDefined in PROJ: internal_proj_create_from_name: /opt/anaconda3/share/proj/proj.db contains DATABASE.LAYOUT.VERSION.MINOR = 2 whereas a number >= 6 is expected. It comes from another PROJ installation.
2026-09-07 02:34:14,239 WARNING CPLE_AppDefined in PROJ: internal_proj_create_from_database: /opt/anaconda3/share/proj/proj.db contains DATABASE.LAYOUT.VERSION.MINOR = 2 whereas a number >= 6 is expected. It comes from another PROJ installation.
2026-09-07 02:34:14,239 WARNING CPLE_AppDefined in PROJ: internal_proj_create_from_name: /opt/anaconda3/share/proj/proj.db contains DATABASE.LAYOUT.VERSION.MINOR = 2 whereas a number >= 6 is expected. It comes from another PROJ installation.
2026-09-07 02:34:14,268 WARNING CPLE_AppDefined in PROJ: internal_proj_create_from_database: /opt/anaconda3/share/proj/proj.db contains DATABASE.LAYOUT.VERSION.MINOR = 2 whereas a number >= 6 is expected. It comes from another PROJ installation.
2026-09-07 02:34:14,268 WARNING CPLE_AppDefined in PROJ: internal_proj_create_from_name: /opt/anaconda3/share/proj/proj.db contains DATABASE.LAYOUT.VERSION.MINOR = 2 whereas a number >= 6 is expected. It comes from another PROJ installation.
2026-09-07 02:34:14,299 WARNING CPLE_AppDefined in PROJ: internal_proj_create_from_database: /opt/anaconda3/share/proj/proj.db contains DATABASE.LAYOUT.VERSION.MINOR = 2 whereas a number >= 6 is expected. It comes from another PROJ installation.
2026-09-07 02:34:14,299 WARNING CPLE_AppDefined in PROJ: internal_proj_create_from_name: /opt/anaconda3/share/proj/proj.db contains DATABASE.LAYOUT.VERSION.MINOR = 2 whereas a number >= 6 is expected. It comes from another PROJ installation.
2026-09-07 02:34:14,328 WARNING CPLE_AppDefined in PROJ: internal_proj_create_from_database: /opt/anaconda3/share/proj/proj.db contains DATABASE.LAYOUT.VERSION.MINOR = 2 whereas a number >= 6 is expected. It comes from another PROJ installation.
2026-09-07 02:34:14,328 WARNING CPLE_AppDefined in PROJ: internal_proj_create_from_name: /opt/anaconda3/share/proj/proj.db contains DATABASE.LAYOUT.VERSION.MINOR = 2 whereas a number >= 6 is expected. It comes from another PROJ installation.
2026-09-07 02:34:14,357 WARNING CPLE_AppDefined in PROJ: internal_proj_create_from_database: /opt/anaconda3/share/proj/proj.db contains DATABASE.LAYOUT.VERSION.MINOR = 2 whereas a number >= 6 is expected. It comes from another PROJ installation.
2026-09-07 02:34:14,357 WARNING CPLE_AppDefined in PROJ: internal_proj_create_from_name: /opt/anaconda3/share/proj/proj.db contains DATABASE.LAYOUT.VERSION.MINOR = 2 whereas a number >= 6 is expected. It comes from another PROJ installation.
2026-09-07 02:34:14,385 WARNING CPLE_AppDefined in PROJ: internal_proj_create_from_database: /opt/anaconda3/share/proj/proj.db contains DATABASE.LAYOUT.VERSION.MINOR = 2 whereas a number >= 6 is expected. It comes from another PROJ installation.
2026-09-07 02:34:14,385 WARNING CPLE_AppDefined in PROJ: internal_proj_create_from_name: /opt/anaconda3/share/proj/proj.db contains DATABASE.LAYOUT.VERSION.MINOR = 2 whereas a number >= 6 is expected. It comes from another PROJ installation.
2026-09-07 02:34:14,413 WARNING CPLE_AppDefined in PROJ: internal_proj_create_from_database: /opt/anaconda3/share/proj/proj.db contains DATABASE.LAYOUT.VERSION.MINOR = 2 whereas a number >= 6 is expected. It comes from another PROJ installation.
2026-09-07 02:34:14,413 WARNING CPLE_AppDefined in PROJ: internal_proj_create_from_name: /opt/anaconda3/share/proj/proj.db contains DATABASE.LAYOUT.VERSION.MINOR = 2 whereas a number >= 6 is expected. It comes from another PROJ installation.
2026-09-07 02:34:14,440 WARNING CPLE_AppDefined in PROJ: internal_proj_create_from_database: /opt/anaconda3/share/proj/proj.db contains DATABASE.LAYOUT.VERSION.MINOR = 2 whereas a number >= 6 is expected. It comes from another PROJ installation.
2026-09-07 02:34:14,440 WARNING CPLE_AppDefined in PROJ: internal_proj_create_from_name: /opt/anaconda3/share/proj/proj.db contains DATABASE.LAYOUT.VERSION.MINOR = 2 whereas a number >= 6 is expected. It comes from another PROJ installation.
2026-09-07 02:34:14,469 WARNING CPLE_AppDefined in PROJ: internal_proj_create_from_database: /opt/anaconda3/share/proj/proj.db contains DATABASE.LAYOUT.VERSION.MINOR = 2 whereas a number >= 6 is expected. It comes from another PROJ installation.
2026-09-07 02:34:14,469 WARNING CPLE_AppDefined in PROJ: internal_proj_create_from_name: /opt/anaconda3/share/proj/proj.db contains DATABASE.LAYOUT.VERSION.MINOR = 2 whereas a number >= 6 is expected. It comes from another PROJ installation.
2026-09-07 02:34:14,498 WARNING CPLE_AppDefined in PROJ: internal_proj_create_from_database: /opt/anaconda3/share/proj/proj.db contains DATABASE.LAYOUT.VERSION.MINOR = 2 whereas a number >= 6 is expected. It comes from another PROJ installation.
2026-09-07 02:34:14,498 WARNING CPLE_AppDefined in PROJ: internal_proj_create_from_name: /opt/anaconda3/share/proj/proj.db contains DATABASE.LAYOUT.VERSION.MINOR = 2 whereas a number >= 6 is expected. It comes from another PROJ installation.
2026-09-07 02:34:14,529 WARNING CPLE_AppDefined in PROJ: internal_proj_create_from_database: /opt/anaconda3/share/proj/proj.db contains DATABASE.LAYOUT.VERSION.MINOR = 2 whereas a number >= 6 is expected. It comes from another PROJ installation.
2026-09-07 02:34:14,529 WARNING CPLE_AppDefined in PROJ: internal_proj_create_from_name: /opt/anaconda3/share/proj/proj.db contains DATABASE.LAYOUT.VERSION.MINOR = 2 whereas a number >= 6 is expected. It comes from another PROJ installation.
2026-09-07 02:34:14,559 WARNING CPLE_AppDefined in PROJ: internal_proj_create_from_database: /opt/anaconda3/share/proj/proj.db contains DATABASE.LAYOUT.VERSION.MINOR = 2 whereas a number >= 6 is expected. It comes from another PROJ installation.
2026-09-07 02:34:14,559 WARNING CPLE_AppDefined in PROJ: internal_proj_create_from_name: /opt/anaconda3/share/proj/proj.db contains DATABASE.LAYOUT.VERSION.MINOR = 2 whereas a number >= 6 is expected. It comes from another PROJ installation.
2026-09-07 02:34:14,588 WARNING CPLE_AppDefined in PROJ: internal_proj_create_from_database: /opt/anaconda3/share/proj/proj.db contains DATABASE.LAYOUT.VERSION.MINOR = 2 whereas a number >= 6 is expected. It comes from another PROJ installation.
2026-09-07 02:34:14,588 WARNING CPLE_AppDefined in PROJ: internal_proj_create_from_name: /opt/anaconda3/share/proj/proj.db contains DATABASE.LAYOUT.VERSION.MINOR = 2 whereas a number >= 6 is expected. It comes from another PROJ installation.
2026-09-07 02:34:14,616 WARNING CPLE_AppDefined in PROJ: internal_proj_create_from_database: /opt/anaconda3/share/proj/proj.db contains DATABASE.LAYOUT.VERSION.MINOR = 2 whereas a number >= 6 is expected. It comes from another PROJ installation.
2026-09-07 02:34:14,616 WARNING CPLE_AppDefined in PROJ: internal_proj_create_from_name: /opt/anaconda3/share/proj/proj.db contains DATABASE.LAYOUT.VERSION.MINOR = 2 whereas a number >= 6 is expected. It comes from another PROJ installation.
2026-09-07 02:34:14,645 WARNING CPLE_AppDefined in PROJ: internal_proj_create_from_database: /opt/anaconda3/share/proj/proj.db contains DATABASE.LAYOUT.VERSION.MINOR = 2 whereas a number >= 6 is expected. It comes from another PROJ installation.
2026-09-07 02:34:14,645 WARNING CPLE_AppDefined in PROJ: internal_proj_create_from_name: /opt/anaconda3/share/proj/proj.db contains DATABASE.LAYOUT.VERSION.MINOR = 2 whereas a number >= 6 is expected. It comes from another PROJ installation.
2026-09-07 02:34:14,657 INFO Saved /Users/helloworld/Desktop/SIH/SIH2026/data/regions/uttar_pradesh/satellite/chirps_uttar_pradesh_2019.nc (0.4 MB)
2026-09-07 02:37:35,459 INFO Downloading training data for Uttar Pradesh (899 grid cells, bbox {'lat_min': 23.5, 'lat_max': 30.5, 'lon_min': 77.0, 'lon_max': 84.5})
2026-09-07 02:37:35,466 INFO Building CHIRPS NetCDF for 2012 (122 days)...
2026-09-07 02:37:35,639 WARNING CPLE_AppDefined in PROJ: internal_proj_create_from_database: /opt/anaconda3/share/proj/proj.db contains DATABASE.LAYOUT.VERSION.MINOR = 2 whereas a number >= 6 is expected. It comes from another PROJ installation.
2026-09-07 02:37:35,639 WARNING CPLE_AppDefined in PROJ: internal_proj_create_from_name: /opt/anaconda3/share/proj/proj.db contains DATABASE.LAYOUT.VERSION.MINOR = 2 whereas a number >= 6 is expected. It comes from another PROJ installation.
2026-09-07 02:37:35,700 WARNING CPLE_AppDefined in PROJ: internal_proj_create_from_database: /opt/anaconda3/share/proj/proj.db contains DATABASE.LAYOUT.VERSION.MINOR = 2 whereas a number >= 6 is expected. It comes from another PROJ installation.
2026-09-07 02:37:35,700 WARNING CPLE_AppDefined in PROJ: internal_proj_create_from_name: /opt/anaconda3/share/proj/proj.db contains DATABASE.LAYOUT.VERSION.MINOR = 2 whereas a number >= 6 is expected. It comes from another PROJ installation.
2026-09-07 02:37:35,730 WARNING CPLE_AppDefined in PROJ: internal_proj_create_from_database: /opt/anaconda3/share/proj/proj.db contains DATABASE.LAYOUT.VERSION.MINOR = 2 whereas a number >= 6 is expected. It comes from another PROJ installation.
2026-09-07 02:37:35,730 WARNING CPLE_AppDefined in PROJ: internal_proj_create_from_name: /opt/anaconda3/share/proj/proj.db contains DATABASE.LAYOUT.VERSION.MINOR = 2 whereas a number >= 6 is expected. It comes from another PROJ installation.
2026-09-07 02:37:35,761 WARNING CPLE_AppDefined in PROJ: internal_proj_create_from_database: /opt/anaconda3/share/proj/proj.db contains DATABASE.LAYOUT.VERSION.MINOR = 2 whereas a number >= 6 is expected. It comes from another PROJ installation.
2026-09-07 02:37:35,761 WARNING CPLE_AppDefined in PROJ: internal_proj_create_from_name: /opt/anaconda3/share/proj/proj.db contains DATABASE.LAYOUT.VERSION.MINOR = 2 whereas a number >= 6 is expected. It comes from another PROJ installation.
2026-09-07 02:37:35,791 WARNING CPLE_AppDefined in PROJ: internal_proj_create_from_database: /opt/anaconda3/share/proj/proj.db contains DATABASE.LAYOUT.VERSION.MINOR = 2 whereas a number >= 6 is expected. It comes from another PROJ installation.
2026-09-07 02:37:35,792 WARNING CPLE_AppDefined in PROJ: internal_proj_create_from_name: /opt/anaconda3/share/proj/proj.db contains DATABASE.LAYOUT.VERSION.MINOR = 2 whereas a number >= 6 is expected. It comes from another PROJ installation.
2026-09-07 02:37:35,822 WARNING CPLE_AppDefined in PROJ: internal_proj_create_from_database: /opt/anaconda3/share/proj/proj.db contains DATABASE.LAYOUT.VERSION.MINOR = 2 whereas a number >= 6 is expected. It comes from another PROJ installation.
2026-09-07 02:37:35,822 WARNING CPLE_AppDefined in PROJ: internal_proj_create_from_name: /opt/anaconda3/share/proj/proj.db contains DATABASE.LAYOUT.VERSION.MINOR = 2 whereas a number >= 6 is expected. It comes from another PROJ installation.
2026-09-07 02:37:35,854 WARNING CPLE_AppDefined in PROJ: internal_proj_create_from_database: /opt/anaconda3/share/proj/proj.db contains DATABASE.LAYOUT.VERSION.MINOR = 2 whereas a number >= 6 is expected. It comes from another PROJ installation.
2026-09-07 02:37:35,854 WARNING CPLE_AppDefined in PROJ: internal_proj_create_from_name: /opt/anaconda3/share/proj/proj.db contains DATABASE.LAYOUT.VERSION.MINOR = 2 whereas a number >= 6 is expected. It comes from another PROJ installation.
2026-09-07 02:37:35,884 WARNING CPLE_AppDefined in PROJ: internal_proj_create_from_database: /opt/anaconda3/share/proj/proj.db contains DATABASE.LAYOUT.VERSION.MINOR = 2 whereas a number >= 6 is expected. It comes from another PROJ installation.
2026-09-07 02:37:35,884 WARNING CPLE_AppDefined in PROJ: internal_proj_create_from_name: /opt/anaconda3/share/proj/proj.db contains DATABASE.LAYOUT.VERSION.MINOR = 2 whereas a number >= 6 is expected. It comes from another PROJ installation.
2026-09-07 02:37:35,914 WARNING CPLE_AppDefined in PROJ: internal_proj_create_from_database: /opt/anaconda3/share/proj/proj.db contains DATABASE.LAYOUT.VERSION.MINOR = 2 whereas a number >= 6 is expected. It comes from another PROJ installation.
2026-09-07 02:37:35,915 WARNING CPLE_AppDefined in PROJ: internal_proj_create_from_name: /opt/anaconda3/share/proj/proj.db contains DATABASE.LAYOUT.VERSION.MINOR = 2 whereas a number >= 6 is expected. It comes from another PROJ installation.
2026-09-07 02:37:35,944 WARNING CPLE_AppDefined in PROJ: internal_proj_create_from_database: /opt/anaconda3/share/proj/proj.db contains DATABASE.LAYOUT.VERSION.MINOR = 2 whereas a number >= 6 is expected. It comes from another PROJ installation.
2026-09-07 02:37:35,944 WARNING CPLE_AppDefined in PROJ: internal_proj_create_from_name: /opt/anaconda3/share/proj/proj.db contains DATABASE.LAYOUT.VERSION.MINOR = 2 whereas a number >= 6 is expected. It comes from another PROJ installation.
2026-09-07 02:37:35,974 WARNING CPLE_AppDefined in PROJ: internal_proj_create_from_database: /opt/anaconda3/share/proj/proj.db contains DATABASE.LAYOUT.VERSION.MINOR = 2 whereas a number >= 6 is expected. It comes from another PROJ installation.
2026-09-07 02:37:35,974 WARNING CPLE_AppDefined in PROJ: internal_proj_create_from_name: /opt/anaconda3/share/proj/proj.db contains DATABASE.LAYOUT.VERSION.MINOR = 2 whereas a number >= 6 is expected. It comes from another PROJ installation.
2026-09-07 02:37:36,003 WARNING CPLE_AppDefined in PROJ: internal_proj_create_from_database: /opt/anaconda3/share/proj/proj.db contains DATABASE.LAYOUT.VERSION.MINOR = 2 whereas a number >= 6 is expected. It comes from another PROJ installation.
2026-09-07 02:37:36,003 WARNING CPLE_AppDefined in PROJ: internal_proj_create_from_name: /opt/anaconda3/share/proj/proj.db contains DATABASE.LAYOUT.VERSION.MINOR = 2 whereas a number >= 6 is expected. It comes from another PROJ installation.
2026-09-07 02:37:36,033 WARNING CPLE_AppDefined in PROJ: internal_proj_create_from_database: /opt/anaconda3/share/proj/proj.db contains DATABASE.LAYOUT.VERSION.MINOR = 2 whereas a number >= 6 is expected. It comes from another PROJ installation.
2026-09-07 02:37:36,033 WARNING CPLE_AppDefined in PROJ: internal_proj_create_from_name: /opt/anaconda3/share/proj/proj.db contains DATABASE.LAYOUT.VERSION.MINOR = 2 whereas a number >= 6 is expected. It comes from another PROJ installation.
2026-09-07 02:37:36,063 WARNING CPLE_AppDefined in PROJ: internal_proj_create_from_database: /opt/anaconda3/share/proj/proj.db contains DATABASE.LAYOUT.VERSION.MINOR = 2 whereas a number >= 6 is expected. It comes from another PROJ installation.
2026-09-07 02:37:36,063 WARNING CPLE_AppDefined in PROJ: internal_proj_create_from_name: /opt/anaconda3/share/proj/proj.db contains DATABASE.LAYOUT.VERSION.MINOR = 2 whereas a number >= 6 is expected. It comes from another PROJ installation.
2026-09-07 02:37:36,092 WARNING CPLE_AppDefined in PROJ: internal_proj_create_from_database: /opt/anaconda3/share/proj/proj.db contains DATABASE.LAYOUT.VERSION.MINOR = 2 whereas a number >= 6 is expected. It comes from another PROJ installation.
2026-09-07 02:37:36,092 WARNING CPLE_AppDefined in PROJ: internal_proj_create_from_name: /opt/anaconda3/share/proj/proj.db contains DATABASE.LAYOUT.VERSION.MINOR = 2 whereas a number >= 6 is expected. It comes from another PROJ installation.
2026-09-07 02:37:36,122 WARNING CPLE_AppDefined in PROJ: internal_proj_create_from_database: /opt/anaconda3/share/proj/proj.db contains DATABASE.LAYOUT.VERSION.MINOR = 2 whereas a number >= 6 is expected. It comes from another PROJ installation.
2026-09-07 02:37:36,122 WARNING CPLE_AppDefined in PROJ: internal_proj_create_from_name: /opt/anaconda3/share/proj/proj.db contains DATABASE.LAYOUT.VERSION.MINOR = 2 whereas a number >= 6 is expected. It comes from another PROJ installation.
2026-09-07 02:37:36,151 WARNING CPLE_AppDefined in PROJ: internal_proj_create_from_database: /opt/anaconda3/share/proj/proj.db contains DATABASE.LAYOUT.VERSION.MINOR = 2 whereas a number >= 6 is expected. It comes from another PROJ installation.
2026-09-07 02:37:36,151 WARNING CPLE_AppDefined in PROJ: internal_proj_create_from_name: /opt/anaconda3/share/proj/proj.db contains DATABASE.LAYOUT.VERSION.MINOR = 2 whereas a number >= 6 is expected. It comes from another PROJ installation.
2026-09-07 02:37:36,180 WARNING CPLE_AppDefined in PROJ: internal_proj_create_from_database: /opt/anaconda3/share/proj/proj.db contains DATABASE.LAYOUT.VERSION.MINOR = 2 whereas a number >= 6 is expected. It comes from another PROJ installation.
2026-09-07 02:37:36,180 WARNING CPLE_AppDefined in PROJ: internal_proj_create_from_name: /opt/anaconda3/share/proj/proj.db contains DATABASE.LAYOUT.VERSION.MINOR = 2 whereas a number >= 6 is expected. It comes from another PROJ installation.
2026-09-07 02:37:36,210 WARNING CPLE_AppDefined in PROJ: internal_proj_create_from_database: /opt/anaconda3/share/proj/proj.db contains DATABASE.LAYOUT.VERSION.MINOR = 2 whereas a number >= 6 is expected. It comes from another PROJ installation.
2026-09-07 02:37:36,210 WARNING CPLE_AppDefined in PROJ: internal_proj_create_from_name: /opt/anaconda3/share/proj/proj.db contains DATABASE.LAYOUT.VERSION.MINOR = 2 whereas a number >= 6 is expected. It comes from another PROJ installation.
2026-09-07 02:37:36,240 WARNING CPLE_AppDefined in PROJ: internal_proj_create_from_database: /opt/anaconda3/share/proj/proj.db contains DATABASE.LAYOUT.VERSION.MINOR = 2 whereas a number >= 6 is expected. It comes from another PROJ installation.
2026-09-07 02:37:36,240 WARNING CPLE_AppDefined in PROJ: internal_proj_create_from_name: /opt/anaconda3/share/proj/proj.db contains DATABASE.LAYOUT.VERSION.MINOR = 2 whereas a number >= 6 is expected. It comes from another PROJ installation.
2026-09-07 02:37:36,269 WARNING CPLE_AppDefined in PROJ: internal_proj_create_from_database: /opt/anaconda3/share/proj/proj.db contains DATABASE.LAYOUT.VERSION.MINOR = 2 whereas a number >= 6 is expected. It comes from another PROJ installation.
2026-09-07 02:37:36,270 WARNING CPLE_AppDefined in PROJ: internal_proj_create_from_name: /opt/anaconda3/share/proj/proj.db contains DATABASE.LAYOUT.VERSION.MINOR = 2 whereas a number >= 6 is expected. It comes from another PROJ installation.
2026-09-07 02:37:36,299 WARNING CPLE_AppDefined in PROJ: internal_proj_create_from_database: /opt/anaconda3/share/proj/proj.db contains DATABASE.LAYOUT.VERSION.MINOR = 2 whereas a number >= 6 is expected. It comes from another PROJ installation.
2026-09-07 02:37:36,299 WARNING CPLE_AppDefined in PROJ: internal_proj_create_from_name: /opt/anaconda3/share/proj/proj.db contains DATABASE.LAYOUT.VERSION.MINOR = 2 whereas a number >= 6 is expected. It comes from another PROJ installation.
2026-09-07 02:37:36,329 WARNING CPLE_AppDefined in PROJ: internal_proj_create_from_database: /opt/anaconda3/share/proj/proj.db contains DATABASE.LAYOUT.VERSION.MINOR = 2 whereas a number >= 6 is expected. It comes from another PROJ installation.
2026-09-07 02:37:36,329 WARNING CPLE_AppDefined in PROJ: internal_proj_create_from_name: /opt/anaconda3/share/proj/proj.db contains DATABASE.LAYOUT.VERSION.MINOR = 2 whereas a number >= 6 is expected. It comes from another PROJ installation.
2026-09-07 02:37:36,358 WARNING CPLE_AppDefined in PROJ: internal_proj_create_from_database: /opt/anaconda3/share/proj/proj.db contains DATABASE.LAYOUT.VERSION.MINOR = 2 whereas a number >= 6 is expected. It comes from another PROJ installation.
2026-09-07 02:37:36,359 WARNING CPLE_AppDefined in PROJ: internal_proj_create_from_name: /opt/anaconda3/share/proj/proj.db contains DATABASE.LAYOUT.VERSION.MINOR = 2 whereas a number >= 6 is expected. It comes from another PROJ installation.
2026-09-07 02:37:36,388 WARNING CPLE_AppDefined in PROJ: internal_proj_create_from_database: /opt/anaconda3/share/proj/proj.db contains DATABASE.LAYOUT.VERSION.MINOR = 2 whereas a number >= 6 is expected. It comes from another PROJ installation.
2026-09-07 02:37:36,388 WARNING CPLE_AppDefined in PROJ: internal_proj_create_from_name: /opt/anaconda3/share/proj/proj.db contains DATABASE.LAYOUT.VERSION.MINOR = 2 whereas a number >= 6 is expected. It comes from another PROJ installation.
2026-09-07 02:37:36,418 WARNING CPLE_AppDefined in PROJ: internal_proj_create_from_database: /opt/anaconda3/share/proj/proj.db contains DATABASE.LAYOUT.VERSION.MINOR = 2 whereas a number >= 6 is expected. It comes from another PROJ installation.
2026-09-07 02:37:36,418 WARNING CPLE_AppDefined in PROJ: internal_proj_create_from_name: /opt/anaconda3/share/proj/proj.db contains DATABASE.LAYOUT.VERSION.MINOR = 2 whereas a number >= 6 is expected. It comes from another PROJ installation.
2026-09-07 02:37:36,447 WARNING CPLE_AppDefined in PROJ: internal_proj_create_from_database: /opt/anaconda3/share/proj/proj.db contains DATABASE.LAYOUT.VERSION.MINOR = 2 whereas a number >= 6 is expected. It comes from another PROJ installation.
2026-09-07 02:37:36,447 WARNING CPLE_AppDefined in PROJ: internal_proj_create_from_name: /opt/anaconda3/share/proj/proj.db contains DATABASE.LAYOUT.VERSION.MINOR = 2 whereas a number >= 6 is expected. It comes from another PROJ installation.
2026-09-07 02:37:36,477 WARNING CPLE_AppDefined in PROJ: internal_proj_create_from_database: /opt/anaconda3/share/proj/proj.db contains DATABASE.LAYOUT.VERSION.MINOR = 2 whereas a number >= 6 is expected. It comes from another PROJ installation.
2026-09-07 02:37:36,477 WARNING CPLE_AppDefined in PROJ: internal_proj_create_from_name: /opt/anaconda3/share/proj/proj.db contains DATABASE.LAYOUT.VERSION.MINOR = 2 whereas a number >= 6 is expected. It comes from another PROJ installation.
2026-09-07 02:37:36,506 WARNING CPLE_AppDefined in PROJ: internal_proj_create_from_database: /opt/anaconda3/share/proj/proj.db contains DATABASE.LAYOUT.VERSION.MINOR = 2 whereas a number >= 6 is expected. It comes from another PROJ installation.
2026-09-07 02:37:36,506 WARNING CPLE_AppDefined in PROJ: internal_proj_create_from_name: /opt/anaconda3/share/proj/proj.db contains DATABASE.LAYOUT.VERSION.MINOR = 2 whereas a number >= 6 is expected. It comes from another PROJ installation.
2026-09-07 02:37:36,538 WARNING CPLE_AppDefined in PROJ: internal_proj_create_from_database: /opt/anaconda3/share/proj/proj.db contains DATABASE.LAYOUT.VERSION.MINOR = 2 whereas a number >= 6 is expected. It comes from another PROJ installation.
2026-09-07 02:37:36,538 WARNING CPLE_AppDefined in PROJ: internal_proj_create_from_name: /opt/anaconda3/share/proj/proj.db contains DATABASE.LAYOUT.VERSION.MINOR = 2 whereas a number >= 6 is expected. It comes from another PROJ installation.
2026-09-07 02:37:36,571 WARNING CPLE_AppDefined in PROJ: internal_proj_create_from_database: /opt/anaconda3/share/proj/proj.db contains DATABASE.LAYOUT.VERSION.MINOR = 2 whereas a number >= 6 is expected. It comes from another PROJ installation.
2026-09-07 02:37:36,571 WARNING CPLE_AppDefined in PROJ: internal_proj_create_from_name: /opt/anaconda3/share/proj/proj.db contains DATABASE.LAYOUT.VERSION.MINOR = 2 whereas a number >= 6 is expected. It comes from another PROJ installation.
2026-09-07 02:37:36,603 WARNING CPLE_AppDefined in PROJ: internal_proj_create_from_database: /opt/anaconda3/share/proj/proj.db contains DATABASE.LAYOUT.VERSION.MINOR = 2 whereas a number >= 6 is expected. It comes from another PROJ installation.
2026-09-07 02:37:36,603 WARNING CPLE_AppDefined in PROJ: internal_proj_create_from_name: /opt/anaconda3/share/proj/proj.db contains DATABASE.LAYOUT.VERSION.MINOR = 2 whereas a number >= 6 is expected. It comes from another PROJ installation.
2026-09-07 02:37:36,633 WARNING CPLE_AppDefined in PROJ: internal_proj_create_from_database: /opt/anaconda3/share/proj/proj.db contains DATABASE.LAYOUT.VERSION.MINOR = 2 whereas a number >= 6 is expected. It comes from another PROJ installation.
2026-09-07 02:37:36,633 WARNING CPLE_AppDefined in PROJ: internal_proj_create_from_name: /opt/anaconda3/share/proj/proj.db contains DATABASE.LAYOUT.VERSION.MINOR = 2 whereas a number >= 6 is expected. It comes from another PROJ installation.
2026-09-07 02:37:36,663 WARNING CPLE_AppDefined in PROJ: internal_proj_create_from_database: /opt/anaconda3/share/proj/proj.db contains DATABASE.LAYOUT.VERSION.MINOR = 2 whereas a number >= 6 is expected. It comes from another PROJ installation.
2026-09-07 02:37:36,663 WARNING CPLE_AppDefined in PROJ: internal_proj_create_from_name: /opt/anaconda3/share/proj/proj.db contains DATABASE.LAYOUT.VERSION.MINOR = 2 whereas a number >= 6 is expected. It comes from another PROJ installation.
2026-09-07 02:37:36,692 WARNING CPLE_AppDefined in PROJ: internal_proj_create_from_database: /opt/anaconda3/share/proj/proj.db contains DATABASE.LAYOUT.VERSION.MINOR = 2 whereas a number >= 6 is expected. It comes from another PROJ installation.
2026-09-07 02:37:36,692 WARNING CPLE_AppDefined in PROJ: internal_proj_create_from_name: /opt/anaconda3/share/proj/proj.db contains DATABASE.LAYOUT.VERSION.MINOR = 2 whereas a number >= 6 is expected. It comes from another PROJ installation.
2026-09-07 02:37:36,722 WARNING CPLE_AppDefined in PROJ: internal_proj_create_from_database: /opt/anaconda3/share/proj/proj.db contains DATABASE.LAYOUT.VERSION.MINOR = 2 whereas a number >= 6 is expected. It comes from another PROJ installation.
2026-09-07 02:37:36,722 WARNING CPLE_AppDefined in PROJ: internal_proj_create_from_name: /opt/anaconda3/share/proj/proj.db contains DATABASE.LAYOUT.VERSION.MINOR = 2 whereas a number >= 6 is expected. It comes from another PROJ installation.
2026-09-07 02:37:36,752 WARNING CPLE_AppDefined in PROJ: internal_proj_create_from_database: /opt/anaconda3/share/proj/proj.db contains DATABASE.LAYOUT.VERSION.MINOR = 2 whereas a number >= 6 is expected. It comes from another PROJ installation.
2026-09-07 02:37:36,752 WARNING CPLE_AppDefined in PROJ: internal_proj_create_from_name: /opt/anaconda3/share/proj/proj.db contains DATABASE.LAYOUT.VERSION.MINOR = 2 whereas a number >= 6 is expected. It comes from another PROJ installation.
2026-09-07 02:37:36,781 WARNING CPLE_AppDefined in PROJ: internal_proj_create_from_database: /opt/anaconda3/share/proj/proj.db contains DATABASE.LAYOUT.VERSION.MINOR = 2 whereas a number >= 6 is expected. It comes from another PROJ installation.
2026-09-07 02:37:36,782 WARNING CPLE_AppDefined in PROJ: internal_proj_create_from_name: /opt/anaconda3/share/proj/proj.db contains DATABASE.LAYOUT.VERSION.MINOR = 2 whereas a number >= 6 is expected. It comes from another PROJ installation.
2026-09-07 02:37:36,811 WARNING CPLE_AppDefined in PROJ: internal_proj_create_from_database: /opt/anaconda3/share/proj/proj.db contains DATABASE.LAYOUT.VERSION.MINOR = 2 whereas a number >= 6 is expected. It comes from another PROJ installation.
2026-09-07 02:37:36,811 WARNING CPLE_AppDefined in PROJ: internal_proj_create_from_name: /opt/anaconda3/share/proj/proj.db contains DATABASE.LAYOUT.VERSION.MINOR = 2 whereas a number >= 6 is expected. It comes from another PROJ installation.
2026-09-07 02:37:36,841 WARNING CPLE_AppDefined in PROJ: internal_proj_create_from_database: /opt/anaconda3/share/proj/proj.db contains DATABASE.LAYOUT.VERSION.MINOR = 2 whereas a number >= 6 is expected. It comes from another PROJ installation.
2026-09-07 02:37:36,841 WARNING CPLE_AppDefined in PROJ: internal_proj_create_from_name: /opt/anaconda3/share/proj/proj.db contains DATABASE.LAYOUT.VERSION.MINOR = 2 whereas a number >= 6 is expected. It comes from another PROJ installation.
2026-09-07 02:37:36,871 WARNING CPLE_AppDefined in PROJ: internal_proj_create_from_database: /opt/anaconda3/share/proj/proj.db contains DATABASE.LAYOUT.VERSION.MINOR = 2 whereas a number >= 6 is expected. It comes from another PROJ installation.
2026-09-07 02:37:36,871 WARNING CPLE_AppDefined in PROJ: internal_proj_create_from_name: /opt/anaconda3/share/proj/proj.db contains DATABASE.LAYOUT.VERSION.MINOR = 2 whereas a number >= 6 is expected. It comes from another PROJ installation.
2026-09-07 02:37:36,900 WARNING CPLE_AppDefined in PROJ: internal_proj_create_from_database: /opt/anaconda3/share/proj/proj.db contains DATABASE.LAYOUT.VERSION.MINOR = 2 whereas a number >= 6 is expected. It comes from another PROJ installation.
2026-09-07 02:37:36,900 WARNING CPLE_AppDefined in PROJ: internal_proj_create_from_name: /opt/anaconda3/share/proj/proj.db contains DATABASE.LAYOUT.VERSION.MINOR = 2 whereas a number >= 6 is expected. It comes from another PROJ installation.
2026-09-07 02:37:36,930 WARNING CPLE_AppDefined in PROJ: internal_proj_create_from_database: /opt/anaconda3/share/proj/proj.db contains DATABASE.LAYOUT.VERSION.MINOR = 2 whereas a number >= 6 is expected. It comes from another PROJ installation.
2026-09-07 02:37:36,930 WARNING CPLE_AppDefined in PROJ: internal_proj_create_from_name: /opt/anaconda3/share/proj/proj.db contains DATABASE.LAYOUT.VERSION.MINOR = 2 whereas a number >= 6 is expected. It comes from another PROJ installation.
2026-09-07 02:37:36,959 WARNING CPLE_AppDefined in PROJ: internal_proj_create_from_database: /opt/anaconda3/share/proj/proj.db contains DATABASE.LAYOUT.VERSION.MINOR = 2 whereas a number >= 6 is expected. It comes from another PROJ installation.
2026-09-07 02:37:36,959 WARNING CPLE_AppDefined in PROJ: internal_proj_create_from_name: /opt/anaconda3/share/proj/proj.db contains DATABASE.LAYOUT.VERSION.MINOR = 2 whereas a number >= 6 is expected. It comes from another PROJ installation.
2026-09-07 02:37:36,988 WARNING CPLE_AppDefined in PROJ: internal_proj_create_from_database: /opt/anaconda3/share/proj/proj.db contains DATABASE.LAYOUT.VERSION.MINOR = 2 whereas a number >= 6 is expected. It comes from another PROJ installation.
2026-09-07 02:37:36,988 WARNING CPLE_AppDefined in PROJ: internal_proj_create_from_name: /opt/anaconda3/share/proj/proj.db contains DATABASE.LAYOUT.VERSION.MINOR = 2 whereas a number >= 6 is expected. It comes from another PROJ installation.
2026-09-07 02:37:37,017 WARNING CPLE_AppDefined in PROJ: internal_proj_create_from_database: /opt/anaconda3/share/proj/proj.db contains DATABASE.LAYOUT.VERSION.MINOR = 2 whereas a number >= 6 is expected. It comes from another PROJ installation.
2026-09-07 02:37:37,017 WARNING CPLE_AppDefined in PROJ: internal_proj_create_from_name: /opt/anaconda3/share/proj/proj.db contains DATABASE.LAYOUT.VERSION.MINOR = 2 whereas a number >= 6 is expected. It comes from another PROJ installation.
2026-09-07 02:37:37,046 WARNING CPLE_AppDefined in PROJ: internal_proj_create_from_database: /opt/anaconda3/share/proj/proj.db contains DATABASE.LAYOUT.VERSION.MINOR = 2 whereas a number >= 6 is expected. It comes from another PROJ installation.
2026-09-07 02:37:37,046 WARNING CPLE_AppDefined in PROJ: internal_proj_create_from_name: /opt/anaconda3/share/proj/proj.db contains DATABASE.LAYOUT.VERSION.MINOR = 2 whereas a number >= 6 is expected. It comes from another PROJ installation.
2026-09-07 02:37:37,076 WARNING CPLE_AppDefined in PROJ: internal_proj_create_from_database: /opt/anaconda3/share/proj/proj.db contains DATABASE.LAYOUT.VERSION.MINOR = 2 whereas a number >= 6 is expected. It comes from another PROJ installation.
2026-09-07 02:37:37,076 WARNING CPLE_AppDefined in PROJ: internal_proj_create_from_name: /opt/anaconda3/share/proj/proj.db contains DATABASE.LAYOUT.VERSION.MINOR = 2 whereas a number >= 6 is expected. It comes from another PROJ installation.
2026-09-07 02:37:37,105 WARNING CPLE_AppDefined in PROJ: internal_proj_create_from_database: /opt/anaconda3/share/proj/proj.db contains DATABASE.LAYOUT.VERSION.MINOR = 2 whereas a number >= 6 is expected. It comes from another PROJ installation.
2026-09-07 02:37:37,105 WARNING CPLE_AppDefined in PROJ: internal_proj_create_from_name: /opt/anaconda3/share/proj/proj.db contains DATABASE.LAYOUT.VERSION.MINOR = 2 whereas a number >= 6 is expected. It comes from another PROJ installation.
2026-09-07 02:37:37,134 WARNING CPLE_AppDefined in PROJ: internal_proj_create_from_database: /opt/anaconda3/share/proj/proj.db contains DATABASE.LAYOUT.VERSION.MINOR = 2 whereas a number >= 6 is expected. It comes from another PROJ installation.
2026-09-07 02:37:37,134 WARNING CPLE_AppDefined in PROJ: internal_proj_create_from_name: /opt/anaconda3/share/proj/proj.db contains DATABASE.LAYOUT.VERSION.MINOR = 2 whereas a number >= 6 is expected. It comes from another PROJ installation.
2026-09-07 02:37:37,163 WARNING CPLE_AppDefined in PROJ: internal_proj_create_from_database: /opt/anaconda3/share/proj/proj.db contains DATABASE.LAYOUT.VERSION.MINOR = 2 whereas a number >= 6 is expected. It comes from another PROJ installation.
2026-09-07 02:37:37,163 WARNING CPLE_AppDefined in PROJ: internal_proj_create_from_name: /opt/anaconda3/share/proj/proj.db contains DATABASE.LAYOUT.VERSION.MINOR = 2 whereas a number >= 6 is expected. It comes from another PROJ installation.
2026-09-07 02:37:37,192 WARNING CPLE_AppDefined in PROJ: internal_proj_create_from_database: /opt/anaconda3/share/proj/proj.db contains DATABASE.LAYOUT.VERSION.MINOR = 2 whereas a number >= 6 is expected. It comes from another PROJ installation.
2026-09-07 02:37:37,193 WARNING CPLE_AppDefined in PROJ: internal_proj_create_from_name: /opt/anaconda3/share/proj/proj.db contains DATABASE.LAYOUT.VERSION.MINOR = 2 whereas a number >= 6 is expected. It comes from another PROJ installation.
2026-09-07 02:37:37,221 WARNING CPLE_AppDefined in PROJ: internal_proj_create_from_database: /opt/anaconda3/share/proj/proj.db contains DATABASE.LAYOUT.VERSION.MINOR = 2 whereas a number >= 6 is expected. It comes from another PROJ installation.
2026-09-07 02:37:37,221 WARNING CPLE_AppDefined in PROJ: internal_proj_create_from_name: /opt/anaconda3/share/proj/proj.db contains DATABASE.LAYOUT.VERSION.MINOR = 2 whereas a number >= 6 is expected. It comes from another PROJ installation.
2026-09-07 02:37:37,250 WARNING CPLE_AppDefined in PROJ: internal_proj_create_from_database: /opt/anaconda3/share/proj/proj.db contains DATABASE.LAYOUT.VERSION.MINOR = 2 whereas a number >= 6 is expected. It comes from another PROJ installation.
2026-09-07 02:37:37,251 WARNING CPLE_AppDefined in PROJ: internal_proj_create_from_name: /opt/anaconda3/share/proj/proj.db contains DATABASE.LAYOUT.VERSION.MINOR = 2 whereas a number >= 6 is expected. It comes from another PROJ installation.
2026-09-07 02:37:37,280 WARNING CPLE_AppDefined in PROJ: internal_proj_create_from_database: /opt/anaconda3/share/proj/proj.db contains DATABASE.LAYOUT.VERSION.MINOR = 2 whereas a number >= 6 is expected. It comes from another PROJ installation.
2026-09-07 02:37:37,280 WARNING CPLE_AppDefined in PROJ: internal_proj_create_from_name: /opt/anaconda3/share/proj/proj.db contains DATABASE.LAYOUT.VERSION.MINOR = 2 whereas a number >= 6 is expected. It comes from another PROJ installation.
2026-09-07 02:37:37,310 WARNING CPLE_AppDefined in PROJ: internal_proj_create_from_database: /opt/anaconda3/share/proj/proj.db contains DATABASE.LAYOUT.VERSION.MINOR = 2 whereas a number >= 6 is expected. It comes from another PROJ installation.
2026-09-07 02:37:37,310 WARNING CPLE_AppDefined in PROJ: internal_proj_create_from_name: /opt/anaconda3/share/proj/proj.db contains DATABASE.LAYOUT.VERSION.MINOR = 2 whereas a number >= 6 is expected. It comes from another PROJ installation.
2026-09-07 02:37:37,339 WARNING CPLE_AppDefined in PROJ: internal_proj_create_from_database: /opt/anaconda3/share/proj/proj.db contains DATABASE.LAYOUT.VERSION.MINOR = 2 whereas a number >= 6 is expected. It comes from another PROJ installation.
2026-09-07 02:37:37,340 WARNING CPLE_AppDefined in PROJ: internal_proj_create_from_name: /opt/anaconda3/share/proj/proj.db contains DATABASE.LAYOUT.VERSION.MINOR = 2 whereas a number >= 6 is expected. It comes from another PROJ installation.
2026-09-07 02:37:37,369 WARNING CPLE_AppDefined in PROJ: internal_proj_create_from_database: /opt/anaconda3/share/proj/proj.db contains DATABASE.LAYOUT.VERSION.MINOR = 2 whereas a number >= 6 is expected. It comes from another PROJ installation.
2026-09-07 02:37:37,369 WARNING CPLE_AppDefined in PROJ: internal_proj_create_from_name: /opt/anaconda3/share/proj/proj.db contains DATABASE.LAYOUT.VERSION.MINOR = 2 whereas a number >= 6 is expected. It comes from another PROJ installation.
2026-09-07 02:37:37,399 WARNING CPLE_AppDefined in PROJ: internal_proj_create_from_database: /opt/anaconda3/share/proj/proj.db contains DATABASE.LAYOUT.VERSION.MINOR = 2 whereas a number >= 6 is expected. It comes from another PROJ installation.
2026-09-07 02:37:37,399 WARNING CPLE_AppDefined in PROJ: internal_proj_create_from_name: /opt/anaconda3/share/proj/proj.db contains DATABASE.LAYOUT.VERSION.MINOR = 2 whereas a number >= 6 is expected. It comes from another PROJ installation.
2026-09-07 02:37:37,429 WARNING CPLE_AppDefined in PROJ: internal_proj_create_from_database: /opt/anaconda3/share/proj/proj.db contains DATABASE.LAYOUT.VERSION.MINOR = 2 whereas a number >= 6 is expected. It comes from another PROJ installation.
2026-09-07 02:37:37,429 WARNING CPLE_AppDefined in PROJ: internal_proj_create_from_name: /opt/anaconda3/share/proj/proj.db contains DATABASE.LAYOUT.VERSION.MINOR = 2 whereas a number >= 6 is expected. It comes from another PROJ installation.
2026-09-07 02:37:37,459 WARNING CPLE_AppDefined in PROJ: internal_proj_create_from_database: /opt/anaconda3/share/proj/proj.db contains DATABASE.LAYOUT.VERSION.MINOR = 2 whereas a number >= 6 is expected. It comes from another PROJ installation.
2026-09-07 02:37:37,459 WARNING CPLE_AppDefined in PROJ: internal_proj_create_from_name: /opt/anaconda3/share/proj/proj.db contains DATABASE.LAYOUT.VERSION.MINOR = 2 whereas a number >= 6 is expected. It comes from another PROJ installation.
2026-09-07 02:37:37,488 WARNING CPLE_AppDefined in PROJ: internal_proj_create_from_database: /opt/anaconda3/share/proj/proj.db contains DATABASE.LAYOUT.VERSION.MINOR = 2 whereas a number >= 6 is expected. It comes from another PROJ installation.
2026-09-07 02:37:37,488 WARNING CPLE_AppDefined in PROJ: internal_proj_create_from_name: /opt/anaconda3/share/proj/proj.db contains DATABASE.LAYOUT.VERSION.MINOR = 2 whereas a number >= 6 is expected. It comes from another PROJ installation.
2026-09-07 02:37:37,518 WARNING CPLE_AppDefined in PROJ: internal_proj_create_from_database: /opt/anaconda3/share/proj/proj.db contains DATABASE.LAYOUT.VERSION.MINOR = 2 whereas a number >= 6 is expected. It comes from another PROJ installation.
2026-09-07 02:37:37,518 WARNING CPLE_AppDefined in PROJ: internal_proj_create_from_name: /opt/anaconda3/share/proj/proj.db contains DATABASE.LAYOUT.VERSION.MINOR = 2 whereas a number >= 6 is expected. It comes from another PROJ installation.
2026-09-07 02:37:37,548 WARNING CPLE_AppDefined in PROJ: internal_proj_create_from_database: /opt/anaconda3/share/proj/proj.db contains DATABASE.LAYOUT.VERSION.MINOR = 2 whereas a number >= 6 is expected. It comes from another PROJ installation.
2026-09-07 02:37:37,548 WARNING CPLE_AppDefined in PROJ: internal_proj_create_from_name: /opt/anaconda3/share/proj/proj.db contains DATABASE.LAYOUT.VERSION.MINOR = 2 whereas a number >= 6 is expected. It comes from another PROJ installation.
2026-09-07 02:37:37,578 WARNING CPLE_AppDefined in PROJ: internal_proj_create_from_database: /opt/anaconda3/share/proj/proj.db contains DATABASE.LAYOUT.VERSION.MINOR = 2 whereas a number >= 6 is expected. It comes from another PROJ installation.
2026-09-07 02:37:37,578 WARNING CPLE_AppDefined in PROJ: internal_proj_create_from_name: /opt/anaconda3/share/proj/proj.db contains DATABASE.LAYOUT.VERSION.MINOR = 2 whereas a number >= 6 is expected. It comes from another PROJ installation.
2026-09-07 02:37:37,608 WARNING CPLE_AppDefined in PROJ: internal_proj_create_from_database: /opt/anaconda3/share/proj/proj.db contains DATABASE.LAYOUT.VERSION.MINOR = 2 whereas a number >= 6 is expected. It comes from another PROJ installation.
2026-09-07 02:37:37,608 WARNING CPLE_AppDefined in PROJ: internal_proj_create_from_name: /opt/anaconda3/share/proj/proj.db contains DATABASE.LAYOUT.VERSION.MINOR = 2 whereas a number >= 6 is expected. It comes from another PROJ installation.
2026-09-07 02:37:37,637 WARNING CPLE_AppDefined in PROJ: internal_proj_create_from_database: /opt/anaconda3/share/proj/proj.db contains DATABASE.LAYOUT.VERSION.MINOR = 2 whereas a number >= 6 is expected. It comes from another PROJ installation.
2026-09-07 02:37:37,637 WARNING CPLE_AppDefined in PROJ: internal_proj_create_from_name: /opt/anaconda3/share/proj/proj.db contains DATABASE.LAYOUT.VERSION.MINOR = 2 whereas a number >= 6 is expected. It comes from another PROJ installation.
2026-09-07 02:37:37,667 WARNING CPLE_AppDefined in PROJ: internal_proj_create_from_database: /opt/anaconda3/share/proj/proj.db contains DATABASE.LAYOUT.VERSION.MINOR = 2 whereas a number >= 6 is expected. It comes from another PROJ installation.
2026-09-07 02:37:37,667 WARNING CPLE_AppDefined in PROJ: internal_proj_create_from_name: /opt/anaconda3/share/proj/proj.db contains DATABASE.LAYOUT.VERSION.MINOR = 2 whereas a number >= 6 is expected. It comes from another PROJ installation.
2026-09-07 02:37:37,696 WARNING CPLE_AppDefined in PROJ: internal_proj_create_from_database: /opt/anaconda3/share/proj/proj.db contains DATABASE.LAYOUT.VERSION.MINOR = 2 whereas a number >= 6 is expected. It comes from another PROJ installation.
2026-09-07 02:37:37,696 WARNING CPLE_AppDefined in PROJ: internal_proj_create_from_name: /opt/anaconda3/share/proj/proj.db contains DATABASE.LAYOUT.VERSION.MINOR = 2 whereas a number >= 6 is expected. It comes from another PROJ installation.
2026-09-07 02:37:37,726 WARNING CPLE_AppDefined in PROJ: internal_proj_create_from_database: /opt/anaconda3/share/proj/proj.db contains DATABASE.LAYOUT.VERSION.MINOR = 2 whereas a number >= 6 is expected. It comes from another PROJ installation.
2026-09-07 02:37:37,726 WARNING CPLE_AppDefined in PROJ: internal_proj_create_from_name: /opt/anaconda3/share/proj/proj.db contains DATABASE.LAYOUT.VERSION.MINOR = 2 whereas a number >= 6 is expected. It comes from another PROJ installation.
2026-09-07 02:37:37,755 WARNING CPLE_AppDefined in PROJ: internal_proj_create_from_database: /opt/anaconda3/share/proj/proj.db contains DATABASE.LAYOUT.VERSION.MINOR = 2 whereas a number >= 6 is expected. It comes from another PROJ installation.
2026-09-07 02:37:37,755 WARNING CPLE_AppDefined in PROJ: internal_proj_create_from_name: /opt/anaconda3/share/proj/proj.db contains DATABASE.LAYOUT.VERSION.MINOR = 2 whereas a number >= 6 is expected. It comes from another PROJ installation.
2026-09-07 02:37:37,785 WARNING CPLE_AppDefined in PROJ: internal_proj_create_from_database: /opt/anaconda3/share/proj/proj.db contains DATABASE.LAYOUT.VERSION.MINOR = 2 whereas a number >= 6 is expected. It comes from another PROJ installation.
2026-09-07 02:37:37,785 WARNING CPLE_AppDefined in PROJ: internal_proj_create_from_name: /opt/anaconda3/share/proj/proj.db contains DATABASE.LAYOUT.VERSION.MINOR = 2 whereas a number >= 6 is expected. It comes from another PROJ installation.
2026-09-07 02:37:37,815 WARNING CPLE_AppDefined in PROJ: internal_proj_create_from_database: /opt/anaconda3/share/proj/proj.db contains DATABASE.LAYOUT.VERSION.MINOR = 2 whereas a number >= 6 is expected. It comes from another PROJ installation.
2026-09-07 02:37:37,815 WARNING CPLE_AppDefined in PROJ: internal_proj_create_from_name: /opt/anaconda3/share/proj/proj.db contains DATABASE.LAYOUT.VERSION.MINOR = 2 whereas a number >= 6 is expected. It comes from another PROJ installation.
2026-09-07 02:37:37,868 WARNING CPLE_AppDefined in PROJ: internal_proj_create_from_database: /opt/anaconda3/share/proj/proj.db contains DATABASE.LAYOUT.VERSION.MINOR = 2 whereas a number >= 6 is expected. It comes from another PROJ installation.
2026-09-07 02:37:37,868 WARNING CPLE_AppDefined in PROJ: internal_proj_create_from_name: /opt/anaconda3/share/proj/proj.db contains DATABASE.LAYOUT.VERSION.MINOR = 2 whereas a number >= 6 is expected. It comes from another PROJ installation.
2026-09-07 02:37:37,897 WARNING CPLE_AppDefined in PROJ: internal_proj_create_from_database: /opt/anaconda3/share/proj/proj.db contains DATABASE.LAYOUT.VERSION.MINOR = 2 whereas a number >= 6 is expected. It comes from another PROJ installation.
2026-09-07 02:37:37,897 WARNING CPLE_AppDefined in PROJ: internal_proj_create_from_name: /opt/anaconda3/share/proj/proj.db contains DATABASE.LAYOUT.VERSION.MINOR = 2 whereas a number >= 6 is expected. It comes from another PROJ installation.
2026-09-07 02:37:37,926 WARNING CPLE_AppDefined in PROJ: internal_proj_create_from_database: /opt/anaconda3/share/proj/proj.db contains DATABASE.LAYOUT.VERSION.MINOR = 2 whereas a number >= 6 is expected. It comes from another PROJ installation.
2026-09-07 02:37:37,927 WARNING CPLE_AppDefined in PROJ: internal_proj_create_from_name: /opt/anaconda3/share/proj/proj.db contains DATABASE.LAYOUT.VERSION.MINOR = 2 whereas a number >= 6 is expected. It comes from another PROJ installation.
2026-09-07 02:37:37,956 WARNING CPLE_AppDefined in PROJ: internal_proj_create_from_database: /opt/anaconda3/share/proj/proj.db contains DATABASE.LAYOUT.VERSION.MINOR = 2 whereas a number >= 6 is expected. It comes from another PROJ installation.
2026-09-07 02:37:37,956 WARNING CPLE_AppDefined in PROJ: internal_proj_create_from_name: /opt/anaconda3/share/proj/proj.db contains DATABASE.LAYOUT.VERSION.MINOR = 2 whereas a number >= 6 is expected. It comes from another PROJ installation.
2026-09-07 02:37:37,985 WARNING CPLE_AppDefined in PROJ: internal_proj_create_from_database: /opt/anaconda3/share/proj/proj.db contains DATABASE.LAYOUT.VERSION.MINOR = 2 whereas a number >= 6 is expected. It comes from another PROJ installation.
2026-09-07 02:37:37,985 WARNING CPLE_AppDefined in PROJ: internal_proj_create_from_name: /opt/anaconda3/share/proj/proj.db contains DATABASE.LAYOUT.VERSION.MINOR = 2 whereas a number >= 6 is expected. It comes from another PROJ installation.
2026-09-07 02:37:38,015 WARNING CPLE_AppDefined in PROJ: internal_proj_create_from_database: /opt/anaconda3/share/proj/proj.db contains DATABASE.LAYOUT.VERSION.MINOR = 2 whereas a number >= 6 is expected. It comes from another PROJ installation.
2026-09-07 02:37:38,015 WARNING CPLE_AppDefined in PROJ: internal_proj_create_from_name: /opt/anaconda3/share/proj/proj.db contains DATABASE.LAYOUT.VERSION.MINOR = 2 whereas a number >= 6 is expected. It comes from another PROJ installation.
2026-09-07 02:37:38,044 WARNING CPLE_AppDefined in PROJ: internal_proj_create_from_database: /opt/anaconda3/share/proj/proj.db contains DATABASE.LAYOUT.VERSION.MINOR = 2 whereas a number >= 6 is expected. It comes from another PROJ installation.
2026-09-07 02:37:38,044 WARNING CPLE_AppDefined in PROJ: internal_proj_create_from_name: /opt/anaconda3/share/proj/proj.db contains DATABASE.LAYOUT.VERSION.MINOR = 2 whereas a number >= 6 is expected. It comes from another PROJ installation.
2026-09-07 02:37:38,074 WARNING CPLE_AppDefined in PROJ: internal_proj_create_from_database: /opt/anaconda3/share/proj/proj.db contains DATABASE.LAYOUT.VERSION.MINOR = 2 whereas a number >= 6 is expected. It comes from another PROJ installation.
2026-09-07 02:37:38,074 WARNING CPLE_AppDefined in PROJ: internal_proj_create_from_name: /opt/anaconda3/share/proj/proj.db contains DATABASE.LAYOUT.VERSION.MINOR = 2 whereas a number >= 6 is expected. It comes from another PROJ installation.
2026-09-07 02:37:38,103 WARNING CPLE_AppDefined in PROJ: internal_proj_create_from_database: /opt/anaconda3/share/proj/proj.db contains DATABASE.LAYOUT.VERSION.MINOR = 2 whereas a number >= 6 is expected. It comes from another PROJ installation.
2026-09-07 02:37:38,103 WARNING CPLE_AppDefined in PROJ: internal_proj_create_from_name: /opt/anaconda3/share/proj/proj.db contains DATABASE.LAYOUT.VERSION.MINOR = 2 whereas a number >= 6 is expected. It comes from another PROJ installation.
2026-09-07 02:37:38,132 WARNING CPLE_AppDefined in PROJ: internal_proj_create_from_database: /opt/anaconda3/share/proj/proj.db contains DATABASE.LAYOUT.VERSION.MINOR = 2 whereas a number >= 6 is expected. It comes from another PROJ installation.
2026-09-07 02:37:38,133 WARNING CPLE_AppDefined in PROJ: internal_proj_create_from_name: /opt/anaconda3/share/proj/proj.db contains DATABASE.LAYOUT.VERSION.MINOR = 2 whereas a number >= 6 is expected. It comes from another PROJ installation.
2026-09-07 02:37:38,162 WARNING CPLE_AppDefined in PROJ: internal_proj_create_from_database: /opt/anaconda3/share/proj/proj.db contains DATABASE.LAYOUT.VERSION.MINOR = 2 whereas a number >= 6 is expected. It comes from another PROJ installation.
2026-09-07 02:37:38,162 WARNING CPLE_AppDefined in PROJ: internal_proj_create_from_name: /opt/anaconda3/share/proj/proj.db contains DATABASE.LAYOUT.VERSION.MINOR = 2 whereas a number >= 6 is expected. It comes from another PROJ installation.
2026-09-07 02:37:38,192 WARNING CPLE_AppDefined in PROJ: internal_proj_create_from_database: /opt/anaconda3/share/proj/proj.db contains DATABASE.LAYOUT.VERSION.MINOR = 2 whereas a number >= 6 is expected. It comes from another PROJ installation.
2026-09-07 02:37:38,192 WARNING CPLE_AppDefined in PROJ: internal_proj_create_from_name: /opt/anaconda3/share/proj/proj.db contains DATABASE.LAYOUT.VERSION.MINOR = 2 whereas a number >= 6 is expected. It comes from another PROJ installation.
2026-09-07 02:37:38,222 WARNING CPLE_AppDefined in PROJ: internal_proj_create_from_database: /opt/anaconda3/share/proj/proj.db contains DATABASE.LAYOUT.VERSION.MINOR = 2 whereas a number >= 6 is expected. It comes from another PROJ installation.
2026-09-07 02:37:38,222 WARNING CPLE_AppDefined in PROJ: internal_proj_create_from_name: /opt/anaconda3/share/proj/proj.db contains DATABASE.LAYOUT.VERSION.MINOR = 2 whereas a number >= 6 is expected. It comes from another PROJ installation.
2026-09-07 02:37:38,251 WARNING CPLE_AppDefined in PROJ: internal_proj_create_from_database: /opt/anaconda3/share/proj/proj.db contains DATABASE.LAYOUT.VERSION.MINOR = 2 whereas a number >= 6 is expected. It comes from another PROJ installation.
2026-09-07 02:37:38,251 WARNING CPLE_AppDefined in PROJ: internal_proj_create_from_name: /opt/anaconda3/share/proj/proj.db contains DATABASE.LAYOUT.VERSION.MINOR = 2 whereas a number >= 6 is expected. It comes from another PROJ installation.
2026-09-07 02:37:38,280 WARNING CPLE_AppDefined in PROJ: internal_proj_create_from_database: /opt/anaconda3/share/proj/proj.db contains DATABASE.LAYOUT.VERSION.MINOR = 2 whereas a number >= 6 is expected. It comes from another PROJ installation.
2026-09-07 02:37:38,280 WARNING CPLE_AppDefined in PROJ: internal_proj_create_from_name: /opt/anaconda3/share/proj/proj.db contains DATABASE.LAYOUT.VERSION.MINOR = 2 whereas a number >= 6 is expected. It comes from another PROJ installation.
2026-09-07 02:37:38,310 WARNING CPLE_AppDefined in PROJ: internal_proj_create_from_database: /opt/anaconda3/share/proj/proj.db contains DATABASE.LAYOUT.VERSION.MINOR = 2 whereas a number >= 6 is expected. It comes from another PROJ installation.
2026-09-07 02:37:38,310 WARNING CPLE_AppDefined in PROJ: internal_proj_create_from_name: /opt/anaconda3/share/proj/proj.db contains DATABASE.LAYOUT.VERSION.MINOR = 2 whereas a number >= 6 is expected. It comes from another PROJ installation.
2026-09-07 02:37:38,341 WARNING CPLE_AppDefined in PROJ: internal_proj_create_from_database: /opt/anaconda3/share/proj/proj.db contains DATABASE.LAYOUT.VERSION.MINOR = 2 whereas a number >= 6 is expected. It comes from another PROJ installation.
2026-09-07 02:37:38,341 WARNING CPLE_AppDefined in PROJ: internal_proj_create_from_name: /opt/anaconda3/share/proj/proj.db contains DATABASE.LAYOUT.VERSION.MINOR = 2 whereas a number >= 6 is expected. It comes from another PROJ installation.
2026-09-07 02:37:38,371 WARNING CPLE_AppDefined in PROJ: internal_proj_create_from_database: /opt/anaconda3/share/proj/proj.db contains DATABASE.LAYOUT.VERSION.MINOR = 2 whereas a number >= 6 is expected. It comes from another PROJ installation.
2026-09-07 02:37:38,371 WARNING CPLE_AppDefined in PROJ: internal_proj_create_from_name: /opt/anaconda3/share/proj/proj.db contains DATABASE.LAYOUT.VERSION.MINOR = 2 whereas a number >= 6 is expected. It comes from another PROJ installation.
2026-09-07 02:37:38,400 WARNING CPLE_AppDefined in PROJ: internal_proj_create_from_database: /opt/anaconda3/share/proj/proj.db contains DATABASE.LAYOUT.VERSION.MINOR = 2 whereas a number >= 6 is expected. It comes from another PROJ installation.
2026-09-07 02:37:38,400 WARNING CPLE_AppDefined in PROJ: internal_proj_create_from_name: /opt/anaconda3/share/proj/proj.db contains DATABASE.LAYOUT.VERSION.MINOR = 2 whereas a number >= 6 is expected. It comes from another PROJ installation.
2026-09-07 02:37:38,430 WARNING CPLE_AppDefined in PROJ: internal_proj_create_from_database: /opt/anaconda3/share/proj/proj.db contains DATABASE.LAYOUT.VERSION.MINOR = 2 whereas a number >= 6 is expected. It comes from another PROJ installation.
2026-09-07 02:37:38,430 WARNING CPLE_AppDefined in PROJ: internal_proj_create_from_name: /opt/anaconda3/share/proj/proj.db contains DATABASE.LAYOUT.VERSION.MINOR = 2 whereas a number >= 6 is expected. It comes from another PROJ installation.
2026-09-07 02:37:38,461 WARNING CPLE_AppDefined in PROJ: internal_proj_create_from_database: /opt/anaconda3/share/proj/proj.db contains DATABASE.LAYOUT.VERSION.MINOR = 2 whereas a number >= 6 is expected. It comes from another PROJ installation.
2026-09-07 02:37:38,461 WARNING CPLE_AppDefined in PROJ: internal_proj_create_from_name: /opt/anaconda3/share/proj/proj.db contains DATABASE.LAYOUT.VERSION.MINOR = 2 whereas a number >= 6 is expected. It comes from another PROJ installation.
2026-09-07 02:37:38,491 WARNING CPLE_AppDefined in PROJ: internal_proj_create_from_database: /opt/anaconda3/share/proj/proj.db contains DATABASE.LAYOUT.VERSION.MINOR = 2 whereas a number >= 6 is expected. It comes from another PROJ installation.
2026-09-07 02:37:38,491 WARNING CPLE_AppDefined in PROJ: internal_proj_create_from_name: /opt/anaconda3/share/proj/proj.db contains DATABASE.LAYOUT.VERSION.MINOR = 2 whereas a number >= 6 is expected. It comes from another PROJ installation.
2026-09-07 02:37:38,521 WARNING CPLE_AppDefined in PROJ: internal_proj_create_from_database: /opt/anaconda3/share/proj/proj.db contains DATABASE.LAYOUT.VERSION.MINOR = 2 whereas a number >= 6 is expected. It comes from another PROJ installation.
2026-09-07 02:37:38,521 WARNING CPLE_AppDefined in PROJ: internal_proj_create_from_name: /opt/anaconda3/share/proj/proj.db contains DATABASE.LAYOUT.VERSION.MINOR = 2 whereas a number >= 6 is expected. It comes from another PROJ installation.
2026-09-07 02:37:38,550 WARNING CPLE_AppDefined in PROJ: internal_proj_create_from_database: /opt/anaconda3/share/proj/proj.db contains DATABASE.LAYOUT.VERSION.MINOR = 2 whereas a number >= 6 is expected. It comes from another PROJ installation.
2026-09-07 02:37:38,550 WARNING CPLE_AppDefined in PROJ: internal_proj_create_from_name: /opt/anaconda3/share/proj/proj.db contains DATABASE.LAYOUT.VERSION.MINOR = 2 whereas a number >= 6 is expected. It comes from another PROJ installation.
2026-09-07 02:37:38,580 WARNING CPLE_AppDefined in PROJ: internal_proj_create_from_database: /opt/anaconda3/share/proj/proj.db contains DATABASE.LAYOUT.VERSION.MINOR = 2 whereas a number >= 6 is expected. It comes from another PROJ installation.
2026-09-07 02:37:38,580 WARNING CPLE_AppDefined in PROJ: internal_proj_create_from_name: /opt/anaconda3/share/proj/proj.db contains DATABASE.LAYOUT.VERSION.MINOR = 2 whereas a number >= 6 is expected. It comes from another PROJ installation.
2026-09-07 02:37:38,610 WARNING CPLE_AppDefined in PROJ: internal_proj_create_from_database: /opt/anaconda3/share/proj/proj.db contains DATABASE.LAYOUT.VERSION.MINOR = 2 whereas a number >= 6 is expected. It comes from another PROJ installation.
2026-09-07 02:37:38,610 WARNING CPLE_AppDefined in PROJ: internal_proj_create_from_name: /opt/anaconda3/share/proj/proj.db contains DATABASE.LAYOUT.VERSION.MINOR = 2 whereas a number >= 6 is expected. It comes from another PROJ installation.
2026-09-07 02:37:38,639 WARNING CPLE_AppDefined in PROJ: internal_proj_create_from_database: /opt/anaconda3/share/proj/proj.db contains DATABASE.LAYOUT.VERSION.MINOR = 2 whereas a number >= 6 is expected. It comes from another PROJ installation.
2026-09-07 02:37:38,639 WARNING CPLE_AppDefined in PROJ: internal_proj_create_from_name: /opt/anaconda3/share/proj/proj.db contains DATABASE.LAYOUT.VERSION.MINOR = 2 whereas a number >= 6 is expected. It comes from another PROJ installation.
2026-09-07 02:37:38,669 WARNING CPLE_AppDefined in PROJ: internal_proj_create_from_database: /opt/anaconda3/share/proj/proj.db contains DATABASE.LAYOUT.VERSION.MINOR = 2 whereas a number >= 6 is expected. It comes from another PROJ installation.
2026-09-07 02:37:38,669 WARNING CPLE_AppDefined in PROJ: internal_proj_create_from_name: /opt/anaconda3/share/proj/proj.db contains DATABASE.LAYOUT.VERSION.MINOR = 2 whereas a number >= 6 is expected. It comes from another PROJ installation.
2026-09-07 02:37:38,698 WARNING CPLE_AppDefined in PROJ: internal_proj_create_from_database: /opt/anaconda3/share/proj/proj.db contains DATABASE.LAYOUT.VERSION.MINOR = 2 whereas a number >= 6 is expected. It comes from another PROJ installation.
2026-09-07 02:37:38,698 WARNING CPLE_AppDefined in PROJ: internal_proj_create_from_name: /opt/anaconda3/share/proj/proj.db contains DATABASE.LAYOUT.VERSION.MINOR = 2 whereas a number >= 6 is expected. It comes from another PROJ installation.
2026-09-07 02:37:38,728 WARNING CPLE_AppDefined in PROJ: internal_proj_create_from_database: /opt/anaconda3/share/proj/proj.db contains DATABASE.LAYOUT.VERSION.MINOR = 2 whereas a number >= 6 is expected. It comes from another PROJ installation.
2026-09-07 02:37:38,728 WARNING CPLE_AppDefined in PROJ: internal_proj_create_from_name: /opt/anaconda3/share/proj/proj.db contains DATABASE.LAYOUT.VERSION.MINOR = 2 whereas a number >= 6 is expected. It comes from another PROJ installation.
2026-09-07 02:37:38,758 WARNING CPLE_AppDefined in PROJ: internal_proj_create_from_database: /opt/anaconda3/share/proj/proj.db contains DATABASE.LAYOUT.VERSION.MINOR = 2 whereas a number >= 6 is expected. It comes from another PROJ installation.
2026-09-07 02:37:38,758 WARNING CPLE_AppDefined in PROJ: internal_proj_create_from_name: /opt/anaconda3/share/proj/proj.db contains DATABASE.LAYOUT.VERSION.MINOR = 2 whereas a number >= 6 is expected. It comes from another PROJ installation.
2026-09-07 02:37:38,787 WARNING CPLE_AppDefined in PROJ: internal_proj_create_from_database: /opt/anaconda3/share/proj/proj.db contains DATABASE.LAYOUT.VERSION.MINOR = 2 whereas a number >= 6 is expected. It comes from another PROJ installation.
2026-09-07 02:37:38,787 WARNING CPLE_AppDefined in PROJ: internal_proj_create_from_name: /opt/anaconda3/share/proj/proj.db contains DATABASE.LAYOUT.VERSION.MINOR = 2 whereas a number >= 6 is expected. It comes from another PROJ installation.
2026-09-07 02:37:38,816 WARNING CPLE_AppDefined in PROJ: internal_proj_create_from_database: /opt/anaconda3/share/proj/proj.db contains DATABASE.LAYOUT.VERSION.MINOR = 2 whereas a number >= 6 is expected. It comes from another PROJ installation.
2026-09-07 02:37:38,816 WARNING CPLE_AppDefined in PROJ: internal_proj_create_from_name: /opt/anaconda3/share/proj/proj.db contains DATABASE.LAYOUT.VERSION.MINOR = 2 whereas a number >= 6 is expected. It comes from another PROJ installation.
2026-09-07 02:37:38,848 WARNING CPLE_AppDefined in PROJ: internal_proj_create_from_database: /opt/anaconda3/share/proj/proj.db contains DATABASE.LAYOUT.VERSION.MINOR = 2 whereas a number >= 6 is expected. It comes from another PROJ installation.
2026-09-07 02:37:38,848 WARNING CPLE_AppDefined in PROJ: internal_proj_create_from_name: /opt/anaconda3/share/proj/proj.db contains DATABASE.LAYOUT.VERSION.MINOR = 2 whereas a number >= 6 is expected. It comes from another PROJ installation.
2026-09-07 02:37:38,879 WARNING CPLE_AppDefined in PROJ: internal_proj_create_from_database: /opt/anaconda3/share/proj/proj.db contains DATABASE.LAYOUT.VERSION.MINOR = 2 whereas a number >= 6 is expected. It comes from another PROJ installation.
2026-09-07 02:37:38,879 WARNING CPLE_AppDefined in PROJ: internal_proj_create_from_name: /opt/anaconda3/share/proj/proj.db contains DATABASE.LAYOUT.VERSION.MINOR = 2 whereas a number >= 6 is expected. It comes from another PROJ installation.
2026-09-07 02:37:38,908 WARNING CPLE_AppDefined in PROJ: internal_proj_create_from_database: /opt/anaconda3/share/proj/proj.db contains DATABASE.LAYOUT.VERSION.MINOR = 2 whereas a number >= 6 is expected. It comes from another PROJ installation.
2026-09-07 02:37:38,908 WARNING CPLE_AppDefined in PROJ: internal_proj_create_from_name: /opt/anaconda3/share/proj/proj.db contains DATABASE.LAYOUT.VERSION.MINOR = 2 whereas a number >= 6 is expected. It comes from another PROJ installation.
2026-09-07 02:37:38,938 WARNING CPLE_AppDefined in PROJ: internal_proj_create_from_database: /opt/anaconda3/share/proj/proj.db contains DATABASE.LAYOUT.VERSION.MINOR = 2 whereas a number >= 6 is expected. It comes from another PROJ installation.
2026-09-07 02:37:38,938 WARNING CPLE_AppDefined in PROJ: internal_proj_create_from_name: /opt/anaconda3/share/proj/proj.db contains DATABASE.LAYOUT.VERSION.MINOR = 2 whereas a number >= 6 is expected. It comes from another PROJ installation.
2026-09-07 02:37:38,968 WARNING CPLE_AppDefined in PROJ: internal_proj_create_from_database: /opt/anaconda3/share/proj/proj.db contains DATABASE.LAYOUT.VERSION.MINOR = 2 whereas a number >= 6 is expected. It comes from another PROJ installation.
2026-09-07 02:37:38,968 WARNING CPLE_AppDefined in PROJ: internal_proj_create_from_name: /opt/anaconda3/share/proj/proj.db contains DATABASE.LAYOUT.VERSION.MINOR = 2 whereas a number >= 6 is expected. It comes from another PROJ installation.
2026-09-07 02:37:38,997 WARNING CPLE_AppDefined in PROJ: internal_proj_create_from_database: /opt/anaconda3/share/proj/proj.db contains DATABASE.LAYOUT.VERSION.MINOR = 2 whereas a number >= 6 is expected. It comes from another PROJ installation.
2026-09-07 02:37:38,997 WARNING CPLE_AppDefined in PROJ: internal_proj_create_from_name: /opt/anaconda3/share/proj/proj.db contains DATABASE.LAYOUT.VERSION.MINOR = 2 whereas a number >= 6 is expected. It comes from another PROJ installation.
2026-09-07 02:37:39,027 WARNING CPLE_AppDefined in PROJ: internal_proj_create_from_database: /opt/anaconda3/share/proj/proj.db contains DATABASE.LAYOUT.VERSION.MINOR = 2 whereas a number >= 6 is expected. It comes from another PROJ installation.
2026-09-07 02:37:39,027 WARNING CPLE_AppDefined in PROJ: internal_proj_create_from_name: /opt/anaconda3/share/proj/proj.db contains DATABASE.LAYOUT.VERSION.MINOR = 2 whereas a number >= 6 is expected. It comes from another PROJ installation.
2026-09-07 02:37:39,056 WARNING CPLE_AppDefined in PROJ: internal_proj_create_from_database: /opt/anaconda3/share/proj/proj.db contains DATABASE.LAYOUT.VERSION.MINOR = 2 whereas a number >= 6 is expected. It comes from another PROJ installation.
2026-09-07 02:37:39,056 WARNING CPLE_AppDefined in PROJ: internal_proj_create_from_name: /opt/anaconda3/share/proj/proj.db contains DATABASE.LAYOUT.VERSION.MINOR = 2 whereas a number >= 6 is expected. It comes from another PROJ installation.
2026-09-07 02:37:39,086 WARNING CPLE_AppDefined in PROJ: internal_proj_create_from_database: /opt/anaconda3/share/proj/proj.db contains DATABASE.LAYOUT.VERSION.MINOR = 2 whereas a number >= 6 is expected. It comes from another PROJ installation.
2026-09-07 02:37:39,086 WARNING CPLE_AppDefined in PROJ: internal_proj_create_from_name: /opt/anaconda3/share/proj/proj.db contains DATABASE.LAYOUT.VERSION.MINOR = 2 whereas a number >= 6 is expected. It comes from another PROJ installation.
2026-09-07 02:37:39,116 WARNING CPLE_AppDefined in PROJ: internal_proj_create_from_database: /opt/anaconda3/share/proj/proj.db contains DATABASE.LAYOUT.VERSION.MINOR = 2 whereas a number >= 6 is expected. It comes from another PROJ installation.
2026-09-07 02:37:39,116 WARNING CPLE_AppDefined in PROJ: internal_proj_create_from_name: /opt/anaconda3/share/proj/proj.db contains DATABASE.LAYOUT.VERSION.MINOR = 2 whereas a number >= 6 is expected. It comes from another PROJ installation.
2026-09-07 02:37:39,146 WARNING CPLE_AppDefined in PROJ: internal_proj_create_from_database: /opt/anaconda3/share/proj/proj.db contains DATABASE.LAYOUT.VERSION.MINOR = 2 whereas a number >= 6 is expected. It comes from another PROJ installation.
2026-09-07 02:37:39,146 WARNING CPLE_AppDefined in PROJ: internal_proj_create_from_name: /opt/anaconda3/share/proj/proj.db contains DATABASE.LAYOUT.VERSION.MINOR = 2 whereas a number >= 6 is expected. It comes from another PROJ installation.
2026-09-07 02:37:39,175 WARNING CPLE_AppDefined in PROJ: internal_proj_create_from_database: /opt/anaconda3/share/proj/proj.db contains DATABASE.LAYOUT.VERSION.MINOR = 2 whereas a number >= 6 is expected. It comes from another PROJ installation.
2026-09-07 02:37:39,176 WARNING CPLE_AppDefined in PROJ: internal_proj_create_from_name: /opt/anaconda3/share/proj/proj.db contains DATABASE.LAYOUT.VERSION.MINOR = 2 whereas a number >= 6 is expected. It comes from another PROJ installation.
2026-09-07 02:37:39,206 WARNING CPLE_AppDefined in PROJ: internal_proj_create_from_database: /opt/anaconda3/share/proj/proj.db contains DATABASE.LAYOUT.VERSION.MINOR = 2 whereas a number >= 6 is expected. It comes from another PROJ installation.
2026-09-07 02:37:39,206 WARNING CPLE_AppDefined in PROJ: internal_proj_create_from_name: /opt/anaconda3/share/proj/proj.db contains DATABASE.LAYOUT.VERSION.MINOR = 2 whereas a number >= 6 is expected. It comes from another PROJ installation.
2026-09-07 02:37:39,235 WARNING CPLE_AppDefined in PROJ: internal_proj_create_from_database: /opt/anaconda3/share/proj/proj.db contains DATABASE.LAYOUT.VERSION.MINOR = 2 whereas a number >= 6 is expected. It comes from another PROJ installation.
2026-09-07 02:37:39,235 WARNING CPLE_AppDefined in PROJ: internal_proj_create_from_name: /opt/anaconda3/share/proj/proj.db contains DATABASE.LAYOUT.VERSION.MINOR = 2 whereas a number >= 6 is expected. It comes from another PROJ installation.
2026-09-07 02:37:39,265 WARNING CPLE_AppDefined in PROJ: internal_proj_create_from_database: /opt/anaconda3/share/proj/proj.db contains DATABASE.LAYOUT.VERSION.MINOR = 2 whereas a number >= 6 is expected. It comes from another PROJ installation.
2026-09-07 02:37:39,265 WARNING CPLE_AppDefined in PROJ: internal_proj_create_from_name: /opt/anaconda3/share/proj/proj.db contains DATABASE.LAYOUT.VERSION.MINOR = 2 whereas a number >= 6 is expected. It comes from another PROJ installation.
2026-09-07 02:37:39,294 WARNING CPLE_AppDefined in PROJ: internal_proj_create_from_database: /opt/anaconda3/share/proj/proj.db contains DATABASE.LAYOUT.VERSION.MINOR = 2 whereas a number >= 6 is expected. It comes from another PROJ installation.
2026-09-07 02:37:39,295 WARNING CPLE_AppDefined in PROJ: internal_proj_create_from_name: /opt/anaconda3/share/proj/proj.db contains DATABASE.LAYOUT.VERSION.MINOR = 2 whereas a number >= 6 is expected. It comes from another PROJ installation.
2026-09-07 02:37:40,298 INFO Saved /Users/helloworld/Desktop/SIH/SIH2026/data/regions/uttar_pradesh/satellite/chirps_uttar_pradesh_2012.nc (0.4 MB)
2026-09-07 02:44:30,370 INFO Saved /Users/helloworld/Desktop/SIH/SIH2026/data/regions/uttar_pradesh/nwp/era5_uttar_pradesh_2012.nc
2026-09-07 03:14:17,788 INFO Saved /Users/helloworld/Desktop/SIH/SIH2026/data/regions/uttar_pradesh/radar/merra2_uttar_pradesh_2012.nc
2026-09-07 03:14:18,019 INFO Building CHIRPS NetCDF for 2013 (122 days)...
2026-09-07 03:14:18,113 WARNING CPLE_AppDefined in PROJ: internal_proj_create_from_database: /opt/anaconda3/share/proj/proj.db contains DATABASE.LAYOUT.VERSION.MINOR = 2 whereas a number >= 6 is expected. It comes from another PROJ installation.
2026-09-07 03:14:18,113 WARNING CPLE_AppDefined in PROJ: internal_proj_create_from_name: /opt/anaconda3/share/proj/proj.db contains DATABASE.LAYOUT.VERSION.MINOR = 2 whereas a number >= 6 is expected. It comes from another PROJ installation.
2026-09-07 03:14:18,151 WARNING CPLE_AppDefined in PROJ: internal_proj_create_from_database: /opt/anaconda3/share/proj/proj.db contains DATABASE.LAYOUT.VERSION.MINOR = 2 whereas a number >= 6 is expected. It comes from another PROJ installation.
2026-09-07 03:14:18,151 WARNING CPLE_AppDefined in PROJ: internal_proj_create_from_name: /opt/anaconda3/share/proj/proj.db contains DATABASE.LAYOUT.VERSION.MINOR = 2 whereas a number >= 6 is expected. It comes from another PROJ installation.
2026-09-07 03:14:18,182 WARNING CPLE_AppDefined in PROJ: internal_proj_create_from_database: /opt/anaconda3/share/proj/proj.db contains DATABASE.LAYOUT.VERSION.MINOR = 2 whereas a number >= 6 is expected. It comes from another PROJ installation.
2026-09-07 03:14:18,183 WARNING CPLE_AppDefined in PROJ: internal_proj_create_from_name: /opt/anaconda3/share/proj/proj.db contains DATABASE.LAYOUT.VERSION.MINOR = 2 whereas a number >= 6 is expected. It comes from another PROJ installation.
2026-09-07 03:14:18,215 WARNING CPLE_AppDefined in PROJ: internal_proj_create_from_database: /opt/anaconda3/share/proj/proj.db contains DATABASE.LAYOUT.VERSION.MINOR = 2 whereas a number >= 6 is expected. It comes from another PROJ installation.
2026-09-07 03:14:18,215 WARNING CPLE_AppDefined in PROJ: internal_proj_create_from_name: /opt/anaconda3/share/proj/proj.db contains DATABASE.LAYOUT.VERSION.MINOR = 2 whereas a number >= 6 is expected. It comes from another PROJ installation.
2026-09-07 03:14:18,245 WARNING CPLE_AppDefined in PROJ: internal_proj_create_from_database: /opt/anaconda3/share/proj/proj.db contains DATABASE.LAYOUT.VERSION.MINOR = 2 whereas a number >= 6 is expected. It comes from another PROJ installation.
2026-09-07 03:14:18,245 WARNING CPLE_AppDefined in PROJ: internal_proj_create_from_name: /opt/anaconda3/share/proj/proj.db contains DATABASE.LAYOUT.VERSION.MINOR = 2 whereas a number >= 6 is expected. It comes from another PROJ installation.
2026-09-07 03:14:18,274 WARNING CPLE_AppDefined in PROJ: internal_proj_create_from_database: /opt/anaconda3/share/proj/proj.db contains DATABASE.LAYOUT.VERSION.MINOR = 2 whereas a number >= 6 is expected. It comes from another PROJ installation.
2026-09-07 03:14:18,274 WARNING CPLE_AppDefined in PROJ: internal_proj_create_from_name: /opt/anaconda3/share/proj/proj.db contains DATABASE.LAYOUT.VERSION.MINOR = 2 whereas a number >= 6 is expected. It comes from another PROJ installation.
2026-09-07 03:14:18,303 WARNING CPLE_AppDefined in PROJ: internal_proj_create_from_database: /opt/anaconda3/share/proj/proj.db contains DATABASE.LAYOUT.VERSION.MINOR = 2 whereas a number >= 6 is expected. It comes from another PROJ installation.
2026-09-07 03:14:18,303 WARNING CPLE_AppDefined in PROJ: internal_proj_create_from_name: /opt/anaconda3/share/proj/proj.db contains DATABASE.LAYOUT.VERSION.MINOR = 2 whereas a number >= 6 is expected. It comes from another PROJ installation.
2026-09-07 03:14:18,331 WARNING CPLE_AppDefined in PROJ: internal_proj_create_from_database: /opt/anaconda3/share/proj/proj.db contains DATABASE.LAYOUT.VERSION.MINOR = 2 whereas a number >= 6 is expected. It comes from another PROJ installation.
2026-09-07 03:14:18,331 WARNING CPLE_AppDefined in PROJ: internal_proj_create_from_name: /opt/anaconda3/share/proj/proj.db contains DATABASE.LAYOUT.VERSION.MINOR = 2 whereas a number >= 6 is expected. It comes from another PROJ installation.
2026-09-07 03:14:18,359 WARNING CPLE_AppDefined in PROJ: internal_proj_create_from_database: /opt/anaconda3/share/proj/proj.db contains DATABASE.LAYOUT.VERSION.MINOR = 2 whereas a number >= 6 is expected. It comes from another PROJ installation.
2026-09-07 03:14:18,359 WARNING CPLE_AppDefined in PROJ: internal_proj_create_from_name: /opt/anaconda3/share/proj/proj.db contains DATABASE.LAYOUT.VERSION.MINOR = 2 whereas a number >= 6 is expected. It comes from another PROJ installation.
2026-09-07 03:14:18,388 WARNING CPLE_AppDefined in PROJ: internal_proj_create_from_database: /opt/anaconda3/share/proj/proj.db contains DATABASE.LAYOUT.VERSION.MINOR = 2 whereas a number >= 6 is expected. It comes from another PROJ installation.
2026-09-07 03:14:18,388 WARNING CPLE_AppDefined in PROJ: internal_proj_create_from_name: /opt/anaconda3/share/proj/proj.db contains DATABASE.LAYOUT.VERSION.MINOR = 2 whereas a number >= 6 is expected. It comes from another PROJ installation.
2026-09-07 03:14:18,419 WARNING CPLE_AppDefined in PROJ: internal_proj_create_from_database: /opt/anaconda3/share/proj/proj.db contains DATABASE.LAYOUT.VERSION.MINOR = 2 whereas a number >= 6 is expected. It comes from another PROJ installation.
2026-09-07 03:14:18,419 WARNING CPLE_AppDefined in PROJ: internal_proj_create_from_name: /opt/anaconda3/share/proj/proj.db contains DATABASE.LAYOUT.VERSION.MINOR = 2 whereas a number >= 6 is expected. It comes from another PROJ installation.
2026-09-07 03:14:18,451 WARNING CPLE_AppDefined in PROJ: internal_proj_create_from_database: /opt/anaconda3/share/proj/proj.db contains DATABASE.LAYOUT.VERSION.MINOR = 2 whereas a number >= 6 is expected. It comes from another PROJ installation.
2026-09-07 03:14:18,451 WARNING CPLE_AppDefined in PROJ: internal_proj_create_from_name: /opt/anaconda3/share/proj/proj.db contains DATABASE.LAYOUT.VERSION.MINOR = 2 whereas a number >= 6 is expected. It comes from another PROJ installation.
2026-09-07 03:14:18,482 WARNING CPLE_AppDefined in PROJ: internal_proj_create_from_database: /opt/anaconda3/share/proj/proj.db contains DATABASE.LAYOUT.VERSION.MINOR = 2 whereas a number >= 6 is expected. It comes from another PROJ installation.
2026-09-07 03:14:18,482 WARNING CPLE_AppDefined in PROJ: internal_proj_create_from_name: /opt/anaconda3/share/proj/proj.db contains DATABASE.LAYOUT.VERSION.MINOR = 2 whereas a number >= 6 is expected. It comes from another PROJ installation.
2026-09-07 03:14:18,513 WARNING CPLE_AppDefined in PROJ: internal_proj_create_from_database: /opt/anaconda3/share/proj/proj.db contains DATABASE.LAYOUT.VERSION.MINOR = 2 whereas a number >= 6 is expected. It comes from another PROJ installation.
2026-09-07 03:14:18,513 WARNING CPLE_AppDefined in PROJ: internal_proj_create_from_name: /opt/anaconda3/share/proj/proj.db contains DATABASE.LAYOUT.VERSION.MINOR = 2 whereas a number >= 6 is expected. It comes from another PROJ installation.
2026-09-07 03:14:18,545 WARNING CPLE_AppDefined in PROJ: internal_proj_create_from_database: /opt/anaconda3/share/proj/proj.db contains DATABASE.LAYOUT.VERSION.MINOR = 2 whereas a number >= 6 is expected. It comes from another PROJ installation.
2026-09-07 03:14:18,545 WARNING CPLE_AppDefined in PROJ: internal_proj_create_from_name: /opt/anaconda3/share/proj/proj.db contains DATABASE.LAYOUT.VERSION.MINOR = 2 whereas a number >= 6 is expected. It comes from another PROJ installation.
2026-09-07 03:14:18,595 WARNING CPLE_AppDefined in PROJ: internal_proj_create_from_database: /opt/anaconda3/share/proj/proj.db contains DATABASE.LAYOUT.VERSION.MINOR = 2 whereas a number >= 6 is expected. It comes from another PROJ installation.
2026-09-07 03:14:18,595 WARNING CPLE_AppDefined in PROJ: internal_proj_create_from_name: /opt/anaconda3/share/proj/proj.db contains DATABASE.LAYOUT.VERSION.MINOR = 2 whereas a number >= 6 is expected. It comes from another PROJ installation.
2026-09-07 03:14:18,622 WARNING CPLE_AppDefined in PROJ: internal_proj_create_from_database: /opt/anaconda3/share/proj/proj.db contains DATABASE.LAYOUT.VERSION.MINOR = 2 whereas a number >= 6 is expected. It comes from another PROJ installation.
2026-09-07 03:14:18,623 WARNING CPLE_AppDefined in PROJ: internal_proj_create_from_name: /opt/anaconda3/share/proj/proj.db contains DATABASE.LAYOUT.VERSION.MINOR = 2 whereas a number >= 6 is expected. It comes from another PROJ installation.
2026-09-07 03:14:18,653 WARNING CPLE_AppDefined in PROJ: internal_proj_create_from_database: /opt/anaconda3/share/proj/proj.db contains DATABASE.LAYOUT.VERSION.MINOR = 2 whereas a number >= 6 is expected. It comes from another PROJ installation.
2026-09-07 03:14:18,653 WARNING CPLE_AppDefined in PROJ: internal_proj_create_from_name: /opt/anaconda3/share/proj/proj.db contains DATABASE.LAYOUT.VERSION.MINOR = 2 whereas a number >= 6 is expected. It comes from another PROJ installation.
2026-09-07 03:14:18,681 WARNING CPLE_AppDefined in PROJ: internal_proj_create_from_database: /opt/anaconda3/share/proj/proj.db contains DATABASE.LAYOUT.VERSION.MINOR = 2 whereas a number >= 6 is expected. It comes from another PROJ installation.
2026-09-07 03:14:18,682 WARNING CPLE_AppDefined in PROJ: internal_proj_create_from_name: /opt/anaconda3/share/proj/proj.db contains DATABASE.LAYOUT.VERSION.MINOR = 2 whereas a number >= 6 is expected. It comes from another PROJ installation.
2026-09-07 03:14:18,709 WARNING CPLE_AppDefined in PROJ: internal_proj_create_from_database: /opt/anaconda3/share/proj/proj.db contains DATABASE.LAYOUT.VERSION.MINOR = 2 whereas a number >= 6 is expected. It comes from another PROJ installation.
2026-09-07 03:14:18,710 WARNING CPLE_AppDefined in PROJ: internal_proj_create_from_name: /opt/anaconda3/share/proj/proj.db contains DATABASE.LAYOUT.VERSION.MINOR = 2 whereas a number >= 6 is expected. It comes from another PROJ installation.
2026-09-07 03:14:18,740 WARNING CPLE_AppDefined in PROJ: internal_proj_create_from_database: /opt/anaconda3/share/proj/proj.db contains DATABASE.LAYOUT.VERSION.MINOR = 2 whereas a number >= 6 is expected. It comes from another PROJ installation.
2026-09-07 03:14:18,740 WARNING CPLE_AppDefined in PROJ: internal_proj_create_from_name: /opt/anaconda3/share/proj/proj.db contains DATABASE.LAYOUT.VERSION.MINOR = 2 whereas a number >= 6 is expected. It comes from another PROJ installation.
2026-09-07 03:14:18,769 WARNING CPLE_AppDefined in PROJ: internal_proj_create_from_database: /opt/anaconda3/share/proj/proj.db contains DATABASE.LAYOUT.VERSION.MINOR = 2 whereas a number >= 6 is expected. It comes from another PROJ installation.
2026-09-07 03:14:18,769 WARNING CPLE_AppDefined in PROJ: internal_proj_create_from_name: /opt/anaconda3/share/proj/proj.db contains DATABASE.LAYOUT.VERSION.MINOR = 2 whereas a number >= 6 is expected. It comes from another PROJ installation.
2026-09-07 03:14:18,796 WARNING CPLE_AppDefined in PROJ: internal_proj_create_from_database: /opt/anaconda3/share/proj/proj.db contains DATABASE.LAYOUT.VERSION.MINOR = 2 whereas a number >= 6 is expected. It comes from another PROJ installation.
2026-09-07 03:14:18,796 WARNING CPLE_AppDefined in PROJ: internal_proj_create_from_name: /opt/anaconda3/share/proj/proj.db contains DATABASE.LAYOUT.VERSION.MINOR = 2 whereas a number >= 6 is expected. It comes from another PROJ installation.
2026-09-07 03:14:18,830 WARNING CPLE_AppDefined in PROJ: internal_proj_create_from_database: /opt/anaconda3/share/proj/proj.db contains DATABASE.LAYOUT.VERSION.MINOR = 2 whereas a number >= 6 is expected. It comes from another PROJ installation.
2026-09-07 03:14:18,830 WARNING CPLE_AppDefined in PROJ: internal_proj_create_from_name: /opt/anaconda3/share/proj/proj.db contains DATABASE.LAYOUT.VERSION.MINOR = 2 whereas a number >= 6 is expected. It comes from another PROJ installation.
2026-09-07 03:14:18,860 WARNING CPLE_AppDefined in PROJ: internal_proj_create_from_database: /opt/anaconda3/share/proj/proj.db contains DATABASE.LAYOUT.VERSION.MINOR = 2 whereas a number >= 6 is expected. It comes from another PROJ installation.
2026-09-07 03:14:18,860 WARNING CPLE_AppDefined in PROJ: internal_proj_create_from_name: /opt/anaconda3/share/proj/proj.db contains DATABASE.LAYOUT.VERSION.MINOR = 2 whereas a number >= 6 is expected. It comes from another PROJ installation.
2026-09-07 03:14:18,891 WARNING CPLE_AppDefined in PROJ: internal_proj_create_from_database: /opt/anaconda3/share/proj/proj.db contains DATABASE.LAYOUT.VERSION.MINOR = 2 whereas a number >= 6 is expected. It comes from another PROJ installation.
2026-09-07 03:14:18,891 WARNING CPLE_AppDefined in PROJ: internal_proj_create_from_name: /opt/anaconda3/share/proj/proj.db contains DATABASE.LAYOUT.VERSION.MINOR = 2 whereas a number >= 6 is expected. It comes from another PROJ installation.
2026-09-07 03:14:18,924 WARNING CPLE_AppDefined in PROJ: internal_proj_create_from_database: /opt/anaconda3/share/proj/proj.db contains DATABASE.LAYOUT.VERSION.MINOR = 2 whereas a number >= 6 is expected. It comes from another PROJ installation.
2026-09-07 03:14:18,924 WARNING CPLE_AppDefined in PROJ: internal_proj_create_from_name: /opt/anaconda3/share/proj/proj.db contains DATABASE.LAYOUT.VERSION.MINOR = 2 whereas a number >= 6 is expected. It comes from another PROJ installation.
2026-09-07 03:14:18,958 WARNING CPLE_AppDefined in PROJ: internal_proj_create_from_database: /opt/anaconda3/share/proj/proj.db contains DATABASE.LAYOUT.VERSION.MINOR = 2 whereas a number >= 6 is expected. It comes from another PROJ installation.
2026-09-07 03:14:18,958 WARNING CPLE_AppDefined in PROJ: internal_proj_create_from_name: /opt/anaconda3/share/proj/proj.db contains DATABASE.LAYOUT.VERSION.MINOR = 2 whereas a number >= 6 is expected. It comes from another PROJ installation.
2026-09-07 03:14:18,990 WARNING CPLE_AppDefined in PROJ: internal_proj_create_from_database: /opt/anaconda3/share/proj/proj.db contains DATABASE.LAYOUT.VERSION.MINOR = 2 whereas a number >= 6 is expected. It comes from another PROJ installation.
2026-09-07 03:14:18,990 WARNING CPLE_AppDefined in PROJ: internal_proj_create_from_name: /opt/anaconda3/share/proj/proj.db contains DATABASE.LAYOUT.VERSION.MINOR = 2 whereas a number >= 6 is expected. It comes from another PROJ installation.
2026-09-07 03:14:19,019 WARNING CPLE_AppDefined in PROJ: internal_proj_create_from_database: /opt/anaconda3/share/proj/proj.db contains DATABASE.LAYOUT.VERSION.MINOR = 2 whereas a number >= 6 is expected. It comes from another PROJ installation.
2026-09-07 03:14:19,019 WARNING CPLE_AppDefined in PROJ: internal_proj_create_from_name: /opt/anaconda3/share/proj/proj.db contains DATABASE.LAYOUT.VERSION.MINOR = 2 whereas a number >= 6 is expected. It comes from another PROJ installation.
2026-09-07 03:14:19,050 WARNING CPLE_AppDefined in PROJ: internal_proj_create_from_database: /opt/anaconda3/share/proj/proj.db contains DATABASE.LAYOUT.VERSION.MINOR = 2 whereas a number >= 6 is expected. It comes from another PROJ installation.
2026-09-07 03:14:19,050 WARNING CPLE_AppDefined in PROJ: internal_proj_create_from_name: /opt/anaconda3/share/proj/proj.db contains DATABASE.LAYOUT.VERSION.MINOR = 2 whereas a number >= 6 is expected. It comes from another PROJ installation.
2026-09-07 03:14:19,081 WARNING CPLE_AppDefined in PROJ: internal_proj_create_from_database: /opt/anaconda3/share/proj/proj.db contains DATABASE.LAYOUT.VERSION.MINOR = 2 whereas a number >= 6 is expected. It comes from another PROJ installation.
2026-09-07 03:14:19,081 WARNING CPLE_AppDefined in PROJ: internal_proj_create_from_name: /opt/anaconda3/share/proj/proj.db contains DATABASE.LAYOUT.VERSION.MINOR = 2 whereas a number >= 6 is expected. It comes from another PROJ installation.
2026-09-07 03:14:19,111 WARNING CPLE_AppDefined in PROJ: internal_proj_create_from_database: /opt/anaconda3/share/proj/proj.db contains DATABASE.LAYOUT.VERSION.MINOR = 2 whereas a number >= 6 is expected. It comes from another PROJ installation.
2026-09-07 03:14:19,111 WARNING CPLE_AppDefined in PROJ: internal_proj_create_from_name: /opt/anaconda3/share/proj/proj.db contains DATABASE.LAYOUT.VERSION.MINOR = 2 whereas a number >= 6 is expected. It comes from another PROJ installation.
2026-09-07 03:14:19,140 WARNING CPLE_AppDefined in PROJ: internal_proj_create_from_database: /opt/anaconda3/share/proj/proj.db contains DATABASE.LAYOUT.VERSION.MINOR = 2 whereas a number >= 6 is expected. It comes from another PROJ installation.
2026-09-07 03:14:19,140 WARNING CPLE_AppDefined in PROJ: internal_proj_create_from_name: /opt/anaconda3/share/proj/proj.db contains DATABASE.LAYOUT.VERSION.MINOR = 2 whereas a number >= 6 is expected. It comes from another PROJ installation.
2026-09-07 03:14:19,169 WARNING CPLE_AppDefined in PROJ: internal_proj_create_from_database: /opt/anaconda3/share/proj/proj.db contains DATABASE.LAYOUT.VERSION.MINOR = 2 whereas a number >= 6 is expected. It comes from another PROJ installation.
2026-09-07 03:14:19,169 WARNING CPLE_AppDefined in PROJ: internal_proj_create_from_name: /opt/anaconda3/share/proj/proj.db contains DATABASE.LAYOUT.VERSION.MINOR = 2 whereas a number >= 6 is expected. It comes from another PROJ installation.
2026-09-07 03:14:19,197 WARNING CPLE_AppDefined in PROJ: internal_proj_create_from_database: /opt/anaconda3/share/proj/proj.db contains DATABASE.LAYOUT.VERSION.MINOR = 2 whereas a number >= 6 is expected. It comes from another PROJ installation.
2026-09-07 03:14:19,197 WARNING CPLE_AppDefined in PROJ: internal_proj_create_from_name: /opt/anaconda3/share/proj/proj.db contains DATABASE.LAYOUT.VERSION.MINOR = 2 whereas a number >= 6 is expected. It comes from another PROJ installation.
2026-09-07 03:14:19,227 WARNING CPLE_AppDefined in PROJ: internal_proj_create_from_database: /opt/anaconda3/share/proj/proj.db contains DATABASE.LAYOUT.VERSION.MINOR = 2 whereas a number >= 6 is expected. It comes from another PROJ installation.
2026-09-07 03:14:19,227 WARNING CPLE_AppDefined in PROJ: internal_proj_create_from_name: /opt/anaconda3/share/proj/proj.db contains DATABASE.LAYOUT.VERSION.MINOR = 2 whereas a number >= 6 is expected. It comes from another PROJ installation.
2026-09-07 03:14:19,255 WARNING CPLE_AppDefined in PROJ: internal_proj_create_from_database: /opt/anaconda3/share/proj/proj.db contains DATABASE.LAYOUT.VERSION.MINOR = 2 whereas a number >= 6 is expected. It comes from another PROJ installation.
2026-09-07 03:14:19,255 WARNING CPLE_AppDefined in PROJ: internal_proj_create_from_name: /opt/anaconda3/share/proj/proj.db contains DATABASE.LAYOUT.VERSION.MINOR = 2 whereas a number >= 6 is expected. It comes from another PROJ installation.
2026-09-07 03:14:19,283 WARNING CPLE_AppDefined in PROJ: internal_proj_create_from_database: /opt/anaconda3/share/proj/proj.db contains DATABASE.LAYOUT.VERSION.MINOR = 2 whereas a number >= 6 is expected. It comes from another PROJ installation.
2026-09-07 03:14:19,283 WARNING CPLE_AppDefined in PROJ: internal_proj_create_from_name: /opt/anaconda3/share/proj/proj.db contains DATABASE.LAYOUT.VERSION.MINOR = 2 whereas a number >= 6 is expected. It comes from another PROJ installation.
2026-09-07 03:14:19,311 WARNING CPLE_AppDefined in PROJ: internal_proj_create_from_database: /opt/anaconda3/share/proj/proj.db contains DATABASE.LAYOUT.VERSION.MINOR = 2 whereas a number >= 6 is expected. It comes from another PROJ installation.
2026-09-07 03:14:19,311 WARNING CPLE_AppDefined in PROJ: internal_proj_create_from_name: /opt/anaconda3/share/proj/proj.db contains DATABASE.LAYOUT.VERSION.MINOR = 2 whereas a number >= 6 is expected. It comes from another PROJ installation.
2026-09-07 03:14:19,343 WARNING CPLE_AppDefined in PROJ: internal_proj_create_from_database: /opt/anaconda3/share/proj/proj.db contains DATABASE.LAYOUT.VERSION.MINOR = 2 whereas a number >= 6 is expected. It comes from another PROJ installation.
2026-09-07 03:14:19,343 WARNING CPLE_AppDefined in PROJ: internal_proj_create_from_name: /opt/anaconda3/share/proj/proj.db contains DATABASE.LAYOUT.VERSION.MINOR = 2 whereas a number >= 6 is expected. It comes from another PROJ installation.
2026-09-07 03:14:19,373 WARNING CPLE_AppDefined in PROJ: internal_proj_create_from_database: /opt/anaconda3/share/proj/proj.db contains DATABASE.LAYOUT.VERSION.MINOR = 2 whereas a number >= 6 is expected. It comes from another PROJ installation.
2026-09-07 03:14:19,373 WARNING CPLE_AppDefined in PROJ: internal_proj_create_from_name: /opt/anaconda3/share/proj/proj.db contains DATABASE.LAYOUT.VERSION.MINOR = 2 whereas a number >= 6 is expected. It comes from another PROJ installation.
2026-09-07 03:14:19,402 WARNING CPLE_AppDefined in PROJ: internal_proj_create_from_database: /opt/anaconda3/share/proj/proj.db contains DATABASE.LAYOUT.VERSION.MINOR = 2 whereas a number >= 6 is expected. It comes from another PROJ installation.
2026-09-07 03:14:19,402 WARNING CPLE_AppDefined in PROJ: internal_proj_create_from_name: /opt/anaconda3/share/proj/proj.db contains DATABASE.LAYOUT.VERSION.MINOR = 2 whereas a number >= 6 is expected. It comes from another PROJ installation.
2026-09-07 03:14:19,433 WARNING CPLE_AppDefined in PROJ: internal_proj_create_from_database: /opt/anaconda3/share/proj/proj.db contains DATABASE.LAYOUT.VERSION.MINOR = 2 whereas a number >= 6 is expected. It comes from another PROJ installation.
2026-09-07 03:14:19,433 WARNING CPLE_AppDefined in PROJ: internal_proj_create_from_name: /opt/anaconda3/share/proj/proj.db contains DATABASE.LAYOUT.VERSION.MINOR = 2 whereas a number >= 6 is expected. It comes from another PROJ installation.
2026-09-07 03:14:19,466 WARNING CPLE_AppDefined in PROJ: internal_proj_create_from_database: /opt/anaconda3/share/proj/proj.db contains DATABASE.LAYOUT.VERSION.MINOR = 2 whereas a number >= 6 is expected. It comes from another PROJ installation.
2026-09-07 03:14:19,466 WARNING CPLE_AppDefined in PROJ: internal_proj_create_from_name: /opt/anaconda3/share/proj/proj.db contains DATABASE.LAYOUT.VERSION.MINOR = 2 whereas a number >= 6 is expected. It comes from another PROJ installation.
2026-09-07 03:14:19,495 WARNING CPLE_AppDefined in PROJ: internal_proj_create_from_database: /opt/anaconda3/share/proj/proj.db contains DATABASE.LAYOUT.VERSION.MINOR = 2 whereas a number >= 6 is expected. It comes from another PROJ installation.
2026-09-07 03:14:19,495 WARNING CPLE_AppDefined in PROJ: internal_proj_create_from_name: /opt/anaconda3/share/proj/proj.db contains DATABASE.LAYOUT.VERSION.MINOR = 2 whereas a number >= 6 is expected. It comes from another PROJ installation.
2026-09-07 03:14:19,524 WARNING CPLE_AppDefined in PROJ: internal_proj_create_from_database: /opt/anaconda3/share/proj/proj.db contains DATABASE.LAYOUT.VERSION.MINOR = 2 whereas a number >= 6 is expected. It comes from another PROJ installation.
2026-09-07 03:14:19,524 WARNING CPLE_AppDefined in PROJ: internal_proj_create_from_name: /opt/anaconda3/share/proj/proj.db contains DATABASE.LAYOUT.VERSION.MINOR = 2 whereas a number >= 6 is expected. It comes from another PROJ installation.
2026-09-07 03:14:19,552 WARNING CPLE_AppDefined in PROJ: internal_proj_create_from_database: /opt/anaconda3/share/proj/proj.db contains DATABASE.LAYOUT.VERSION.MINOR = 2 whereas a number >= 6 is expected. It comes from another PROJ installation.
2026-09-07 03:14:19,552 WARNING CPLE_AppDefined in PROJ: internal_proj_create_from_name: /opt/anaconda3/share/proj/proj.db contains DATABASE.LAYOUT.VERSION.MINOR = 2 whereas a number >= 6 is expected. It comes from another PROJ installation.
2026-09-07 03:14:19,582 WARNING CPLE_AppDefined in PROJ: internal_proj_create_from_database: /opt/anaconda3/share/proj/proj.db contains DATABASE.LAYOUT.VERSION.MINOR = 2 whereas a number >= 6 is expected. It comes from another PROJ installation.
2026-09-07 03:14:19,582 WARNING CPLE_AppDefined in PROJ: internal_proj_create_from_name: /opt/anaconda3/share/proj/proj.db contains DATABASE.LAYOUT.VERSION.MINOR = 2 whereas a number >= 6 is expected. It comes from another PROJ installation.
2026-09-07 03:14:19,610 WARNING CPLE_AppDefined in PROJ: internal_proj_create_from_database: /opt/anaconda3/share/proj/proj.db contains DATABASE.LAYOUT.VERSION.MINOR = 2 whereas a number >= 6 is expected. It comes from another PROJ installation.
2026-09-07 03:14:19,610 WARNING CPLE_AppDefined in PROJ: internal_proj_create_from_name: /opt/anaconda3/share/proj/proj.db contains DATABASE.LAYOUT.VERSION.MINOR = 2 whereas a number >= 6 is expected. It comes from another PROJ installation.
2026-09-07 03:14:19,639 WARNING CPLE_AppDefined in PROJ: internal_proj_create_from_database: /opt/anaconda3/share/proj/proj.db contains DATABASE.LAYOUT.VERSION.MINOR = 2 whereas a number >= 6 is expected. It comes from another PROJ installation.
2026-09-07 03:14:19,639 WARNING CPLE_AppDefined in PROJ: internal_proj_create_from_name: /opt/anaconda3/share/proj/proj.db contains DATABASE.LAYOUT.VERSION.MINOR = 2 whereas a number >= 6 is expected. It comes from another PROJ installation.
2026-09-07 03:14:19,669 WARNING CPLE_AppDefined in PROJ: internal_proj_create_from_database: /opt/anaconda3/share/proj/proj.db contains DATABASE.LAYOUT.VERSION.MINOR = 2 whereas a number >= 6 is expected. It comes from another PROJ installation.
2026-09-07 03:14:19,669 WARNING CPLE_AppDefined in PROJ: internal_proj_create_from_name: /opt/anaconda3/share/proj/proj.db contains DATABASE.LAYOUT.VERSION.MINOR = 2 whereas a number >= 6 is expected. It comes from another PROJ installation.
2026-09-07 03:14:19,697 WARNING CPLE_AppDefined in PROJ: internal_proj_create_from_database: /opt/anaconda3/share/proj/proj.db contains DATABASE.LAYOUT.VERSION.MINOR = 2 whereas a number >= 6 is expected. It comes from another PROJ installation.
2026-09-07 03:14:19,697 WARNING CPLE_AppDefined in PROJ: internal_proj_create_from_name: /opt/anaconda3/share/proj/proj.db contains DATABASE.LAYOUT.VERSION.MINOR = 2 whereas a number >= 6 is expected. It comes from another PROJ installation.
2026-09-07 03:14:19,725 WARNING CPLE_AppDefined in PROJ: internal_proj_create_from_database: /opt/anaconda3/share/proj/proj.db contains DATABASE.LAYOUT.VERSION.MINOR = 2 whereas a number >= 6 is expected. It comes from another PROJ installation.
2026-09-07 03:14:19,725 WARNING CPLE_AppDefined in PROJ: internal_proj_create_from_name: /opt/anaconda3/share/proj/proj.db contains DATABASE.LAYOUT.VERSION.MINOR = 2 whereas a number >= 6 is expected. It comes from another PROJ installation.
2026-09-07 03:14:19,754 WARNING CPLE_AppDefined in PROJ: internal_proj_create_from_database: /opt/anaconda3/share/proj/proj.db contains DATABASE.LAYOUT.VERSION.MINOR = 2 whereas a number >= 6 is expected. It comes from another PROJ installation.
2026-09-07 03:14:19,754 WARNING CPLE_AppDefined in PROJ: internal_proj_create_from_name: /opt/anaconda3/share/proj/proj.db contains DATABASE.LAYOUT.VERSION.MINOR = 2 whereas a number >= 6 is expected. It comes from another PROJ installation.
2026-09-07 03:14:19,784 WARNING CPLE_AppDefined in PROJ: internal_proj_create_from_database: /opt/anaconda3/share/proj/proj.db contains DATABASE.LAYOUT.VERSION.MINOR = 2 whereas a number >= 6 is expected. It comes from another PROJ installation.
2026-09-07 03:14:19,784 WARNING CPLE_AppDefined in PROJ: internal_proj_create_from_name: /opt/anaconda3/share/proj/proj.db contains DATABASE.LAYOUT.VERSION.MINOR = 2 whereas a number >= 6 is expected. It comes from another PROJ installation.
2026-09-07 03:14:19,813 WARNING CPLE_AppDefined in PROJ: internal_proj_create_from_database: /opt/anaconda3/share/proj/proj.db contains DATABASE.LAYOUT.VERSION.MINOR = 2 whereas a number >= 6 is expected. It comes from another PROJ installation.
2026-09-07 03:14:19,813 WARNING CPLE_AppDefined in PROJ: internal_proj_create_from_name: /opt/anaconda3/share/proj/proj.db contains DATABASE.LAYOUT.VERSION.MINOR = 2 whereas a number >= 6 is expected. It comes from another PROJ installation.
2026-09-07 03:14:19,840 WARNING CPLE_AppDefined in PROJ: internal_proj_create_from_database: /opt/anaconda3/share/proj/proj.db contains DATABASE.LAYOUT.VERSION.MINOR = 2 whereas a number >= 6 is expected. It comes from another PROJ installation.
2026-09-07 03:14:19,840 WARNING CPLE_AppDefined in PROJ: internal_proj_create_from_name: /opt/anaconda3/share/proj/proj.db contains DATABASE.LAYOUT.VERSION.MINOR = 2 whereas a number >= 6 is expected. It comes from another PROJ installation.
2026-09-07 03:14:19,868 WARNING CPLE_AppDefined in PROJ: internal_proj_create_from_database: /opt/anaconda3/share/proj/proj.db contains DATABASE.LAYOUT.VERSION.MINOR = 2 whereas a number >= 6 is expected. It comes from another PROJ installation.
2026-09-07 03:14:19,868 WARNING CPLE_AppDefined in PROJ: internal_proj_create_from_name: /opt/anaconda3/share/proj/proj.db contains DATABASE.LAYOUT.VERSION.MINOR = 2 whereas a number >= 6 is expected. It comes from another PROJ installation.
2026-09-07 03:14:19,898 WARNING CPLE_AppDefined in PROJ: internal_proj_create_from_database: /opt/anaconda3/share/proj/proj.db contains DATABASE.LAYOUT.VERSION.MINOR = 2 whereas a number >= 6 is expected. It comes from another PROJ installation.
2026-09-07 03:14:19,898 WARNING CPLE_AppDefined in PROJ: internal_proj_create_from_name: /opt/anaconda3/share/proj/proj.db contains DATABASE.LAYOUT.VERSION.MINOR = 2 whereas a number >= 6 is expected. It comes from another PROJ installation.
2026-09-07 03:14:19,927 WARNING CPLE_AppDefined in PROJ: internal_proj_create_from_database: /opt/anaconda3/share/proj/proj.db contains DATABASE.LAYOUT.VERSION.MINOR = 2 whereas a number >= 6 is expected. It comes from another PROJ installation.
2026-09-07 03:14:19,927 WARNING CPLE_AppDefined in PROJ: internal_proj_create_from_name: /opt/anaconda3/share/proj/proj.db contains DATABASE.LAYOUT.VERSION.MINOR = 2 whereas a number >= 6 is expected. It comes from another PROJ installation.
2026-09-07 03:14:19,954 WARNING CPLE_AppDefined in PROJ: internal_proj_create_from_database: /opt/anaconda3/share/proj/proj.db contains DATABASE.LAYOUT.VERSION.MINOR = 2 whereas a number >= 6 is expected. It comes from another PROJ installation.
2026-09-07 03:14:19,954 WARNING CPLE_AppDefined in PROJ: internal_proj_create_from_name: /opt/anaconda3/share/proj/proj.db contains DATABASE.LAYOUT.VERSION.MINOR = 2 whereas a number >= 6 is expected. It comes from another PROJ installation.
2026-09-07 03:14:19,985 WARNING CPLE_AppDefined in PROJ: internal_proj_create_from_database: /opt/anaconda3/share/proj/proj.db contains DATABASE.LAYOUT.VERSION.MINOR = 2 whereas a number >= 6 is expected. It comes from another PROJ installation.
2026-09-07 03:14:19,985 WARNING CPLE_AppDefined in PROJ: internal_proj_create_from_name: /opt/anaconda3/share/proj/proj.db contains DATABASE.LAYOUT.VERSION.MINOR = 2 whereas a number >= 6 is expected. It comes from another PROJ installation.
2026-09-07 03:14:20,013 WARNING CPLE_AppDefined in PROJ: internal_proj_create_from_database: /opt/anaconda3/share/proj/proj.db contains DATABASE.LAYOUT.VERSION.MINOR = 2 whereas a number >= 6 is expected. It comes from another PROJ installation.
2026-09-07 03:14:20,013 WARNING CPLE_AppDefined in PROJ: internal_proj_create_from_name: /opt/anaconda3/share/proj/proj.db contains DATABASE.LAYOUT.VERSION.MINOR = 2 whereas a number >= 6 is expected. It comes from another PROJ installation.
2026-09-07 03:14:20,041 WARNING CPLE_AppDefined in PROJ: internal_proj_create_from_database: /opt/anaconda3/share/proj/proj.db contains DATABASE.LAYOUT.VERSION.MINOR = 2 whereas a number >= 6 is expected. It comes from another PROJ installation.
2026-09-07 03:14:20,041 WARNING CPLE_AppDefined in PROJ: internal_proj_create_from_name: /opt/anaconda3/share/proj/proj.db contains DATABASE.LAYOUT.VERSION.MINOR = 2 whereas a number >= 6 is expected. It comes from another PROJ installation.
2026-09-07 03:14:20,069 WARNING CPLE_AppDefined in PROJ: internal_proj_create_from_database: /opt/anaconda3/share/proj/proj.db contains DATABASE.LAYOUT.VERSION.MINOR = 2 whereas a number >= 6 is expected. It comes from another PROJ installation.
2026-09-07 03:14:20,069 WARNING CPLE_AppDefined in PROJ: internal_proj_create_from_name: /opt/anaconda3/share/proj/proj.db contains DATABASE.LAYOUT.VERSION.MINOR = 2 whereas a number >= 6 is expected. It comes from another PROJ installation.
2026-09-07 03:14:20,097 WARNING CPLE_AppDefined in PROJ: internal_proj_create_from_database: /opt/anaconda3/share/proj/proj.db contains DATABASE.LAYOUT.VERSION.MINOR = 2 whereas a number >= 6 is expected. It comes from another PROJ installation.
2026-09-07 03:14:20,098 WARNING CPLE_AppDefined in PROJ: internal_proj_create_from_name: /opt/anaconda3/share/proj/proj.db contains DATABASE.LAYOUT.VERSION.MINOR = 2 whereas a number >= 6 is expected. It comes from another PROJ installation.
2026-09-07 03:14:20,126 WARNING CPLE_AppDefined in PROJ: internal_proj_create_from_database: /opt/anaconda3/share/proj/proj.db contains DATABASE.LAYOUT.VERSION.MINOR = 2 whereas a number >= 6 is expected. It comes from another PROJ installation.
2026-09-07 03:14:20,126 WARNING CPLE_AppDefined in PROJ: internal_proj_create_from_name: /opt/anaconda3/share/proj/proj.db contains DATABASE.LAYOUT.VERSION.MINOR = 2 whereas a number >= 6 is expected. It comes from another PROJ installation.
2026-09-07 03:14:20,154 WARNING CPLE_AppDefined in PROJ: internal_proj_create_from_database: /opt/anaconda3/share/proj/proj.db contains DATABASE.LAYOUT.VERSION.MINOR = 2 whereas a number >= 6 is expected. It comes from another PROJ installation.
2026-09-07 03:14:20,154 WARNING CPLE_AppDefined in PROJ: internal_proj_create_from_name: /opt/anaconda3/share/proj/proj.db contains DATABASE.LAYOUT.VERSION.MINOR = 2 whereas a number >= 6 is expected. It comes from another PROJ installation.
2026-09-07 03:14:20,182 WARNING CPLE_AppDefined in PROJ: internal_proj_create_from_database: /opt/anaconda3/share/proj/proj.db contains DATABASE.LAYOUT.VERSION.MINOR = 2 whereas a number >= 6 is expected. It comes from another PROJ installation.
2026-09-07 03:14:20,182 WARNING CPLE_AppDefined in PROJ: internal_proj_create_from_name: /opt/anaconda3/share/proj/proj.db contains DATABASE.LAYOUT.VERSION.MINOR = 2 whereas a number >= 6 is expected. It comes from another PROJ installation.
2026-09-07 03:14:20,210 WARNING CPLE_AppDefined in PROJ: internal_proj_create_from_database: /opt/anaconda3/share/proj/proj.db contains DATABASE.LAYOUT.VERSION.MINOR = 2 whereas a number >= 6 is expected. It comes from another PROJ installation.
2026-09-07 03:14:20,210 WARNING CPLE_AppDefined in PROJ: internal_proj_create_from_name: /opt/anaconda3/share/proj/proj.db contains DATABASE.LAYOUT.VERSION.MINOR = 2 whereas a number >= 6 is expected. It comes from another PROJ installation.
2026-09-07 03:14:20,239 WARNING CPLE_AppDefined in PROJ: internal_proj_create_from_database: /opt/anaconda3/share/proj/proj.db contains DATABASE.LAYOUT.VERSION.MINOR = 2 whereas a number >= 6 is expected. It comes from another PROJ installation.
2026-09-07 03:14:20,239 WARNING CPLE_AppDefined in PROJ: internal_proj_create_from_name: /opt/anaconda3/share/proj/proj.db contains DATABASE.LAYOUT.VERSION.MINOR = 2 whereas a number >= 6 is expected. It comes from another PROJ installation.
2026-09-07 03:14:20,270 WARNING CPLE_AppDefined in PROJ: internal_proj_create_from_database: /opt/anaconda3/share/proj/proj.db contains DATABASE.LAYOUT.VERSION.MINOR = 2 whereas a number >= 6 is expected. It comes from another PROJ installation.
2026-09-07 03:14:20,270 WARNING CPLE_AppDefined in PROJ: internal_proj_create_from_name: /opt/anaconda3/share/proj/proj.db contains DATABASE.LAYOUT.VERSION.MINOR = 2 whereas a number >= 6 is expected. It comes from another PROJ installation.
2026-09-07 03:14:20,301 WARNING CPLE_AppDefined in PROJ: internal_proj_create_from_database: /opt/anaconda3/share/proj/proj.db contains DATABASE.LAYOUT.VERSION.MINOR = 2 whereas a number >= 6 is expected. It comes from another PROJ installation.
2026-09-07 03:14:20,302 WARNING CPLE_AppDefined in PROJ: internal_proj_create_from_name: /opt/anaconda3/share/proj/proj.db contains DATABASE.LAYOUT.VERSION.MINOR = 2 whereas a number >= 6 is expected. It comes from another PROJ installation.
2026-09-07 03:14:20,330 WARNING CPLE_AppDefined in PROJ: internal_proj_create_from_database: /opt/anaconda3/share/proj/proj.db contains DATABASE.LAYOUT.VERSION.MINOR = 2 whereas a number >= 6 is expected. It comes from another PROJ installation.
2026-09-07 03:14:20,330 WARNING CPLE_AppDefined in PROJ: internal_proj_create_from_name: /opt/anaconda3/share/proj/proj.db contains DATABASE.LAYOUT.VERSION.MINOR = 2 whereas a number >= 6 is expected. It comes from another PROJ installation.
2026-09-07 03:14:20,360 WARNING CPLE_AppDefined in PROJ: internal_proj_create_from_database: /opt/anaconda3/share/proj/proj.db contains DATABASE.LAYOUT.VERSION.MINOR = 2 whereas a number >= 6 is expected. It comes from another PROJ installation.
2026-09-07 03:14:20,360 WARNING CPLE_AppDefined in PROJ: internal_proj_create_from_name: /opt/anaconda3/share/proj/proj.db contains DATABASE.LAYOUT.VERSION.MINOR = 2 whereas a number >= 6 is expected. It comes from another PROJ installation.
2026-09-07 03:14:20,388 WARNING CPLE_AppDefined in PROJ: internal_proj_create_from_database: /opt/anaconda3/share/proj/proj.db contains DATABASE.LAYOUT.VERSION.MINOR = 2 whereas a number >= 6 is expected. It comes from another PROJ installation.
2026-09-07 03:14:20,388 WARNING CPLE_AppDefined in PROJ: internal_proj_create_from_name: /opt/anaconda3/share/proj/proj.db contains DATABASE.LAYOUT.VERSION.MINOR = 2 whereas a number >= 6 is expected. It comes from another PROJ installation.
2026-09-07 03:14:20,416 WARNING CPLE_AppDefined in PROJ: internal_proj_create_from_database: /opt/anaconda3/share/proj/proj.db contains DATABASE.LAYOUT.VERSION.MINOR = 2 whereas a number >= 6 is expected. It comes from another PROJ installation.
2026-09-07 03:14:20,416 WARNING CPLE_AppDefined in PROJ: internal_proj_create_from_name: /opt/anaconda3/share/proj/proj.db contains DATABASE.LAYOUT.VERSION.MINOR = 2 whereas a number >= 6 is expected. It comes from another PROJ installation.
2026-09-07 03:14:20,445 WARNING CPLE_AppDefined in PROJ: internal_proj_create_from_database: /opt/anaconda3/share/proj/proj.db contains DATABASE.LAYOUT.VERSION.MINOR = 2 whereas a number >= 6 is expected. It comes from another PROJ installation.
2026-09-07 03:14:20,445 WARNING CPLE_AppDefined in PROJ: internal_proj_create_from_name: /opt/anaconda3/share/proj/proj.db contains DATABASE.LAYOUT.VERSION.MINOR = 2 whereas a number >= 6 is expected. It comes from another PROJ installation.
2026-09-07 03:14:20,473 WARNING CPLE_AppDefined in PROJ: internal_proj_create_from_database: /opt/anaconda3/share/proj/proj.db contains DATABASE.LAYOUT.VERSION.MINOR = 2 whereas a number >= 6 is expected. It comes from another PROJ installation.
2026-09-07 03:14:20,474 WARNING CPLE_AppDefined in PROJ: internal_proj_create_from_name: /opt/anaconda3/share/proj/proj.db contains DATABASE.LAYOUT.VERSION.MINOR = 2 whereas a number >= 6 is expected. It comes from another PROJ installation.
2026-09-07 03:14:20,503 WARNING CPLE_AppDefined in PROJ: internal_proj_create_from_database: /opt/anaconda3/share/proj/proj.db contains DATABASE.LAYOUT.VERSION.MINOR = 2 whereas a number >= 6 is expected. It comes from another PROJ installation.
2026-09-07 03:14:20,503 WARNING CPLE_AppDefined in PROJ: internal_proj_create_from_name: /opt/anaconda3/share/proj/proj.db contains DATABASE.LAYOUT.VERSION.MINOR = 2 whereas a number >= 6 is expected. It comes from another PROJ installation.
2026-09-07 03:14:20,531 WARNING CPLE_AppDefined in PROJ: internal_proj_create_from_database: /opt/anaconda3/share/proj/proj.db contains DATABASE.LAYOUT.VERSION.MINOR = 2 whereas a number >= 6 is expected. It comes from another PROJ installation.
2026-09-07 03:14:20,531 WARNING CPLE_AppDefined in PROJ: internal_proj_create_from_name: /opt/anaconda3/share/proj/proj.db contains DATABASE.LAYOUT.VERSION.MINOR = 2 whereas a number >= 6 is expected. It comes from another PROJ installation.
2026-09-07 03:14:20,561 WARNING CPLE_AppDefined in PROJ: internal_proj_create_from_database: /opt/anaconda3/share/proj/proj.db contains DATABASE.LAYOUT.VERSION.MINOR = 2 whereas a number >= 6 is expected. It comes from another PROJ installation.
2026-09-07 03:14:20,561 WARNING CPLE_AppDefined in PROJ: internal_proj_create_from_name: /opt/anaconda3/share/proj/proj.db contains DATABASE.LAYOUT.VERSION.MINOR = 2 whereas a number >= 6 is expected. It comes from another PROJ installation.
2026-09-07 03:14:20,590 WARNING CPLE_AppDefined in PROJ: internal_proj_create_from_database: /opt/anaconda3/share/proj/proj.db contains DATABASE.LAYOUT.VERSION.MINOR = 2 whereas a number >= 6 is expected. It comes from another PROJ installation.
2026-09-07 03:14:20,590 WARNING CPLE_AppDefined in PROJ: internal_proj_create_from_name: /opt/anaconda3/share/proj/proj.db contains DATABASE.LAYOUT.VERSION.MINOR = 2 whereas a number >= 6 is expected. It comes from another PROJ installation.
2026-09-07 03:14:20,621 WARNING CPLE_AppDefined in PROJ: internal_proj_create_from_database: /opt/anaconda3/share/proj/proj.db contains DATABASE.LAYOUT.VERSION.MINOR = 2 whereas a number >= 6 is expected. It comes from another PROJ installation.
2026-09-07 03:14:20,621 WARNING CPLE_AppDefined in PROJ: internal_proj_create_from_name: /opt/anaconda3/share/proj/proj.db contains DATABASE.LAYOUT.VERSION.MINOR = 2 whereas a number >= 6 is expected. It comes from another PROJ installation.
2026-09-07 03:14:20,649 WARNING CPLE_AppDefined in PROJ: internal_proj_create_from_database: /opt/anaconda3/share/proj/proj.db contains DATABASE.LAYOUT.VERSION.MINOR = 2 whereas a number >= 6 is expected. It comes from another PROJ installation.
2026-09-07 03:14:20,649 WARNING CPLE_AppDefined in PROJ: internal_proj_create_from_name: /opt/anaconda3/share/proj/proj.db contains DATABASE.LAYOUT.VERSION.MINOR = 2 whereas a number >= 6 is expected. It comes from another PROJ installation.
2026-09-07 03:14:20,677 WARNING CPLE_AppDefined in PROJ: internal_proj_create_from_database: /opt/anaconda3/share/proj/proj.db contains DATABASE.LAYOUT.VERSION.MINOR = 2 whereas a number >= 6 is expected. It comes from another PROJ installation.
2026-09-07 03:14:20,677 WARNING CPLE_AppDefined in PROJ: internal_proj_create_from_name: /opt/anaconda3/share/proj/proj.db contains DATABASE.LAYOUT.VERSION.MINOR = 2 whereas a number >= 6 is expected. It comes from another PROJ installation.
2026-09-07 03:14:20,706 WARNING CPLE_AppDefined in PROJ: internal_proj_create_from_database: /opt/anaconda3/share/proj/proj.db contains DATABASE.LAYOUT.VERSION.MINOR = 2 whereas a number >= 6 is expected. It comes from another PROJ installation.
2026-09-07 03:14:20,707 WARNING CPLE_AppDefined in PROJ: internal_proj_create_from_name: /opt/anaconda3/share/proj/proj.db contains DATABASE.LAYOUT.VERSION.MINOR = 2 whereas a number >= 6 is expected. It comes from another PROJ installation.
2026-09-07 03:14:20,737 WARNING CPLE_AppDefined in PROJ: internal_proj_create_from_database: /opt/anaconda3/share/proj/proj.db contains DATABASE.LAYOUT.VERSION.MINOR = 2 whereas a number >= 6 is expected. It comes from another PROJ installation.
2026-09-07 03:14:20,737 WARNING CPLE_AppDefined in PROJ: internal_proj_create_from_name: /opt/anaconda3/share/proj/proj.db contains DATABASE.LAYOUT.VERSION.MINOR = 2 whereas a number >= 6 is expected. It comes from another PROJ installation.
2026-09-07 03:14:20,765 WARNING CPLE_AppDefined in PROJ: internal_proj_create_from_database: /opt/anaconda3/share/proj/proj.db contains DATABASE.LAYOUT.VERSION.MINOR = 2 whereas a number >= 6 is expected. It comes from another PROJ installation.
2026-09-07 03:14:20,765 WARNING CPLE_AppDefined in PROJ: internal_proj_create_from_name: /opt/anaconda3/share/proj/proj.db contains DATABASE.LAYOUT.VERSION.MINOR = 2 whereas a number >= 6 is expected. It comes from another PROJ installation.
2026-09-07 03:14:20,796 WARNING CPLE_AppDefined in PROJ: internal_proj_create_from_database: /opt/anaconda3/share/proj/proj.db contains DATABASE.LAYOUT.VERSION.MINOR = 2 whereas a number >= 6 is expected. It comes from another PROJ installation.
2026-09-07 03:14:20,796 WARNING CPLE_AppDefined in PROJ: internal_proj_create_from_name: /opt/anaconda3/share/proj/proj.db contains DATABASE.LAYOUT.VERSION.MINOR = 2 whereas a number >= 6 is expected. It comes from another PROJ installation.
2026-09-07 03:14:20,826 WARNING CPLE_AppDefined in PROJ: internal_proj_create_from_database: /opt/anaconda3/share/proj/proj.db contains DATABASE.LAYOUT.VERSION.MINOR = 2 whereas a number >= 6 is expected. It comes from another PROJ installation.
2026-09-07 03:14:20,827 WARNING CPLE_AppDefined in PROJ: internal_proj_create_from_name: /opt/anaconda3/share/proj/proj.db contains DATABASE.LAYOUT.VERSION.MINOR = 2 whereas a number >= 6 is expected. It comes from another PROJ installation.
2026-09-07 03:14:20,855 WARNING CPLE_AppDefined in PROJ: internal_proj_create_from_database: /opt/anaconda3/share/proj/proj.db contains DATABASE.LAYOUT.VERSION.MINOR = 2 whereas a number >= 6 is expected. It comes from another PROJ installation.
2026-09-07 03:14:20,855 WARNING CPLE_AppDefined in PROJ: internal_proj_create_from_name: /opt/anaconda3/share/proj/proj.db contains DATABASE.LAYOUT.VERSION.MINOR = 2 whereas a number >= 6 is expected. It comes from another PROJ installation.
2026-09-07 03:14:20,883 WARNING CPLE_AppDefined in PROJ: internal_proj_create_from_database: /opt/anaconda3/share/proj/proj.db contains DATABASE.LAYOUT.VERSION.MINOR = 2 whereas a number >= 6 is expected. It comes from another PROJ installation.
2026-09-07 03:14:20,883 WARNING CPLE_AppDefined in PROJ: internal_proj_create_from_name: /opt/anaconda3/share/proj/proj.db contains DATABASE.LAYOUT.VERSION.MINOR = 2 whereas a number >= 6 is expected. It comes from another PROJ installation.
2026-09-07 03:14:20,910 WARNING CPLE_AppDefined in PROJ: internal_proj_create_from_database: /opt/anaconda3/share/proj/proj.db contains DATABASE.LAYOUT.VERSION.MINOR = 2 whereas a number >= 6 is expected. It comes from another PROJ installation.
2026-09-07 03:14:20,910 WARNING CPLE_AppDefined in PROJ: internal_proj_create_from_name: /opt/anaconda3/share/proj/proj.db contains DATABASE.LAYOUT.VERSION.MINOR = 2 whereas a number >= 6 is expected. It comes from another PROJ installation.
2026-09-07 03:14:20,938 WARNING CPLE_AppDefined in PROJ: internal_proj_create_from_database: /opt/anaconda3/share/proj/proj.db contains DATABASE.LAYOUT.VERSION.MINOR = 2 whereas a number >= 6 is expected. It comes from another PROJ installation.
2026-09-07 03:14:20,938 WARNING CPLE_AppDefined in PROJ: internal_proj_create_from_name: /opt/anaconda3/share/proj/proj.db contains DATABASE.LAYOUT.VERSION.MINOR = 2 whereas a number >= 6 is expected. It comes from another PROJ installation.
2026-09-07 03:14:20,966 WARNING CPLE_AppDefined in PROJ: internal_proj_create_from_database: /opt/anaconda3/share/proj/proj.db contains DATABASE.LAYOUT.VERSION.MINOR = 2 whereas a number >= 6 is expected. It comes from another PROJ installation.
2026-09-07 03:14:20,966 WARNING CPLE_AppDefined in PROJ: internal_proj_create_from_name: /opt/anaconda3/share/proj/proj.db contains DATABASE.LAYOUT.VERSION.MINOR = 2 whereas a number >= 6 is expected. It comes from another PROJ installation.
2026-09-07 03:14:20,997 WARNING CPLE_AppDefined in PROJ: internal_proj_create_from_database: /opt/anaconda3/share/proj/proj.db contains DATABASE.LAYOUT.VERSION.MINOR = 2 whereas a number >= 6 is expected. It comes from another PROJ installation.
2026-09-07 03:14:20,997 WARNING CPLE_AppDefined in PROJ: internal_proj_create_from_name: /opt/anaconda3/share/proj/proj.db contains DATABASE.LAYOUT.VERSION.MINOR = 2 whereas a number >= 6 is expected. It comes from another PROJ installation.
2026-09-07 03:14:21,028 WARNING CPLE_AppDefined in PROJ: internal_proj_create_from_database: /opt/anaconda3/share/proj/proj.db contains DATABASE.LAYOUT.VERSION.MINOR = 2 whereas a number >= 6 is expected. It comes from another PROJ installation.
2026-09-07 03:14:21,029 WARNING CPLE_AppDefined in PROJ: internal_proj_create_from_name: /opt/anaconda3/share/proj/proj.db contains DATABASE.LAYOUT.VERSION.MINOR = 2 whereas a number >= 6 is expected. It comes from another PROJ installation.
2026-09-07 03:14:21,058 WARNING CPLE_AppDefined in PROJ: internal_proj_create_from_database: /opt/anaconda3/share/proj/proj.db contains DATABASE.LAYOUT.VERSION.MINOR = 2 whereas a number >= 6 is expected. It comes from another PROJ installation.
2026-09-07 03:14:21,058 WARNING CPLE_AppDefined in PROJ: internal_proj_create_from_name: /opt/anaconda3/share/proj/proj.db contains DATABASE.LAYOUT.VERSION.MINOR = 2 whereas a number >= 6 is expected. It comes from another PROJ installation.
2026-09-07 03:14:21,086 WARNING CPLE_AppDefined in PROJ: internal_proj_create_from_database: /opt/anaconda3/share/proj/proj.db contains DATABASE.LAYOUT.VERSION.MINOR = 2 whereas a number >= 6 is expected. It comes from another PROJ installation.
2026-09-07 03:14:21,086 WARNING CPLE_AppDefined in PROJ: internal_proj_create_from_name: /opt/anaconda3/share/proj/proj.db contains DATABASE.LAYOUT.VERSION.MINOR = 2 whereas a number >= 6 is expected. It comes from another PROJ installation.
2026-09-07 03:14:21,116 WARNING CPLE_AppDefined in PROJ: internal_proj_create_from_database: /opt/anaconda3/share/proj/proj.db contains DATABASE.LAYOUT.VERSION.MINOR = 2 whereas a number >= 6 is expected. It comes from another PROJ installation.
2026-09-07 03:14:21,116 WARNING CPLE_AppDefined in PROJ: internal_proj_create_from_name: /opt/anaconda3/share/proj/proj.db contains DATABASE.LAYOUT.VERSION.MINOR = 2 whereas a number >= 6 is expected. It comes from another PROJ installation.
2026-09-07 03:14:21,147 WARNING CPLE_AppDefined in PROJ: internal_proj_create_from_database: /opt/anaconda3/share/proj/proj.db contains DATABASE.LAYOUT.VERSION.MINOR = 2 whereas a number >= 6 is expected. It comes from another PROJ installation.
2026-09-07 03:14:21,147 WARNING CPLE_AppDefined in PROJ: internal_proj_create_from_name: /opt/anaconda3/share/proj/proj.db contains DATABASE.LAYOUT.VERSION.MINOR = 2 whereas a number >= 6 is expected. It comes from another PROJ installation.
2026-09-07 03:14:21,175 WARNING CPLE_AppDefined in PROJ: internal_proj_create_from_database: /opt/anaconda3/share/proj/proj.db contains DATABASE.LAYOUT.VERSION.MINOR = 2 whereas a number >= 6 is expected. It comes from another PROJ installation.
2026-09-07 03:14:21,175 WARNING CPLE_AppDefined in PROJ: internal_proj_create_from_name: /opt/anaconda3/share/proj/proj.db contains DATABASE.LAYOUT.VERSION.MINOR = 2 whereas a number >= 6 is expected. It comes from another PROJ installation.
2026-09-07 03:14:21,203 WARNING CPLE_AppDefined in PROJ: internal_proj_create_from_database: /opt/anaconda3/share/proj/proj.db contains DATABASE.LAYOUT.VERSION.MINOR = 2 whereas a number >= 6 is expected. It comes from another PROJ installation.
2026-09-07 03:14:21,203 WARNING CPLE_AppDefined in PROJ: internal_proj_create_from_name: /opt/anaconda3/share/proj/proj.db contains DATABASE.LAYOUT.VERSION.MINOR = 2 whereas a number >= 6 is expected. It comes from another PROJ installation.
2026-09-07 03:14:21,230 WARNING CPLE_AppDefined in PROJ: internal_proj_create_from_database: /opt/anaconda3/share/proj/proj.db contains DATABASE.LAYOUT.VERSION.MINOR = 2 whereas a number >= 6 is expected. It comes from another PROJ installation.
2026-09-07 03:14:21,231 WARNING CPLE_AppDefined in PROJ: internal_proj_create_from_name: /opt/anaconda3/share/proj/proj.db contains DATABASE.LAYOUT.VERSION.MINOR = 2 whereas a number >= 6 is expected. It comes from another PROJ installation.
2026-09-07 03:14:21,260 WARNING CPLE_AppDefined in PROJ: internal_proj_create_from_database: /opt/anaconda3/share/proj/proj.db contains DATABASE.LAYOUT.VERSION.MINOR = 2 whereas a number >= 6 is expected. It comes from another PROJ installation.
2026-09-07 03:14:21,260 WARNING CPLE_AppDefined in PROJ: internal_proj_create_from_name: /opt/anaconda3/share/proj/proj.db contains DATABASE.LAYOUT.VERSION.MINOR = 2 whereas a number >= 6 is expected. It comes from another PROJ installation.
2026-09-07 03:14:21,288 WARNING CPLE_AppDefined in PROJ: internal_proj_create_from_database: /opt/anaconda3/share/proj/proj.db contains DATABASE.LAYOUT.VERSION.MINOR = 2 whereas a number >= 6 is expected. It comes from another PROJ installation.
2026-09-07 03:14:21,288 WARNING CPLE_AppDefined in PROJ: internal_proj_create_from_name: /opt/anaconda3/share/proj/proj.db contains DATABASE.LAYOUT.VERSION.MINOR = 2 whereas a number >= 6 is expected. It comes from another PROJ installation.
2026-09-07 03:14:21,317 WARNING CPLE_AppDefined in PROJ: internal_proj_create_from_database: /opt/anaconda3/share/proj/proj.db contains DATABASE.LAYOUT.VERSION.MINOR = 2 whereas a number >= 6 is expected. It comes from another PROJ installation.
2026-09-07 03:14:21,317 WARNING CPLE_AppDefined in PROJ: internal_proj_create_from_name: /opt/anaconda3/share/proj/proj.db contains DATABASE.LAYOUT.VERSION.MINOR = 2 whereas a number >= 6 is expected. It comes from another PROJ installation.
2026-09-07 03:14:21,345 WARNING CPLE_AppDefined in PROJ: internal_proj_create_from_database: /opt/anaconda3/share/proj/proj.db contains DATABASE.LAYOUT.VERSION.MINOR = 2 whereas a number >= 6 is expected. It comes from another PROJ installation.
2026-09-07 03:14:21,345 WARNING CPLE_AppDefined in PROJ: internal_proj_create_from_name: /opt/anaconda3/share/proj/proj.db contains DATABASE.LAYOUT.VERSION.MINOR = 2 whereas a number >= 6 is expected. It comes from another PROJ installation.
2026-09-07 03:14:21,372 WARNING CPLE_AppDefined in PROJ: internal_proj_create_from_database: /opt/anaconda3/share/proj/proj.db contains DATABASE.LAYOUT.VERSION.MINOR = 2 whereas a number >= 6 is expected. It comes from another PROJ installation.
2026-09-07 03:14:21,372 WARNING CPLE_AppDefined in PROJ: internal_proj_create_from_name: /opt/anaconda3/share/proj/proj.db contains DATABASE.LAYOUT.VERSION.MINOR = 2 whereas a number >= 6 is expected. It comes from another PROJ installation.
2026-09-07 03:14:21,400 WARNING CPLE_AppDefined in PROJ: internal_proj_create_from_database: /opt/anaconda3/share/proj/proj.db contains DATABASE.LAYOUT.VERSION.MINOR = 2 whereas a number >= 6 is expected. It comes from another PROJ installation.
2026-09-07 03:14:21,400 WARNING CPLE_AppDefined in PROJ: internal_proj_create_from_name: /opt/anaconda3/share/proj/proj.db contains DATABASE.LAYOUT.VERSION.MINOR = 2 whereas a number >= 6 is expected. It comes from another PROJ installation.
2026-09-07 03:14:21,431 WARNING CPLE_AppDefined in PROJ: internal_proj_create_from_database: /opt/anaconda3/share/proj/proj.db contains DATABASE.LAYOUT.VERSION.MINOR = 2 whereas a number >= 6 is expected. It comes from another PROJ installation.
2026-09-07 03:14:21,431 WARNING CPLE_AppDefined in PROJ: internal_proj_create_from_name: /opt/anaconda3/share/proj/proj.db contains DATABASE.LAYOUT.VERSION.MINOR = 2 whereas a number >= 6 is expected. It comes from another PROJ installation.
2026-09-07 03:14:21,459 WARNING CPLE_AppDefined in PROJ: internal_proj_create_from_database: /opt/anaconda3/share/proj/proj.db contains DATABASE.LAYOUT.VERSION.MINOR = 2 whereas a number >= 6 is expected. It comes from another PROJ installation.
2026-09-07 03:14:21,459 WARNING CPLE_AppDefined in PROJ: internal_proj_create_from_name: /opt/anaconda3/share/proj/proj.db contains DATABASE.LAYOUT.VERSION.MINOR = 2 whereas a number >= 6 is expected. It comes from another PROJ installation.
2026-09-07 03:14:21,487 WARNING CPLE_AppDefined in PROJ: internal_proj_create_from_database: /opt/anaconda3/share/proj/proj.db contains DATABASE.LAYOUT.VERSION.MINOR = 2 whereas a number >= 6 is expected. It comes from another PROJ installation.
2026-09-07 03:14:21,487 WARNING CPLE_AppDefined in PROJ: internal_proj_create_from_name: /opt/anaconda3/share/proj/proj.db contains DATABASE.LAYOUT.VERSION.MINOR = 2 whereas a number >= 6 is expected. It comes from another PROJ installation.
2026-09-07 03:14:21,517 WARNING CPLE_AppDefined in PROJ: internal_proj_create_from_database: /opt/anaconda3/share/proj/proj.db contains DATABASE.LAYOUT.VERSION.MINOR = 2 whereas a number >= 6 is expected. It comes from another PROJ installation.
2026-09-07 03:14:21,517 WARNING CPLE_AppDefined in PROJ: internal_proj_create_from_name: /opt/anaconda3/share/proj/proj.db contains DATABASE.LAYOUT.VERSION.MINOR = 2 whereas a number >= 6 is expected. It comes from another PROJ installation.
2026-09-07 03:14:21,546 WARNING CPLE_AppDefined in PROJ: internal_proj_create_from_database: /opt/anaconda3/share/proj/proj.db contains DATABASE.LAYOUT.VERSION.MINOR = 2 whereas a number >= 6 is expected. It comes from another PROJ installation.
2026-09-07 03:14:21,546 WARNING CPLE_AppDefined in PROJ: internal_proj_create_from_name: /opt/anaconda3/share/proj/proj.db contains DATABASE.LAYOUT.VERSION.MINOR = 2 whereas a number >= 6 is expected. It comes from another PROJ installation.
2026-09-07 03:14:21,573 WARNING CPLE_AppDefined in PROJ: internal_proj_create_from_database: /opt/anaconda3/share/proj/proj.db contains DATABASE.LAYOUT.VERSION.MINOR = 2 whereas a number >= 6 is expected. It comes from another PROJ installation.
2026-09-07 03:14:21,573 WARNING CPLE_AppDefined in PROJ: internal_proj_create_from_name: /opt/anaconda3/share/proj/proj.db contains DATABASE.LAYOUT.VERSION.MINOR = 2 whereas a number >= 6 is expected. It comes from another PROJ installation.
2026-09-07 03:14:21,601 WARNING CPLE_AppDefined in PROJ: internal_proj_create_from_database: /opt/anaconda3/share/proj/proj.db contains DATABASE.LAYOUT.VERSION.MINOR = 2 whereas a number >= 6 is expected. It comes from another PROJ installation.
2026-09-07 03:14:21,602 WARNING CPLE_AppDefined in PROJ: internal_proj_create_from_name: /opt/anaconda3/share/proj/proj.db contains DATABASE.LAYOUT.VERSION.MINOR = 2 whereas a number >= 6 is expected. It comes from another PROJ installation.
2026-09-07 03:14:21,632 WARNING CPLE_AppDefined in PROJ: internal_proj_create_from_database: /opt/anaconda3/share/proj/proj.db contains DATABASE.LAYOUT.VERSION.MINOR = 2 whereas a number >= 6 is expected. It comes from another PROJ installation.
2026-09-07 03:14:21,632 WARNING CPLE_AppDefined in PROJ: internal_proj_create_from_name: /opt/anaconda3/share/proj/proj.db contains DATABASE.LAYOUT.VERSION.MINOR = 2 whereas a number >= 6 is expected. It comes from another PROJ installation.
2026-09-07 03:14:21,663 WARNING CPLE_AppDefined in PROJ: internal_proj_create_from_database: /opt/anaconda3/share/proj/proj.db contains DATABASE.LAYOUT.VERSION.MINOR = 2 whereas a number >= 6 is expected. It comes from another PROJ installation.
2026-09-07 03:14:21,663 WARNING CPLE_AppDefined in PROJ: internal_proj_create_from_name: /opt/anaconda3/share/proj/proj.db contains DATABASE.LAYOUT.VERSION.MINOR = 2 whereas a number >= 6 is expected. It comes from another PROJ installation.
2026-09-07 03:14:21,691 WARNING CPLE_AppDefined in PROJ: internal_proj_create_from_database: /opt/anaconda3/share/proj/proj.db contains DATABASE.LAYOUT.VERSION.MINOR = 2 whereas a number >= 6 is expected. It comes from another PROJ installation.
2026-09-07 03:14:21,691 WARNING CPLE_AppDefined in PROJ: internal_proj_create_from_name: /opt/anaconda3/share/proj/proj.db contains DATABASE.LAYOUT.VERSION.MINOR = 2 whereas a number >= 6 is expected. It comes from another PROJ installation.
2026-09-07 03:14:21,701 INFO Saved /Users/helloworld/Desktop/SIH/SIH2026/data/regions/uttar_pradesh/satellite/chirps_uttar_pradesh_2013.nc (0.4 MB)
2026-09-07 03:23:52,260 INFO Saved /Users/helloworld/Desktop/SIH/SIH2026/data/regions/uttar_pradesh/nwp/era5_uttar_pradesh_2013.nc
2026-09-07 03:49:19,552 INFO Saved /Users/helloworld/Desktop/SIH/SIH2026/data/regions/uttar_pradesh/radar/merra2_uttar_pradesh_2013.nc
2026-09-07 03:49:19,761 INFO Building CHIRPS NetCDF for 2014 (122 days)...
2026-09-07 03:49:19,811 WARNING CPLE_AppDefined in PROJ: internal_proj_create_from_database: /opt/anaconda3/share/proj/proj.db contains DATABASE.LAYOUT.VERSION.MINOR = 2 whereas a number >= 6 is expected. It comes from another PROJ installation.
2026-09-07 03:49:19,811 WARNING CPLE_AppDefined in PROJ: internal_proj_create_from_name: /opt/anaconda3/share/proj/proj.db contains DATABASE.LAYOUT.VERSION.MINOR = 2 whereas a number >= 6 is expected. It comes from another PROJ installation.
2026-09-07 03:49:19,847 WARNING CPLE_AppDefined in PROJ: internal_proj_create_from_database: /opt/anaconda3/share/proj/proj.db contains DATABASE.LAYOUT.VERSION.MINOR = 2 whereas a number >= 6 is expected. It comes from another PROJ installation.
2026-09-07 03:49:19,847 WARNING CPLE_AppDefined in PROJ: internal_proj_create_from_name: /opt/anaconda3/share/proj/proj.db contains DATABASE.LAYOUT.VERSION.MINOR = 2 whereas a number >= 6 is expected. It comes from another PROJ installation.
2026-09-07 03:49:19,877 WARNING CPLE_AppDefined in PROJ: internal_proj_create_from_database: /opt/anaconda3/share/proj/proj.db contains DATABASE.LAYOUT.VERSION.MINOR = 2 whereas a number >= 6 is expected. It comes from another PROJ installation.
2026-09-07 03:49:19,877 WARNING CPLE_AppDefined in PROJ: internal_proj_create_from_name: /opt/anaconda3/share/proj/proj.db contains DATABASE.LAYOUT.VERSION.MINOR = 2 whereas a number >= 6 is expected. It comes from another PROJ installation.
2026-09-07 03:49:19,908 WARNING CPLE_AppDefined in PROJ: internal_proj_create_from_database: /opt/anaconda3/share/proj/proj.db contains DATABASE.LAYOUT.VERSION.MINOR = 2 whereas a number >= 6 is expected. It comes from another PROJ installation.
2026-09-07 03:49:19,908 WARNING CPLE_AppDefined in PROJ: internal_proj_create_from_name: /opt/anaconda3/share/proj/proj.db contains DATABASE.LAYOUT.VERSION.MINOR = 2 whereas a number >= 6 is expected. It comes from another PROJ installation.
2026-09-07 03:49:19,938 WARNING CPLE_AppDefined in PROJ: internal_proj_create_from_database: /opt/anaconda3/share/proj/proj.db contains DATABASE.LAYOUT.VERSION.MINOR = 2 whereas a number >= 6 is expected. It comes from another PROJ installation.
2026-09-07 03:49:19,938 WARNING CPLE_AppDefined in PROJ: internal_proj_create_from_name: /opt/anaconda3/share/proj/proj.db contains DATABASE.LAYOUT.VERSION.MINOR = 2 whereas a number >= 6 is expected. It comes from another PROJ installation.
2026-09-07 03:49:19,968 WARNING CPLE_AppDefined in PROJ: internal_proj_create_from_database: /opt/anaconda3/share/proj/proj.db contains DATABASE.LAYOUT.VERSION.MINOR = 2 whereas a number >= 6 is expected. It comes from another PROJ installation.
2026-09-07 03:49:19,968 WARNING CPLE_AppDefined in PROJ: internal_proj_create_from_name: /opt/anaconda3/share/proj/proj.db contains DATABASE.LAYOUT.VERSION.MINOR = 2 whereas a number >= 6 is expected. It comes from another PROJ installation.
2026-09-07 03:49:19,999 WARNING CPLE_AppDefined in PROJ: internal_proj_create_from_database: /opt/anaconda3/share/proj/proj.db contains DATABASE.LAYOUT.VERSION.MINOR = 2 whereas a number >= 6 is expected. It comes from another PROJ installation.
2026-09-07 03:49:19,999 WARNING CPLE_AppDefined in PROJ: internal_proj_create_from_name: /opt/anaconda3/share/proj/proj.db contains DATABASE.LAYOUT.VERSION.MINOR = 2 whereas a number >= 6 is expected. It comes from another PROJ installation.
2026-09-07 03:49:20,028 WARNING CPLE_AppDefined in PROJ: internal_proj_create_from_database: /opt/anaconda3/share/proj/proj.db contains DATABASE.LAYOUT.VERSION.MINOR = 2 whereas a number >= 6 is expected. It comes from another PROJ installation.
2026-09-07 03:49:20,028 WARNING CPLE_AppDefined in PROJ: internal_proj_create_from_name: /opt/anaconda3/share/proj/proj.db contains DATABASE.LAYOUT.VERSION.MINOR = 2 whereas a number >= 6 is expected. It comes from another PROJ installation.
2026-09-07 03:49:20,057 WARNING CPLE_AppDefined in PROJ: internal_proj_create_from_database: /opt/anaconda3/share/proj/proj.db contains DATABASE.LAYOUT.VERSION.MINOR = 2 whereas a number >= 6 is expected. It comes from another PROJ installation.
2026-09-07 03:49:20,058 WARNING CPLE_AppDefined in PROJ: internal_proj_create_from_name: /opt/anaconda3/share/proj/proj.db contains DATABASE.LAYOUT.VERSION.MINOR = 2 whereas a number >= 6 is expected. It comes from another PROJ installation.
2026-09-07 03:49:20,088 WARNING CPLE_AppDefined in PROJ: internal_proj_create_from_database: /opt/anaconda3/share/proj/proj.db contains DATABASE.LAYOUT.VERSION.MINOR = 2 whereas a number >= 6 is expected. It comes from another PROJ installation.
2026-09-07 03:49:20,088 WARNING CPLE_AppDefined in PROJ: internal_proj_create_from_name: /opt/anaconda3/share/proj/proj.db contains DATABASE.LAYOUT.VERSION.MINOR = 2 whereas a number >= 6 is expected. It comes from another PROJ installation.
2026-09-07 03:49:20,121 WARNING CPLE_AppDefined in PROJ: internal_proj_create_from_database: /opt/anaconda3/share/proj/proj.db contains DATABASE.LAYOUT.VERSION.MINOR = 2 whereas a number >= 6 is expected. It comes from another PROJ installation.
2026-09-07 03:49:20,121 WARNING CPLE_AppDefined in PROJ: internal_proj_create_from_name: /opt/anaconda3/share/proj/proj.db contains DATABASE.LAYOUT.VERSION.MINOR = 2 whereas a number >= 6 is expected. It comes from another PROJ installation.
2026-09-07 03:49:20,153 WARNING CPLE_AppDefined in PROJ: internal_proj_create_from_database: /opt/anaconda3/share/proj/proj.db contains DATABASE.LAYOUT.VERSION.MINOR = 2 whereas a number >= 6 is expected. It comes from another PROJ installation.
2026-09-07 03:49:20,153 WARNING CPLE_AppDefined in PROJ: internal_proj_create_from_name: /opt/anaconda3/share/proj/proj.db contains DATABASE.LAYOUT.VERSION.MINOR = 2 whereas a number >= 6 is expected. It comes from another PROJ installation.
2026-09-07 03:49:20,186 WARNING CPLE_AppDefined in PROJ: internal_proj_create_from_database: /opt/anaconda3/share/proj/proj.db contains DATABASE.LAYOUT.VERSION.MINOR = 2 whereas a number >= 6 is expected. It comes from another PROJ installation.
2026-09-07 03:49:20,187 WARNING CPLE_AppDefined in PROJ: internal_proj_create_from_name: /opt/anaconda3/share/proj/proj.db contains DATABASE.LAYOUT.VERSION.MINOR = 2 whereas a number >= 6 is expected. It comes from another PROJ installation.
2026-09-07 03:49:20,218 WARNING CPLE_AppDefined in PROJ: internal_proj_create_from_database: /opt/anaconda3/share/proj/proj.db contains DATABASE.LAYOUT.VERSION.MINOR = 2 whereas a number >= 6 is expected. It comes from another PROJ installation.
2026-09-07 03:49:20,218 WARNING CPLE_AppDefined in PROJ: internal_proj_create_from_name: /opt/anaconda3/share/proj/proj.db contains DATABASE.LAYOUT.VERSION.MINOR = 2 whereas a number >= 6 is expected. It comes from another PROJ installation.
2026-09-07 03:49:20,247 WARNING CPLE_AppDefined in PROJ: internal_proj_create_from_database: /opt/anaconda3/share/proj/proj.db contains DATABASE.LAYOUT.VERSION.MINOR = 2 whereas a number >= 6 is expected. It comes from another PROJ installation.
2026-09-07 03:49:20,247 WARNING CPLE_AppDefined in PROJ: internal_proj_create_from_name: /opt/anaconda3/share/proj/proj.db contains DATABASE.LAYOUT.VERSION.MINOR = 2 whereas a number >= 6 is expected. It comes from another PROJ installation.
2026-09-07 03:49:20,277 WARNING CPLE_AppDefined in PROJ: internal_proj_create_from_database: /opt/anaconda3/share/proj/proj.db contains DATABASE.LAYOUT.VERSION.MINOR = 2 whereas a number >= 6 is expected. It comes from another PROJ installation.
2026-09-07 03:49:20,277 WARNING CPLE_AppDefined in PROJ: internal_proj_create_from_name: /opt/anaconda3/share/proj/proj.db contains DATABASE.LAYOUT.VERSION.MINOR = 2 whereas a number >= 6 is expected. It comes from another PROJ installation.
2026-09-07 03:49:20,307 WARNING CPLE_AppDefined in PROJ: internal_proj_create_from_database: /opt/anaconda3/share/proj/proj.db contains DATABASE.LAYOUT.VERSION.MINOR = 2 whereas a number >= 6 is expected. It comes from another PROJ installation.
2026-09-07 03:49:20,307 WARNING CPLE_AppDefined in PROJ: internal_proj_create_from_name: /opt/anaconda3/share/proj/proj.db contains DATABASE.LAYOUT.VERSION.MINOR = 2 whereas a number >= 6 is expected. It comes from another PROJ installation.
2026-09-07 03:49:20,338 WARNING CPLE_AppDefined in PROJ: internal_proj_create_from_database: /opt/anaconda3/share/proj/proj.db contains DATABASE.LAYOUT.VERSION.MINOR = 2 whereas a number >= 6 is expected. It comes from another PROJ installation.
2026-09-07 03:49:20,338 WARNING CPLE_AppDefined in PROJ: internal_proj_create_from_name: /opt/anaconda3/share/proj/proj.db contains DATABASE.LAYOUT.VERSION.MINOR = 2 whereas a number >= 6 is expected. It comes from another PROJ installation.
2026-09-07 03:49:20,369 WARNING CPLE_AppDefined in PROJ: internal_proj_create_from_database: /opt/anaconda3/share/proj/proj.db contains DATABASE.LAYOUT.VERSION.MINOR = 2 whereas a number >= 6 is expected. It comes from another PROJ installation.
2026-09-07 03:49:20,369 WARNING CPLE_AppDefined in PROJ: internal_proj_create_from_name: /opt/anaconda3/share/proj/proj.db contains DATABASE.LAYOUT.VERSION.MINOR = 2 whereas a number >= 6 is expected. It comes from another PROJ installation.
2026-09-07 03:49:20,399 WARNING CPLE_AppDefined in PROJ: internal_proj_create_from_database: /opt/anaconda3/share/proj/proj.db contains DATABASE.LAYOUT.VERSION.MINOR = 2 whereas a number >= 6 is expected. It comes from another PROJ installation.
2026-09-07 03:49:20,399 WARNING CPLE_AppDefined in PROJ: internal_proj_create_from_name: /opt/anaconda3/share/proj/proj.db contains DATABASE.LAYOUT.VERSION.MINOR = 2 whereas a number >= 6 is expected. It comes from another PROJ installation.
2026-09-07 03:49:20,431 WARNING CPLE_AppDefined in PROJ: internal_proj_create_from_database: /opt/anaconda3/share/proj/proj.db contains DATABASE.LAYOUT.VERSION.MINOR = 2 whereas a number >= 6 is expected. It comes from another PROJ installation.
2026-09-07 03:49:20,431 WARNING CPLE_AppDefined in PROJ: internal_proj_create_from_name: /opt/anaconda3/share/proj/proj.db contains DATABASE.LAYOUT.VERSION.MINOR = 2 whereas a number >= 6 is expected. It comes from another PROJ installation.
2026-09-07 03:49:20,461 WARNING CPLE_AppDefined in PROJ: internal_proj_create_from_database: /opt/anaconda3/share/proj/proj.db contains DATABASE.LAYOUT.VERSION.MINOR = 2 whereas a number >= 6 is expected. It comes from another PROJ installation.
2026-09-07 03:49:20,461 WARNING CPLE_AppDefined in PROJ: internal_proj_create_from_name: /opt/anaconda3/share/proj/proj.db contains DATABASE.LAYOUT.VERSION.MINOR = 2 whereas a number >= 6 is expected. It comes from another PROJ installation.
2026-09-07 03:49:20,493 WARNING CPLE_AppDefined in PROJ: internal_proj_create_from_database: /opt/anaconda3/share/proj/proj.db contains DATABASE.LAYOUT.VERSION.MINOR = 2 whereas a number >= 6 is expected. It comes from another PROJ installation.
2026-09-07 03:49:20,493 WARNING CPLE_AppDefined in PROJ: internal_proj_create_from_name: /opt/anaconda3/share/proj/proj.db contains DATABASE.LAYOUT.VERSION.MINOR = 2 whereas a number >= 6 is expected. It comes from another PROJ installation.
2026-09-07 03:49:20,523 WARNING CPLE_AppDefined in PROJ: internal_proj_create_from_database: /opt/anaconda3/share/proj/proj.db contains DATABASE.LAYOUT.VERSION.MINOR = 2 whereas a number >= 6 is expected. It comes from another PROJ installation.
2026-09-07 03:49:20,523 WARNING CPLE_AppDefined in PROJ: internal_proj_create_from_name: /opt/anaconda3/share/proj/proj.db contains DATABASE.LAYOUT.VERSION.MINOR = 2 whereas a number >= 6 is expected. It comes from another PROJ installation.
2026-09-07 03:49:20,553 WARNING CPLE_AppDefined in PROJ: internal_proj_create_from_database: /opt/anaconda3/share/proj/proj.db contains DATABASE.LAYOUT.VERSION.MINOR = 2 whereas a number >= 6 is expected. It comes from another PROJ installation.
2026-09-07 03:49:20,553 WARNING CPLE_AppDefined in PROJ: internal_proj_create_from_name: /opt/anaconda3/share/proj/proj.db contains DATABASE.LAYOUT.VERSION.MINOR = 2 whereas a number >= 6 is expected. It comes from another PROJ installation.
2026-09-07 03:49:20,585 WARNING CPLE_AppDefined in PROJ: internal_proj_create_from_database: /opt/anaconda3/share/proj/proj.db contains DATABASE.LAYOUT.VERSION.MINOR = 2 whereas a number >= 6 is expected. It comes from another PROJ installation.
2026-09-07 03:49:20,585 WARNING CPLE_AppDefined in PROJ: internal_proj_create_from_name: /opt/anaconda3/share/proj/proj.db contains DATABASE.LAYOUT.VERSION.MINOR = 2 whereas a number >= 6 is expected. It comes from another PROJ installation.
2026-09-07 03:49:20,619 WARNING CPLE_AppDefined in PROJ: internal_proj_create_from_database: /opt/anaconda3/share/proj/proj.db contains DATABASE.LAYOUT.VERSION.MINOR = 2 whereas a number >= 6 is expected. It comes from another PROJ installation.
2026-09-07 03:49:20,619 WARNING CPLE_AppDefined in PROJ: internal_proj_create_from_name: /opt/anaconda3/share/proj/proj.db contains DATABASE.LAYOUT.VERSION.MINOR = 2 whereas a number >= 6 is expected. It comes from another PROJ installation.
2026-09-07 03:49:20,650 WARNING CPLE_AppDefined in PROJ: internal_proj_create_from_database: /opt/anaconda3/share/proj/proj.db contains DATABASE.LAYOUT.VERSION.MINOR = 2 whereas a number >= 6 is expected. It comes from another PROJ installation.
2026-09-07 03:49:20,650 WARNING CPLE_AppDefined in PROJ: internal_proj_create_from_name: /opt/anaconda3/share/proj/proj.db contains DATABASE.LAYOUT.VERSION.MINOR = 2 whereas a number >= 6 is expected. It comes from another PROJ installation.
2026-09-07 03:49:20,683 WARNING CPLE_AppDefined in PROJ: internal_proj_create_from_database: /opt/anaconda3/share/proj/proj.db contains DATABASE.LAYOUT.VERSION.MINOR = 2 whereas a number >= 6 is expected. It comes from another PROJ installation.
2026-09-07 03:49:20,683 WARNING CPLE_AppDefined in PROJ: internal_proj_create_from_name: /opt/anaconda3/share/proj/proj.db contains DATABASE.LAYOUT.VERSION.MINOR = 2 whereas a number >= 6 is expected. It comes from another PROJ installation.
2026-09-07 03:49:20,714 WARNING CPLE_AppDefined in PROJ: internal_proj_create_from_database: /opt/anaconda3/share/proj/proj.db contains DATABASE.LAYOUT.VERSION.MINOR = 2 whereas a number >= 6 is expected. It comes from another PROJ installation.
2026-09-07 03:49:20,714 WARNING CPLE_AppDefined in PROJ: internal_proj_create_from_name: /opt/anaconda3/share/proj/proj.db contains DATABASE.LAYOUT.VERSION.MINOR = 2 whereas a number >= 6 is expected. It comes from another PROJ installation.
2026-09-07 03:49:20,744 WARNING CPLE_AppDefined in PROJ: internal_proj_create_from_database: /opt/anaconda3/share/proj/proj.db contains DATABASE.LAYOUT.VERSION.MINOR = 2 whereas a number >= 6 is expected. It comes from another PROJ installation.
2026-09-07 03:49:20,744 WARNING CPLE_AppDefined in PROJ: internal_proj_create_from_name: /opt/anaconda3/share/proj/proj.db contains DATABASE.LAYOUT.VERSION.MINOR = 2 whereas a number >= 6 is expected. It comes from another PROJ installation.
2026-09-07 03:49:20,776 WARNING CPLE_AppDefined in PROJ: internal_proj_create_from_database: /opt/anaconda3/share/proj/proj.db contains DATABASE.LAYOUT.VERSION.MINOR = 2 whereas a number >= 6 is expected. It comes from another PROJ installation.
2026-09-07 03:49:20,776 WARNING CPLE_AppDefined in PROJ: internal_proj_create_from_name: /opt/anaconda3/share/proj/proj.db contains DATABASE.LAYOUT.VERSION.MINOR = 2 whereas a number >= 6 is expected. It comes from another PROJ installation.
2026-09-07 03:49:20,806 WARNING CPLE_AppDefined in PROJ: internal_proj_create_from_database: /opt/anaconda3/share/proj/proj.db contains DATABASE.LAYOUT.VERSION.MINOR = 2 whereas a number >= 6 is expected. It comes from another PROJ installation.
2026-09-07 03:49:20,806 WARNING CPLE_AppDefined in PROJ: internal_proj_create_from_name: /opt/anaconda3/share/proj/proj.db contains DATABASE.LAYOUT.VERSION.MINOR = 2 whereas a number >= 6 is expected. It comes from another PROJ installation.
2026-09-07 03:49:20,837 WARNING CPLE_AppDefined in PROJ: internal_proj_create_from_database: /opt/anaconda3/share/proj/proj.db contains DATABASE.LAYOUT.VERSION.MINOR = 2 whereas a number >= 6 is expected. It comes from another PROJ installation.
2026-09-07 03:49:20,837 WARNING CPLE_AppDefined in PROJ: internal_proj_create_from_name: /opt/anaconda3/share/proj/proj.db contains DATABASE.LAYOUT.VERSION.MINOR = 2 whereas a number >= 6 is expected. It comes from another PROJ installation.
2026-09-07 03:49:20,870 WARNING CPLE_AppDefined in PROJ: internal_proj_create_from_database: /opt/anaconda3/share/proj/proj.db contains DATABASE.LAYOUT.VERSION.MINOR = 2 whereas a number >= 6 is expected. It comes from another PROJ installation.
2026-09-07 03:49:20,870 WARNING CPLE_AppDefined in PROJ: internal_proj_create_from_name: /opt/anaconda3/share/proj/proj.db contains DATABASE.LAYOUT.VERSION.MINOR = 2 whereas a number >= 6 is expected. It comes from another PROJ installation.
2026-09-07 03:49:20,902 WARNING CPLE_AppDefined in PROJ: internal_proj_create_from_database: /opt/anaconda3/share/proj/proj.db contains DATABASE.LAYOUT.VERSION.MINOR = 2 whereas a number >= 6 is expected. It comes from another PROJ installation.
2026-09-07 03:49:20,902 WARNING CPLE_AppDefined in PROJ: internal_proj_create_from_name: /opt/anaconda3/share/proj/proj.db contains DATABASE.LAYOUT.VERSION.MINOR = 2 whereas a number >= 6 is expected. It comes from another PROJ installation.
2026-09-07 03:49:20,932 WARNING CPLE_AppDefined in PROJ: internal_proj_create_from_database: /opt/anaconda3/share/proj/proj.db contains DATABASE.LAYOUT.VERSION.MINOR = 2 whereas a number >= 6 is expected. It comes from another PROJ installation.
2026-09-07 03:49:20,932 WARNING CPLE_AppDefined in PROJ: internal_proj_create_from_name: /opt/anaconda3/share/proj/proj.db contains DATABASE.LAYOUT.VERSION.MINOR = 2 whereas a number >= 6 is expected. It comes from another PROJ installation.
2026-09-07 03:49:20,964 WARNING CPLE_AppDefined in PROJ: internal_proj_create_from_database: /opt/anaconda3/share/proj/proj.db contains DATABASE.LAYOUT.VERSION.MINOR = 2 whereas a number >= 6 is expected. It comes from another PROJ installation.
2026-09-07 03:49:20,964 WARNING CPLE_AppDefined in PROJ: internal_proj_create_from_name: /opt/anaconda3/share/proj/proj.db contains DATABASE.LAYOUT.VERSION.MINOR = 2 whereas a number >= 6 is expected. It comes from another PROJ installation.
2026-09-07 03:49:20,993 WARNING CPLE_AppDefined in PROJ: internal_proj_create_from_database: /opt/anaconda3/share/proj/proj.db contains DATABASE.LAYOUT.VERSION.MINOR = 2 whereas a number >= 6 is expected. It comes from another PROJ installation.
2026-09-07 03:49:20,994 WARNING CPLE_AppDefined in PROJ: internal_proj_create_from_name: /opt/anaconda3/share/proj/proj.db contains DATABASE.LAYOUT.VERSION.MINOR = 2 whereas a number >= 6 is expected. It comes from another PROJ installation.
2026-09-07 03:49:21,023 WARNING CPLE_AppDefined in PROJ: internal_proj_create_from_database: /opt/anaconda3/share/proj/proj.db contains DATABASE.LAYOUT.VERSION.MINOR = 2 whereas a number >= 6 is expected. It comes from another PROJ installation.
2026-09-07 03:49:21,023 WARNING CPLE_AppDefined in PROJ: internal_proj_create_from_name: /opt/anaconda3/share/proj/proj.db contains DATABASE.LAYOUT.VERSION.MINOR = 2 whereas a number >= 6 is expected. It comes from another PROJ installation.
2026-09-07 03:49:21,055 WARNING CPLE_AppDefined in PROJ: internal_proj_create_from_database: /opt/anaconda3/share/proj/proj.db contains DATABASE.LAYOUT.VERSION.MINOR = 2 whereas a number >= 6 is expected. It comes from another PROJ installation.
2026-09-07 03:49:21,056 WARNING CPLE_AppDefined in PROJ: internal_proj_create_from_name: /opt/anaconda3/share/proj/proj.db contains DATABASE.LAYOUT.VERSION.MINOR = 2 whereas a number >= 6 is expected. It comes from another PROJ installation.
2026-09-07 03:49:21,088 WARNING CPLE_AppDefined in PROJ: internal_proj_create_from_database: /opt/anaconda3/share/proj/proj.db contains DATABASE.LAYOUT.VERSION.MINOR = 2 whereas a number >= 6 is expected. It comes from another PROJ installation.
2026-09-07 03:49:21,088 WARNING CPLE_AppDefined in PROJ: internal_proj_create_from_name: /opt/anaconda3/share/proj/proj.db contains DATABASE.LAYOUT.VERSION.MINOR = 2 whereas a number >= 6 is expected. It comes from another PROJ installation.
2026-09-07 03:49:21,120 WARNING CPLE_AppDefined in PROJ: internal_proj_create_from_database: /opt/anaconda3/share/proj/proj.db contains DATABASE.LAYOUT.VERSION.MINOR = 2 whereas a number >= 6 is expected. It comes from another PROJ installation.
2026-09-07 03:49:21,120 WARNING CPLE_AppDefined in PROJ: internal_proj_create_from_name: /opt/anaconda3/share/proj/proj.db contains DATABASE.LAYOUT.VERSION.MINOR = 2 whereas a number >= 6 is expected. It comes from another PROJ installation.
2026-09-07 03:49:21,149 WARNING CPLE_AppDefined in PROJ: internal_proj_create_from_database: /opt/anaconda3/share/proj/proj.db contains DATABASE.LAYOUT.VERSION.MINOR = 2 whereas a number >= 6 is expected. It comes from another PROJ installation.
2026-09-07 03:49:21,149 WARNING CPLE_AppDefined in PROJ: internal_proj_create_from_name: /opt/anaconda3/share/proj/proj.db contains DATABASE.LAYOUT.VERSION.MINOR = 2 whereas a number >= 6 is expected. It comes from another PROJ installation.
2026-09-07 03:49:21,181 WARNING CPLE_AppDefined in PROJ: internal_proj_create_from_database: /opt/anaconda3/share/proj/proj.db contains DATABASE.LAYOUT.VERSION.MINOR = 2 whereas a number >= 6 is expected. It comes from another PROJ installation.
2026-09-07 03:49:21,182 WARNING CPLE_AppDefined in PROJ: internal_proj_create_from_name: /opt/anaconda3/share/proj/proj.db contains DATABASE.LAYOUT.VERSION.MINOR = 2 whereas a number >= 6 is expected. It comes from another PROJ installation.
2026-09-07 03:49:21,213 WARNING CPLE_AppDefined in PROJ: internal_proj_create_from_database: /opt/anaconda3/share/proj/proj.db contains DATABASE.LAYOUT.VERSION.MINOR = 2 whereas a number >= 6 is expected. It comes from another PROJ installation.
2026-09-07 03:49:21,213 WARNING CPLE_AppDefined in PROJ: internal_proj_create_from_name: /opt/anaconda3/share/proj/proj.db contains DATABASE.LAYOUT.VERSION.MINOR = 2 whereas a number >= 6 is expected. It comes from another PROJ installation.
2026-09-07 03:49:21,243 WARNING CPLE_AppDefined in PROJ: internal_proj_create_from_database: /opt/anaconda3/share/proj/proj.db contains DATABASE.LAYOUT.VERSION.MINOR = 2 whereas a number >= 6 is expected. It comes from another PROJ installation.
2026-09-07 03:49:21,243 WARNING CPLE_AppDefined in PROJ: internal_proj_create_from_name: /opt/anaconda3/share/proj/proj.db contains DATABASE.LAYOUT.VERSION.MINOR = 2 whereas a number >= 6 is expected. It comes from another PROJ installation.
2026-09-07 03:49:21,273 WARNING CPLE_AppDefined in PROJ: internal_proj_create_from_database: /opt/anaconda3/share/proj/proj.db contains DATABASE.LAYOUT.VERSION.MINOR = 2 whereas a number >= 6 is expected. It comes from another PROJ installation.
2026-09-07 03:49:21,273 WARNING CPLE_AppDefined in PROJ: internal_proj_create_from_name: /opt/anaconda3/share/proj/proj.db contains DATABASE.LAYOUT.VERSION.MINOR = 2 whereas a number >= 6 is expected. It comes from another PROJ installation.
2026-09-07 03:49:21,302 WARNING CPLE_AppDefined in PROJ: internal_proj_create_from_database: /opt/anaconda3/share/proj/proj.db contains DATABASE.LAYOUT.VERSION.MINOR = 2 whereas a number >= 6 is expected. It comes from another PROJ installation.
2026-09-07 03:49:21,302 WARNING CPLE_AppDefined in PROJ: internal_proj_create_from_name: /opt/anaconda3/share/proj/proj.db contains DATABASE.LAYOUT.VERSION.MINOR = 2 whereas a number >= 6 is expected. It comes from another PROJ installation.
2026-09-07 03:49:21,334 WARNING CPLE_AppDefined in PROJ: internal_proj_create_from_database: /opt/anaconda3/share/proj/proj.db contains DATABASE.LAYOUT.VERSION.MINOR = 2 whereas a number >= 6 is expected. It comes from another PROJ installation.
2026-09-07 03:49:21,334 WARNING CPLE_AppDefined in PROJ: internal_proj_create_from_name: /opt/anaconda3/share/proj/proj.db contains DATABASE.LAYOUT.VERSION.MINOR = 2 whereas a number >= 6 is expected. It comes from another PROJ installation.
2026-09-07 03:49:21,367 WARNING CPLE_AppDefined in PROJ: internal_proj_create_from_database: /opt/anaconda3/share/proj/proj.db contains DATABASE.LAYOUT.VERSION.MINOR = 2 whereas a number >= 6 is expected. It comes from another PROJ installation.
2026-09-07 03:49:21,367 WARNING CPLE_AppDefined in PROJ: internal_proj_create_from_name: /opt/anaconda3/share/proj/proj.db contains DATABASE.LAYOUT.VERSION.MINOR = 2 whereas a number >= 6 is expected. It comes from another PROJ installation.
2026-09-07 03:49:21,399 WARNING CPLE_AppDefined in PROJ: internal_proj_create_from_database: /opt/anaconda3/share/proj/proj.db contains DATABASE.LAYOUT.VERSION.MINOR = 2 whereas a number >= 6 is expected. It comes from another PROJ installation.
2026-09-07 03:49:21,399 WARNING CPLE_AppDefined in PROJ: internal_proj_create_from_name: /opt/anaconda3/share/proj/proj.db contains DATABASE.LAYOUT.VERSION.MINOR = 2 whereas a number >= 6 is expected. It comes from another PROJ installation.
2026-09-07 03:49:21,429 WARNING CPLE_AppDefined in PROJ: internal_proj_create_from_database: /opt/anaconda3/share/proj/proj.db contains DATABASE.LAYOUT.VERSION.MINOR = 2 whereas a number >= 6 is expected. It comes from another PROJ installation.
2026-09-07 03:49:21,429 WARNING CPLE_AppDefined in PROJ: internal_proj_create_from_name: /opt/anaconda3/share/proj/proj.db contains DATABASE.LAYOUT.VERSION.MINOR = 2 whereas a number >= 6 is expected. It comes from another PROJ installation.
2026-09-07 03:49:21,459 WARNING CPLE_AppDefined in PROJ: internal_proj_create_from_database: /opt/anaconda3/share/proj/proj.db contains DATABASE.LAYOUT.VERSION.MINOR = 2 whereas a number >= 6 is expected. It comes from another PROJ installation.
2026-09-07 03:49:21,459 WARNING CPLE_AppDefined in PROJ: internal_proj_create_from_name: /opt/anaconda3/share/proj/proj.db contains DATABASE.LAYOUT.VERSION.MINOR = 2 whereas a number >= 6 is expected. It comes from another PROJ installation.
2026-09-07 03:49:21,492 WARNING CPLE_AppDefined in PROJ: internal_proj_create_from_database: /opt/anaconda3/share/proj/proj.db contains DATABASE.LAYOUT.VERSION.MINOR = 2 whereas a number >= 6 is expected. It comes from another PROJ installation.
2026-09-07 03:49:21,492 WARNING CPLE_AppDefined in PROJ: internal_proj_create_from_name: /opt/anaconda3/share/proj/proj.db contains DATABASE.LAYOUT.VERSION.MINOR = 2 whereas a number >= 6 is expected. It comes from another PROJ installation.
2026-09-07 03:49:21,526 WARNING CPLE_AppDefined in PROJ: internal_proj_create_from_database: /opt/anaconda3/share/proj/proj.db contains DATABASE.LAYOUT.VERSION.MINOR = 2 whereas a number >= 6 is expected. It comes from another PROJ installation.
2026-09-07 03:49:21,526 WARNING CPLE_AppDefined in PROJ: internal_proj_create_from_name: /opt/anaconda3/share/proj/proj.db contains DATABASE.LAYOUT.VERSION.MINOR = 2 whereas a number >= 6 is expected. It comes from another PROJ installation.
2026-09-07 03:49:21,559 WARNING CPLE_AppDefined in PROJ: internal_proj_create_from_database: /opt/anaconda3/share/proj/proj.db contains DATABASE.LAYOUT.VERSION.MINOR = 2 whereas a number >= 6 is expected. It comes from another PROJ installation.
2026-09-07 03:49:21,559 WARNING CPLE_AppDefined in PROJ: internal_proj_create_from_name: /opt/anaconda3/share/proj/proj.db contains DATABASE.LAYOUT.VERSION.MINOR = 2 whereas a number >= 6 is expected. It comes from another PROJ installation.
2026-09-07 03:49:21,593 WARNING CPLE_AppDefined in PROJ: internal_proj_create_from_database: /opt/anaconda3/share/proj/proj.db contains DATABASE.LAYOUT.VERSION.MINOR = 2 whereas a number >= 6 is expected. It comes from another PROJ installation.
2026-09-07 03:49:21,594 WARNING CPLE_AppDefined in PROJ: internal_proj_create_from_name: /opt/anaconda3/share/proj/proj.db contains DATABASE.LAYOUT.VERSION.MINOR = 2 whereas a number >= 6 is expected. It comes from another PROJ installation.
2026-09-07 03:49:21,627 WARNING CPLE_AppDefined in PROJ: internal_proj_create_from_database: /opt/anaconda3/share/proj/proj.db contains DATABASE.LAYOUT.VERSION.MINOR = 2 whereas a number >= 6 is expected. It comes from another PROJ installation.
2026-09-07 03:49:21,627 WARNING CPLE_AppDefined in PROJ: internal_proj_create_from_name: /opt/anaconda3/share/proj/proj.db contains DATABASE.LAYOUT.VERSION.MINOR = 2 whereas a number >= 6 is expected. It comes from another PROJ installation.
2026-09-07 03:49:21,656 WARNING CPLE_AppDefined in PROJ: internal_proj_create_from_database: /opt/anaconda3/share/proj/proj.db contains DATABASE.LAYOUT.VERSION.MINOR = 2 whereas a number >= 6 is expected. It comes from another PROJ installation.
2026-09-07 03:49:21,656 WARNING CPLE_AppDefined in PROJ: internal_proj_create_from_name: /opt/anaconda3/share/proj/proj.db contains DATABASE.LAYOUT.VERSION.MINOR = 2 whereas a number >= 6 is expected. It comes from another PROJ installation.
2026-09-07 03:49:21,689 WARNING CPLE_AppDefined in PROJ: internal_proj_create_from_database: /opt/anaconda3/share/proj/proj.db contains DATABASE.LAYOUT.VERSION.MINOR = 2 whereas a number >= 6 is expected. It comes from another PROJ installation.
2026-09-07 03:49:21,689 WARNING CPLE_AppDefined in PROJ: internal_proj_create_from_name: /opt/anaconda3/share/proj/proj.db contains DATABASE.LAYOUT.VERSION.MINOR = 2 whereas a number >= 6 is expected. It comes from another PROJ installation.
2026-09-07 03:49:21,719 WARNING CPLE_AppDefined in PROJ: internal_proj_create_from_database: /opt/anaconda3/share/proj/proj.db contains DATABASE.LAYOUT.VERSION.MINOR = 2 whereas a number >= 6 is expected. It comes from another PROJ installation.
2026-09-07 03:49:21,719 WARNING CPLE_AppDefined in PROJ: internal_proj_create_from_name: /opt/anaconda3/share/proj/proj.db contains DATABASE.LAYOUT.VERSION.MINOR = 2 whereas a number >= 6 is expected. It comes from another PROJ installation.
2026-09-07 03:49:21,753 WARNING CPLE_AppDefined in PROJ: internal_proj_create_from_database: /opt/anaconda3/share/proj/proj.db contains DATABASE.LAYOUT.VERSION.MINOR = 2 whereas a number >= 6 is expected. It comes from another PROJ installation.
2026-09-07 03:49:21,753 WARNING CPLE_AppDefined in PROJ: internal_proj_create_from_name: /opt/anaconda3/share/proj/proj.db contains DATABASE.LAYOUT.VERSION.MINOR = 2 whereas a number >= 6 is expected. It comes from another PROJ installation.
2026-09-07 03:49:21,783 WARNING CPLE_AppDefined in PROJ: internal_proj_create_from_database: /opt/anaconda3/share/proj/proj.db contains DATABASE.LAYOUT.VERSION.MINOR = 2 whereas a number >= 6 is expected. It comes from another PROJ installation.
2026-09-07 03:49:21,783 WARNING CPLE_AppDefined in PROJ: internal_proj_create_from_name: /opt/anaconda3/share/proj/proj.db contains DATABASE.LAYOUT.VERSION.MINOR = 2 whereas a number >= 6 is expected. It comes from another PROJ installation.
2026-09-07 03:49:21,812 WARNING CPLE_AppDefined in PROJ: internal_proj_create_from_database: /opt/anaconda3/share/proj/proj.db contains DATABASE.LAYOUT.VERSION.MINOR = 2 whereas a number >= 6 is expected. It comes from another PROJ installation.
2026-09-07 03:49:21,812 WARNING CPLE_AppDefined in PROJ: internal_proj_create_from_name: /opt/anaconda3/share/proj/proj.db contains DATABASE.LAYOUT.VERSION.MINOR = 2 whereas a number >= 6 is expected. It comes from another PROJ installation.
2026-09-07 03:49:21,845 WARNING CPLE_AppDefined in PROJ: internal_proj_create_from_database: /opt/anaconda3/share/proj/proj.db contains DATABASE.LAYOUT.VERSION.MINOR = 2 whereas a number >= 6 is expected. It comes from another PROJ installation.
2026-09-07 03:49:21,845 WARNING CPLE_AppDefined in PROJ: internal_proj_create_from_name: /opt/anaconda3/share/proj/proj.db contains DATABASE.LAYOUT.VERSION.MINOR = 2 whereas a number >= 6 is expected. It comes from another PROJ installation.
2026-09-07 03:49:21,875 WARNING CPLE_AppDefined in PROJ: internal_proj_create_from_database: /opt/anaconda3/share/proj/proj.db contains DATABASE.LAYOUT.VERSION.MINOR = 2 whereas a number >= 6 is expected. It comes from another PROJ installation.
2026-09-07 03:49:21,875 WARNING CPLE_AppDefined in PROJ: internal_proj_create_from_name: /opt/anaconda3/share/proj/proj.db contains DATABASE.LAYOUT.VERSION.MINOR = 2 whereas a number >= 6 is expected. It comes from another PROJ installation.
2026-09-07 03:49:21,906 WARNING CPLE_AppDefined in PROJ: internal_proj_create_from_database: /opt/anaconda3/share/proj/proj.db contains DATABASE.LAYOUT.VERSION.MINOR = 2 whereas a number >= 6 is expected. It comes from another PROJ installation.
2026-09-07 03:49:21,906 WARNING CPLE_AppDefined in PROJ: internal_proj_create_from_name: /opt/anaconda3/share/proj/proj.db contains DATABASE.LAYOUT.VERSION.MINOR = 2 whereas a number >= 6 is expected. It comes from another PROJ installation.
2026-09-07 03:49:21,937 WARNING CPLE_AppDefined in PROJ: internal_proj_create_from_database: /opt/anaconda3/share/proj/proj.db contains DATABASE.LAYOUT.VERSION.MINOR = 2 whereas a number >= 6 is expected. It comes from another PROJ installation.
2026-09-07 03:49:21,937 WARNING CPLE_AppDefined in PROJ: internal_proj_create_from_name: /opt/anaconda3/share/proj/proj.db contains DATABASE.LAYOUT.VERSION.MINOR = 2 whereas a number >= 6 is expected. It comes from another PROJ installation.
2026-09-07 03:49:21,966 WARNING CPLE_AppDefined in PROJ: internal_proj_create_from_database: /opt/anaconda3/share/proj/proj.db contains DATABASE.LAYOUT.VERSION.MINOR = 2 whereas a number >= 6 is expected. It comes from another PROJ installation.
2026-09-07 03:49:21,967 WARNING CPLE_AppDefined in PROJ: internal_proj_create_from_name: /opt/anaconda3/share/proj/proj.db contains DATABASE.LAYOUT.VERSION.MINOR = 2 whereas a number >= 6 is expected. It comes from another PROJ installation.
2026-09-07 03:49:21,998 WARNING CPLE_AppDefined in PROJ: internal_proj_create_from_database: /opt/anaconda3/share/proj/proj.db contains DATABASE.LAYOUT.VERSION.MINOR = 2 whereas a number >= 6 is expected. It comes from another PROJ installation.
2026-09-07 03:49:21,998 WARNING CPLE_AppDefined in PROJ: internal_proj_create_from_name: /opt/anaconda3/share/proj/proj.db contains DATABASE.LAYOUT.VERSION.MINOR = 2 whereas a number >= 6 is expected. It comes from another PROJ installation.
2026-09-07 03:49:22,028 WARNING CPLE_AppDefined in PROJ: internal_proj_create_from_database: /opt/anaconda3/share/proj/proj.db contains DATABASE.LAYOUT.VERSION.MINOR = 2 whereas a number >= 6 is expected. It comes from another PROJ installation.
2026-09-07 03:49:22,028 WARNING CPLE_AppDefined in PROJ: internal_proj_create_from_name: /opt/anaconda3/share/proj/proj.db contains DATABASE.LAYOUT.VERSION.MINOR = 2 whereas a number >= 6 is expected. It comes from another PROJ installation.
2026-09-07 03:49:22,058 WARNING CPLE_AppDefined in PROJ: internal_proj_create_from_database: /opt/anaconda3/share/proj/proj.db contains DATABASE.LAYOUT.VERSION.MINOR = 2 whereas a number >= 6 is expected. It comes from another PROJ installation.
2026-09-07 03:49:22,058 WARNING CPLE_AppDefined in PROJ: internal_proj_create_from_name: /opt/anaconda3/share/proj/proj.db contains DATABASE.LAYOUT.VERSION.MINOR = 2 whereas a number >= 6 is expected. It comes from another PROJ installation.
2026-09-07 03:49:22,089 WARNING CPLE_AppDefined in PROJ: internal_proj_create_from_database: /opt/anaconda3/share/proj/proj.db contains DATABASE.LAYOUT.VERSION.MINOR = 2 whereas a number >= 6 is expected. It comes from another PROJ installation.
2026-09-07 03:49:22,089 WARNING CPLE_AppDefined in PROJ: internal_proj_create_from_name: /opt/anaconda3/share/proj/proj.db contains DATABASE.LAYOUT.VERSION.MINOR = 2 whereas a number >= 6 is expected. It comes from another PROJ installation.
2026-09-07 03:49:22,119 WARNING CPLE_AppDefined in PROJ: internal_proj_create_from_database: /opt/anaconda3/share/proj/proj.db contains DATABASE.LAYOUT.VERSION.MINOR = 2 whereas a number >= 6 is expected. It comes from another PROJ installation.
2026-09-07 03:49:22,119 WARNING CPLE_AppDefined in PROJ: internal_proj_create_from_name: /opt/anaconda3/share/proj/proj.db contains DATABASE.LAYOUT.VERSION.MINOR = 2 whereas a number >= 6 is expected. It comes from another PROJ installation.
2026-09-07 03:49:22,148 WARNING CPLE_AppDefined in PROJ: internal_proj_create_from_database: /opt/anaconda3/share/proj/proj.db contains DATABASE.LAYOUT.VERSION.MINOR = 2 whereas a number >= 6 is expected. It comes from another PROJ installation.
2026-09-07 03:49:22,148 WARNING CPLE_AppDefined in PROJ: internal_proj_create_from_name: /opt/anaconda3/share/proj/proj.db contains DATABASE.LAYOUT.VERSION.MINOR = 2 whereas a number >= 6 is expected. It comes from another PROJ installation.
2026-09-07 03:49:22,181 WARNING CPLE_AppDefined in PROJ: internal_proj_create_from_database: /opt/anaconda3/share/proj/proj.db contains DATABASE.LAYOUT.VERSION.MINOR = 2 whereas a number >= 6 is expected. It comes from another PROJ installation.
2026-09-07 03:49:22,181 WARNING CPLE_AppDefined in PROJ: internal_proj_create_from_name: /opt/anaconda3/share/proj/proj.db contains DATABASE.LAYOUT.VERSION.MINOR = 2 whereas a number >= 6 is expected. It comes from another PROJ installation.
2026-09-07 03:49:22,211 WARNING CPLE_AppDefined in PROJ: internal_proj_create_from_database: /opt/anaconda3/share/proj/proj.db contains DATABASE.LAYOUT.VERSION.MINOR = 2 whereas a number >= 6 is expected. It comes from another PROJ installation.
2026-09-07 03:49:22,211 WARNING CPLE_AppDefined in PROJ: internal_proj_create_from_name: /opt/anaconda3/share/proj/proj.db contains DATABASE.LAYOUT.VERSION.MINOR = 2 whereas a number >= 6 is expected. It comes from another PROJ installation.
2026-09-07 03:49:22,241 WARNING CPLE_AppDefined in PROJ: internal_proj_create_from_database: /opt/anaconda3/share/proj/proj.db contains DATABASE.LAYOUT.VERSION.MINOR = 2 whereas a number >= 6 is expected. It comes from another PROJ installation.
2026-09-07 03:49:22,241 WARNING CPLE_AppDefined in PROJ: internal_proj_create_from_name: /opt/anaconda3/share/proj/proj.db contains DATABASE.LAYOUT.VERSION.MINOR = 2 whereas a number >= 6 is expected. It comes from another PROJ installation.
2026-09-07 03:49:22,271 WARNING CPLE_AppDefined in PROJ: internal_proj_create_from_database: /opt/anaconda3/share/proj/proj.db contains DATABASE.LAYOUT.VERSION.MINOR = 2 whereas a number >= 6 is expected. It comes from another PROJ installation.
2026-09-07 03:49:22,271 WARNING CPLE_AppDefined in PROJ: internal_proj_create_from_name: /opt/anaconda3/share/proj/proj.db contains DATABASE.LAYOUT.VERSION.MINOR = 2 whereas a number >= 6 is expected. It comes from another PROJ installation.
2026-09-07 03:49:22,300 WARNING CPLE_AppDefined in PROJ: internal_proj_create_from_database: /opt/anaconda3/share/proj/proj.db contains DATABASE.LAYOUT.VERSION.MINOR = 2 whereas a number >= 6 is expected. It comes from another PROJ installation.
2026-09-07 03:49:22,300 WARNING CPLE_AppDefined in PROJ: internal_proj_create_from_name: /opt/anaconda3/share/proj/proj.db contains DATABASE.LAYOUT.VERSION.MINOR = 2 whereas a number >= 6 is expected. It comes from another PROJ installation.
2026-09-07 03:49:22,329 WARNING CPLE_AppDefined in PROJ: internal_proj_create_from_database: /opt/anaconda3/share/proj/proj.db contains DATABASE.LAYOUT.VERSION.MINOR = 2 whereas a number >= 6 is expected. It comes from another PROJ installation.
2026-09-07 03:49:22,329 WARNING CPLE_AppDefined in PROJ: internal_proj_create_from_name: /opt/anaconda3/share/proj/proj.db contains DATABASE.LAYOUT.VERSION.MINOR = 2 whereas a number >= 6 is expected. It comes from another PROJ installation.
2026-09-07 03:49:22,358 WARNING CPLE_AppDefined in PROJ: internal_proj_create_from_database: /opt/anaconda3/share/proj/proj.db contains DATABASE.LAYOUT.VERSION.MINOR = 2 whereas a number >= 6 is expected. It comes from another PROJ installation.
2026-09-07 03:49:22,358 WARNING CPLE_AppDefined in PROJ: internal_proj_create_from_name: /opt/anaconda3/share/proj/proj.db contains DATABASE.LAYOUT.VERSION.MINOR = 2 whereas a number >= 6 is expected. It comes from another PROJ installation.
2026-09-07 03:49:22,388 WARNING CPLE_AppDefined in PROJ: internal_proj_create_from_database: /opt/anaconda3/share/proj/proj.db contains DATABASE.LAYOUT.VERSION.MINOR = 2 whereas a number >= 6 is expected. It comes from another PROJ installation.
2026-09-07 03:49:22,388 WARNING CPLE_AppDefined in PROJ: internal_proj_create_from_name: /opt/anaconda3/share/proj/proj.db contains DATABASE.LAYOUT.VERSION.MINOR = 2 whereas a number >= 6 is expected. It comes from another PROJ installation.
2026-09-07 03:49:22,420 WARNING CPLE_AppDefined in PROJ: internal_proj_create_from_database: /opt/anaconda3/share/proj/proj.db contains DATABASE.LAYOUT.VERSION.MINOR = 2 whereas a number >= 6 is expected. It comes from another PROJ installation.
2026-09-07 03:49:22,420 WARNING CPLE_AppDefined in PROJ: internal_proj_create_from_name: /opt/anaconda3/share/proj/proj.db contains DATABASE.LAYOUT.VERSION.MINOR = 2 whereas a number >= 6 is expected. It comes from another PROJ installation.
2026-09-07 03:49:22,452 WARNING CPLE_AppDefined in PROJ: internal_proj_create_from_database: /opt/anaconda3/share/proj/proj.db contains DATABASE.LAYOUT.VERSION.MINOR = 2 whereas a number >= 6 is expected. It comes from another PROJ installation.
2026-09-07 03:49:22,452 WARNING CPLE_AppDefined in PROJ: internal_proj_create_from_name: /opt/anaconda3/share/proj/proj.db contains DATABASE.LAYOUT.VERSION.MINOR = 2 whereas a number >= 6 is expected. It comes from another PROJ installation.
2026-09-07 03:49:22,482 WARNING CPLE_AppDefined in PROJ: internal_proj_create_from_database: /opt/anaconda3/share/proj/proj.db contains DATABASE.LAYOUT.VERSION.MINOR = 2 whereas a number >= 6 is expected. It comes from another PROJ installation.
2026-09-07 03:49:22,483 WARNING CPLE_AppDefined in PROJ: internal_proj_create_from_name: /opt/anaconda3/share/proj/proj.db contains DATABASE.LAYOUT.VERSION.MINOR = 2 whereas a number >= 6 is expected. It comes from another PROJ installation.
2026-09-07 03:49:22,512 WARNING CPLE_AppDefined in PROJ: internal_proj_create_from_database: /opt/anaconda3/share/proj/proj.db contains DATABASE.LAYOUT.VERSION.MINOR = 2 whereas a number >= 6 is expected. It comes from another PROJ installation.
2026-09-07 03:49:22,512 WARNING CPLE_AppDefined in PROJ: internal_proj_create_from_name: /opt/anaconda3/share/proj/proj.db contains DATABASE.LAYOUT.VERSION.MINOR = 2 whereas a number >= 6 is expected. It comes from another PROJ installation.
2026-09-07 03:49:22,541 WARNING CPLE_AppDefined in PROJ: internal_proj_create_from_database: /opt/anaconda3/share/proj/proj.db contains DATABASE.LAYOUT.VERSION.MINOR = 2 whereas a number >= 6 is expected. It comes from another PROJ installation.
2026-09-07 03:49:22,542 WARNING CPLE_AppDefined in PROJ: internal_proj_create_from_name: /opt/anaconda3/share/proj/proj.db contains DATABASE.LAYOUT.VERSION.MINOR = 2 whereas a number >= 6 is expected. It comes from another PROJ installation.
2026-09-07 03:49:22,570 WARNING CPLE_AppDefined in PROJ: internal_proj_create_from_database: /opt/anaconda3/share/proj/proj.db contains DATABASE.LAYOUT.VERSION.MINOR = 2 whereas a number >= 6 is expected. It comes from another PROJ installation.
2026-09-07 03:49:22,570 WARNING CPLE_AppDefined in PROJ: internal_proj_create_from_name: /opt/anaconda3/share/proj/proj.db contains DATABASE.LAYOUT.VERSION.MINOR = 2 whereas a number >= 6 is expected. It comes from another PROJ installation.
2026-09-07 03:49:22,600 WARNING CPLE_AppDefined in PROJ: internal_proj_create_from_database: /opt/anaconda3/share/proj/proj.db contains DATABASE.LAYOUT.VERSION.MINOR = 2 whereas a number >= 6 is expected. It comes from another PROJ installation.
2026-09-07 03:49:22,600 WARNING CPLE_AppDefined in PROJ: internal_proj_create_from_name: /opt/anaconda3/share/proj/proj.db contains DATABASE.LAYOUT.VERSION.MINOR = 2 whereas a number >= 6 is expected. It comes from another PROJ installation.
2026-09-07 03:49:22,630 WARNING CPLE_AppDefined in PROJ: internal_proj_create_from_database: /opt/anaconda3/share/proj/proj.db contains DATABASE.LAYOUT.VERSION.MINOR = 2 whereas a number >= 6 is expected. It comes from another PROJ installation.
2026-09-07 03:49:22,630 WARNING CPLE_AppDefined in PROJ: internal_proj_create_from_name: /opt/anaconda3/share/proj/proj.db contains DATABASE.LAYOUT.VERSION.MINOR = 2 whereas a number >= 6 is expected. It comes from another PROJ installation.
2026-09-07 03:49:22,662 WARNING CPLE_AppDefined in PROJ: internal_proj_create_from_database: /opt/anaconda3/share/proj/proj.db contains DATABASE.LAYOUT.VERSION.MINOR = 2 whereas a number >= 6 is expected. It comes from another PROJ installation.
2026-09-07 03:49:22,662 WARNING CPLE_AppDefined in PROJ: internal_proj_create_from_name: /opt/anaconda3/share/proj/proj.db contains DATABASE.LAYOUT.VERSION.MINOR = 2 whereas a number >= 6 is expected. It comes from another PROJ installation.
2026-09-07 03:49:22,691 WARNING CPLE_AppDefined in PROJ: internal_proj_create_from_database: /opt/anaconda3/share/proj/proj.db contains DATABASE.LAYOUT.VERSION.MINOR = 2 whereas a number >= 6 is expected. It comes from another PROJ installation.
2026-09-07 03:49:22,692 WARNING CPLE_AppDefined in PROJ: internal_proj_create_from_name: /opt/anaconda3/share/proj/proj.db contains DATABASE.LAYOUT.VERSION.MINOR = 2 whereas a number >= 6 is expected. It comes from another PROJ installation.
2026-09-07 03:49:22,724 WARNING CPLE_AppDefined in PROJ: internal_proj_create_from_database: /opt/anaconda3/share/proj/proj.db contains DATABASE.LAYOUT.VERSION.MINOR = 2 whereas a number >= 6 is expected. It comes from another PROJ installation.
2026-09-07 03:49:22,724 WARNING CPLE_AppDefined in PROJ: internal_proj_create_from_name: /opt/anaconda3/share/proj/proj.db contains DATABASE.LAYOUT.VERSION.MINOR = 2 whereas a number >= 6 is expected. It comes from another PROJ installation.
2026-09-07 03:49:22,756 WARNING CPLE_AppDefined in PROJ: internal_proj_create_from_database: /opt/anaconda3/share/proj/proj.db contains DATABASE.LAYOUT.VERSION.MINOR = 2 whereas a number >= 6 is expected. It comes from another PROJ installation.
2026-09-07 03:49:22,756 WARNING CPLE_AppDefined in PROJ: internal_proj_create_from_name: /opt/anaconda3/share/proj/proj.db contains DATABASE.LAYOUT.VERSION.MINOR = 2 whereas a number >= 6 is expected. It comes from another PROJ installation.
2026-09-07 03:49:22,788 WARNING CPLE_AppDefined in PROJ: internal_proj_create_from_database: /opt/anaconda3/share/proj/proj.db contains DATABASE.LAYOUT.VERSION.MINOR = 2 whereas a number >= 6 is expected. It comes from another PROJ installation.
2026-09-07 03:49:22,788 WARNING CPLE_AppDefined in PROJ: internal_proj_create_from_name: /opt/anaconda3/share/proj/proj.db contains DATABASE.LAYOUT.VERSION.MINOR = 2 whereas a number >= 6 is expected. It comes from another PROJ installation.
2026-09-07 03:49:22,821 WARNING CPLE_AppDefined in PROJ: internal_proj_create_from_database: /opt/anaconda3/share/proj/proj.db contains DATABASE.LAYOUT.VERSION.MINOR = 2 whereas a number >= 6 is expected. It comes from another PROJ installation.
2026-09-07 03:49:22,821 WARNING CPLE_AppDefined in PROJ: internal_proj_create_from_name: /opt/anaconda3/share/proj/proj.db contains DATABASE.LAYOUT.VERSION.MINOR = 2 whereas a number >= 6 is expected. It comes from another PROJ installation.
2026-09-07 03:49:22,851 WARNING CPLE_AppDefined in PROJ: internal_proj_create_from_database: /opt/anaconda3/share/proj/proj.db contains DATABASE.LAYOUT.VERSION.MINOR = 2 whereas a number >= 6 is expected. It comes from another PROJ installation.
2026-09-07 03:49:22,851 WARNING CPLE_AppDefined in PROJ: internal_proj_create_from_name: /opt/anaconda3/share/proj/proj.db contains DATABASE.LAYOUT.VERSION.MINOR = 2 whereas a number >= 6 is expected. It comes from another PROJ installation.
2026-09-07 03:49:22,880 WARNING CPLE_AppDefined in PROJ: internal_proj_create_from_database: /opt/anaconda3/share/proj/proj.db contains DATABASE.LAYOUT.VERSION.MINOR = 2 whereas a number >= 6 is expected. It comes from another PROJ installation.
2026-09-07 03:49:22,881 WARNING CPLE_AppDefined in PROJ: internal_proj_create_from_name: /opt/anaconda3/share/proj/proj.db contains DATABASE.LAYOUT.VERSION.MINOR = 2 whereas a number >= 6 is expected. It comes from another PROJ installation.
2026-09-07 03:49:22,910 WARNING CPLE_AppDefined in PROJ: internal_proj_create_from_database: /opt/anaconda3/share/proj/proj.db contains DATABASE.LAYOUT.VERSION.MINOR = 2 whereas a number >= 6 is expected. It comes from another PROJ installation.
2026-09-07 03:49:22,910 WARNING CPLE_AppDefined in PROJ: internal_proj_create_from_name: /opt/anaconda3/share/proj/proj.db contains DATABASE.LAYOUT.VERSION.MINOR = 2 whereas a number >= 6 is expected. It comes from another PROJ installation.
2026-09-07 03:49:22,942 WARNING CPLE_AppDefined in PROJ: internal_proj_create_from_database: /opt/anaconda3/share/proj/proj.db contains DATABASE.LAYOUT.VERSION.MINOR = 2 whereas a number >= 6 is expected. It comes from another PROJ installation.
2026-09-07 03:49:22,942 WARNING CPLE_AppDefined in PROJ: internal_proj_create_from_name: /opt/anaconda3/share/proj/proj.db contains DATABASE.LAYOUT.VERSION.MINOR = 2 whereas a number >= 6 is expected. It comes from another PROJ installation.
2026-09-07 03:49:22,972 WARNING CPLE_AppDefined in PROJ: internal_proj_create_from_database: /opt/anaconda3/share/proj/proj.db contains DATABASE.LAYOUT.VERSION.MINOR = 2 whereas a number >= 6 is expected. It comes from another PROJ installation.
2026-09-07 03:49:22,972 WARNING CPLE_AppDefined in PROJ: internal_proj_create_from_name: /opt/anaconda3/share/proj/proj.db contains DATABASE.LAYOUT.VERSION.MINOR = 2 whereas a number >= 6 is expected. It comes from another PROJ installation.
2026-09-07 03:49:23,002 WARNING CPLE_AppDefined in PROJ: internal_proj_create_from_database: /opt/anaconda3/share/proj/proj.db contains DATABASE.LAYOUT.VERSION.MINOR = 2 whereas a number >= 6 is expected. It comes from another PROJ installation.
2026-09-07 03:49:23,002 WARNING CPLE_AppDefined in PROJ: internal_proj_create_from_name: /opt/anaconda3/share/proj/proj.db contains DATABASE.LAYOUT.VERSION.MINOR = 2 whereas a number >= 6 is expected. It comes from another PROJ installation.
2026-09-07 03:49:23,033 WARNING CPLE_AppDefined in PROJ: internal_proj_create_from_database: /opt/anaconda3/share/proj/proj.db contains DATABASE.LAYOUT.VERSION.MINOR = 2 whereas a number >= 6 is expected. It comes from another PROJ installation.
2026-09-07 03:49:23,033 WARNING CPLE_AppDefined in PROJ: internal_proj_create_from_name: /opt/anaconda3/share/proj/proj.db contains DATABASE.LAYOUT.VERSION.MINOR = 2 whereas a number >= 6 is expected. It comes from another PROJ installation.
2026-09-07 03:49:23,063 WARNING CPLE_AppDefined in PROJ: internal_proj_create_from_database: /opt/anaconda3/share/proj/proj.db contains DATABASE.LAYOUT.VERSION.MINOR = 2 whereas a number >= 6 is expected. It comes from another PROJ installation.
2026-09-07 03:49:23,063 WARNING CPLE_AppDefined in PROJ: internal_proj_create_from_name: /opt/anaconda3/share/proj/proj.db contains DATABASE.LAYOUT.VERSION.MINOR = 2 whereas a number >= 6 is expected. It comes from another PROJ installation.
2026-09-07 03:49:23,093 WARNING CPLE_AppDefined in PROJ: internal_proj_create_from_database: /opt/anaconda3/share/proj/proj.db contains DATABASE.LAYOUT.VERSION.MINOR = 2 whereas a number >= 6 is expected. It comes from another PROJ installation.
2026-09-07 03:49:23,093 WARNING CPLE_AppDefined in PROJ: internal_proj_create_from_name: /opt/anaconda3/share/proj/proj.db contains DATABASE.LAYOUT.VERSION.MINOR = 2 whereas a number >= 6 is expected. It comes from another PROJ installation.
2026-09-07 03:49:23,126 WARNING CPLE_AppDefined in PROJ: internal_proj_create_from_database: /opt/anaconda3/share/proj/proj.db contains DATABASE.LAYOUT.VERSION.MINOR = 2 whereas a number >= 6 is expected. It comes from another PROJ installation.
2026-09-07 03:49:23,126 WARNING CPLE_AppDefined in PROJ: internal_proj_create_from_name: /opt/anaconda3/share/proj/proj.db contains DATABASE.LAYOUT.VERSION.MINOR = 2 whereas a number >= 6 is expected. It comes from another PROJ installation.
2026-09-07 03:49:23,155 WARNING CPLE_AppDefined in PROJ: internal_proj_create_from_database: /opt/anaconda3/share/proj/proj.db contains DATABASE.LAYOUT.VERSION.MINOR = 2 whereas a number >= 6 is expected. It comes from another PROJ installation.
2026-09-07 03:49:23,155 WARNING CPLE_AppDefined in PROJ: internal_proj_create_from_name: /opt/anaconda3/share/proj/proj.db contains DATABASE.LAYOUT.VERSION.MINOR = 2 whereas a number >= 6 is expected. It comes from another PROJ installation.
2026-09-07 03:49:23,184 WARNING CPLE_AppDefined in PROJ: internal_proj_create_from_database: /opt/anaconda3/share/proj/proj.db contains DATABASE.LAYOUT.VERSION.MINOR = 2 whereas a number >= 6 is expected. It comes from another PROJ installation.
2026-09-07 03:49:23,184 WARNING CPLE_AppDefined in PROJ: internal_proj_create_from_name: /opt/anaconda3/share/proj/proj.db contains DATABASE.LAYOUT.VERSION.MINOR = 2 whereas a number >= 6 is expected. It comes from another PROJ installation.
2026-09-07 03:49:23,214 WARNING CPLE_AppDefined in PROJ: internal_proj_create_from_database: /opt/anaconda3/share/proj/proj.db contains DATABASE.LAYOUT.VERSION.MINOR = 2 whereas a number >= 6 is expected. It comes from another PROJ installation.
2026-09-07 03:49:23,214 WARNING CPLE_AppDefined in PROJ: internal_proj_create_from_name: /opt/anaconda3/share/proj/proj.db contains DATABASE.LAYOUT.VERSION.MINOR = 2 whereas a number >= 6 is expected. It comes from another PROJ installation.
2026-09-07 03:49:23,243 WARNING CPLE_AppDefined in PROJ: internal_proj_create_from_database: /opt/anaconda3/share/proj/proj.db contains DATABASE.LAYOUT.VERSION.MINOR = 2 whereas a number >= 6 is expected. It comes from another PROJ installation.
2026-09-07 03:49:23,243 WARNING CPLE_AppDefined in PROJ: internal_proj_create_from_name: /opt/anaconda3/share/proj/proj.db contains DATABASE.LAYOUT.VERSION.MINOR = 2 whereas a number >= 6 is expected. It comes from another PROJ installation.
2026-09-07 03:49:23,273 WARNING CPLE_AppDefined in PROJ: internal_proj_create_from_database: /opt/anaconda3/share/proj/proj.db contains DATABASE.LAYOUT.VERSION.MINOR = 2 whereas a number >= 6 is expected. It comes from another PROJ installation.
2026-09-07 03:49:23,273 WARNING CPLE_AppDefined in PROJ: internal_proj_create_from_name: /opt/anaconda3/share/proj/proj.db contains DATABASE.LAYOUT.VERSION.MINOR = 2 whereas a number >= 6 is expected. It comes from another PROJ installation.
2026-09-07 03:49:23,302 WARNING CPLE_AppDefined in PROJ: internal_proj_create_from_database: /opt/anaconda3/share/proj/proj.db contains DATABASE.LAYOUT.VERSION.MINOR = 2 whereas a number >= 6 is expected. It comes from another PROJ installation.
2026-09-07 03:49:23,302 WARNING CPLE_AppDefined in PROJ: internal_proj_create_from_name: /opt/anaconda3/share/proj/proj.db contains DATABASE.LAYOUT.VERSION.MINOR = 2 whereas a number >= 6 is expected. It comes from another PROJ installation.
2026-09-07 03:49:23,334 WARNING CPLE_AppDefined in PROJ: internal_proj_create_from_database: /opt/anaconda3/share/proj/proj.db contains DATABASE.LAYOUT.VERSION.MINOR = 2 whereas a number >= 6 is expected. It comes from another PROJ installation.
2026-09-07 03:49:23,334 WARNING CPLE_AppDefined in PROJ: internal_proj_create_from_name: /opt/anaconda3/share/proj/proj.db contains DATABASE.LAYOUT.VERSION.MINOR = 2 whereas a number >= 6 is expected. It comes from another PROJ installation.
2026-09-07 03:49:23,364 WARNING CPLE_AppDefined in PROJ: internal_proj_create_from_database: /opt/anaconda3/share/proj/proj.db contains DATABASE.LAYOUT.VERSION.MINOR = 2 whereas a number >= 6 is expected. It comes from another PROJ installation.
2026-09-07 03:49:23,364 WARNING CPLE_AppDefined in PROJ: internal_proj_create_from_name: /opt/anaconda3/share/proj/proj.db contains DATABASE.LAYOUT.VERSION.MINOR = 2 whereas a number >= 6 is expected. It comes from another PROJ installation.
2026-09-07 03:49:23,396 WARNING CPLE_AppDefined in PROJ: internal_proj_create_from_database: /opt/anaconda3/share/proj/proj.db contains DATABASE.LAYOUT.VERSION.MINOR = 2 whereas a number >= 6 is expected. It comes from another PROJ installation.
2026-09-07 03:49:23,396 WARNING CPLE_AppDefined in PROJ: internal_proj_create_from_name: /opt/anaconda3/share/proj/proj.db contains DATABASE.LAYOUT.VERSION.MINOR = 2 whereas a number >= 6 is expected. It comes from another PROJ installation.
2026-09-07 03:49:23,425 WARNING CPLE_AppDefined in PROJ: internal_proj_create_from_database: /opt/anaconda3/share/proj/proj.db contains DATABASE.LAYOUT.VERSION.MINOR = 2 whereas a number >= 6 is expected. It comes from another PROJ installation.
2026-09-07 03:49:23,425 WARNING CPLE_AppDefined in PROJ: internal_proj_create_from_name: /opt/anaconda3/share/proj/proj.db contains DATABASE.LAYOUT.VERSION.MINOR = 2 whereas a number >= 6 is expected. It comes from another PROJ installation.
2026-09-07 03:49:23,458 WARNING CPLE_AppDefined in PROJ: internal_proj_create_from_database: /opt/anaconda3/share/proj/proj.db contains DATABASE.LAYOUT.VERSION.MINOR = 2 whereas a number >= 6 is expected. It comes from another PROJ installation.
2026-09-07 03:49:23,458 WARNING CPLE_AppDefined in PROJ: internal_proj_create_from_name: /opt/anaconda3/share/proj/proj.db contains DATABASE.LAYOUT.VERSION.MINOR = 2 whereas a number >= 6 is expected. It comes from another PROJ installation.
2026-09-07 03:49:23,488 WARNING CPLE_AppDefined in PROJ: internal_proj_create_from_database: /opt/anaconda3/share/proj/proj.db contains DATABASE.LAYOUT.VERSION.MINOR = 2 whereas a number >= 6 is expected. It comes from another PROJ installation.
2026-09-07 03:49:23,488 WARNING CPLE_AppDefined in PROJ: internal_proj_create_from_name: /opt/anaconda3/share/proj/proj.db contains DATABASE.LAYOUT.VERSION.MINOR = 2 whereas a number >= 6 is expected. It comes from another PROJ installation.
2026-09-07 03:49:23,517 WARNING CPLE_AppDefined in PROJ: internal_proj_create_from_database: /opt/anaconda3/share/proj/proj.db contains DATABASE.LAYOUT.VERSION.MINOR = 2 whereas a number >= 6 is expected. It comes from another PROJ installation.
2026-09-07 03:49:23,517 WARNING CPLE_AppDefined in PROJ: internal_proj_create_from_name: /opt/anaconda3/share/proj/proj.db contains DATABASE.LAYOUT.VERSION.MINOR = 2 whereas a number >= 6 is expected. It comes from another PROJ installation.
2026-09-07 03:49:23,547 WARNING CPLE_AppDefined in PROJ: internal_proj_create_from_database: /opt/anaconda3/share/proj/proj.db contains DATABASE.LAYOUT.VERSION.MINOR = 2 whereas a number >= 6 is expected. It comes from another PROJ installation.
2026-09-07 03:49:23,547 WARNING CPLE_AppDefined in PROJ: internal_proj_create_from_name: /opt/anaconda3/share/proj/proj.db contains DATABASE.LAYOUT.VERSION.MINOR = 2 whereas a number >= 6 is expected. It comes from another PROJ installation.
2026-09-07 03:49:23,558 INFO Saved /Users/helloworld/Desktop/SIH/SIH2026/data/regions/uttar_pradesh/satellite/chirps_uttar_pradesh_2014.nc (0.4 MB)
2026-09-07 03:56:22,400 INFO Saved /Users/helloworld/Desktop/SIH/SIH2026/data/regions/uttar_pradesh/nwp/era5_uttar_pradesh_2014.nc
2026-09-07 04:22:37,776 INFO Saved /Users/helloworld/Desktop/SIH/SIH2026/data/regions/uttar_pradesh/radar/merra2_uttar_pradesh_2014.nc
2026-09-07 04:22:37,983 INFO Building CHIRPS NetCDF for 2016 (122 days)...
2026-09-07 04:22:38,010 WARNING CPLE_AppDefined in PROJ: internal_proj_create_from_database: /opt/anaconda3/share/proj/proj.db contains DATABASE.LAYOUT.VERSION.MINOR = 2 whereas a number >= 6 is expected. It comes from another PROJ installation.
2026-09-07 04:22:38,010 WARNING CPLE_AppDefined in PROJ: internal_proj_create_from_name: /opt/anaconda3/share/proj/proj.db contains DATABASE.LAYOUT.VERSION.MINOR = 2 whereas a number >= 6 is expected. It comes from another PROJ installation.
2026-09-07 04:22:38,040 WARNING CPLE_AppDefined in PROJ: internal_proj_create_from_database: /opt/anaconda3/share/proj/proj.db contains DATABASE.LAYOUT.VERSION.MINOR = 2 whereas a number >= 6 is expected. It comes from another PROJ installation.
2026-09-07 04:22:38,041 WARNING CPLE_AppDefined in PROJ: internal_proj_create_from_name: /opt/anaconda3/share/proj/proj.db contains DATABASE.LAYOUT.VERSION.MINOR = 2 whereas a number >= 6 is expected. It comes from another PROJ installation.
2026-09-07 04:22:38,071 WARNING CPLE_AppDefined in PROJ: internal_proj_create_from_database: /opt/anaconda3/share/proj/proj.db contains DATABASE.LAYOUT.VERSION.MINOR = 2 whereas a number >= 6 is expected. It comes from another PROJ installation.
2026-09-07 04:22:38,071 WARNING CPLE_AppDefined in PROJ: internal_proj_create_from_name: /opt/anaconda3/share/proj/proj.db contains DATABASE.LAYOUT.VERSION.MINOR = 2 whereas a number >= 6 is expected. It comes from another PROJ installation.
2026-09-07 04:22:38,102 WARNING CPLE_AppDefined in PROJ: internal_proj_create_from_database: /opt/anaconda3/share/proj/proj.db contains DATABASE.LAYOUT.VERSION.MINOR = 2 whereas a number >= 6 is expected. It comes from another PROJ installation.
2026-09-07 04:22:38,102 WARNING CPLE_AppDefined in PROJ: internal_proj_create_from_name: /opt/anaconda3/share/proj/proj.db contains DATABASE.LAYOUT.VERSION.MINOR = 2 whereas a number >= 6 is expected. It comes from another PROJ installation.
2026-09-07 04:22:38,133 WARNING CPLE_AppDefined in PROJ: internal_proj_create_from_database: /opt/anaconda3/share/proj/proj.db contains DATABASE.LAYOUT.VERSION.MINOR = 2 whereas a number >= 6 is expected. It comes from another PROJ installation.
2026-09-07 04:22:38,133 WARNING CPLE_AppDefined in PROJ: internal_proj_create_from_name: /opt/anaconda3/share/proj/proj.db contains DATABASE.LAYOUT.VERSION.MINOR = 2 whereas a number >= 6 is expected. It comes from another PROJ installation.
2026-09-07 04:22:38,164 WARNING CPLE_AppDefined in PROJ: internal_proj_create_from_database: /opt/anaconda3/share/proj/proj.db contains DATABASE.LAYOUT.VERSION.MINOR = 2 whereas a number >= 6 is expected. It comes from another PROJ installation.
2026-09-07 04:22:38,164 WARNING CPLE_AppDefined in PROJ: internal_proj_create_from_name: /opt/anaconda3/share/proj/proj.db contains DATABASE.LAYOUT.VERSION.MINOR = 2 whereas a number >= 6 is expected. It comes from another PROJ installation.
2026-09-07 04:22:38,196 WARNING CPLE_AppDefined in PROJ: internal_proj_create_from_database: /opt/anaconda3/share/proj/proj.db contains DATABASE.LAYOUT.VERSION.MINOR = 2 whereas a number >= 6 is expected. It comes from another PROJ installation.
2026-09-07 04:22:38,196 WARNING CPLE_AppDefined in PROJ: internal_proj_create_from_name: /opt/anaconda3/share/proj/proj.db contains DATABASE.LAYOUT.VERSION.MINOR = 2 whereas a number >= 6 is expected. It comes from another PROJ installation.
2026-09-07 04:22:38,226 WARNING CPLE_AppDefined in PROJ: internal_proj_create_from_database: /opt/anaconda3/share/proj/proj.db contains DATABASE.LAYOUT.VERSION.MINOR = 2 whereas a number >= 6 is expected. It comes from another PROJ installation.
2026-09-07 04:22:38,226 WARNING CPLE_AppDefined in PROJ: internal_proj_create_from_name: /opt/anaconda3/share/proj/proj.db contains DATABASE.LAYOUT.VERSION.MINOR = 2 whereas a number >= 6 is expected. It comes from another PROJ installation.
2026-09-07 04:22:38,256 WARNING CPLE_AppDefined in PROJ: internal_proj_create_from_database: /opt/anaconda3/share/proj/proj.db contains DATABASE.LAYOUT.VERSION.MINOR = 2 whereas a number >= 6 is expected. It comes from another PROJ installation.
2026-09-07 04:22:38,256 WARNING CPLE_AppDefined in PROJ: internal_proj_create_from_name: /opt/anaconda3/share/proj/proj.db contains DATABASE.LAYOUT.VERSION.MINOR = 2 whereas a number >= 6 is expected. It comes from another PROJ installation.
2026-09-07 04:22:38,286 WARNING CPLE_AppDefined in PROJ: internal_proj_create_from_database: /opt/anaconda3/share/proj/proj.db contains DATABASE.LAYOUT.VERSION.MINOR = 2 whereas a number >= 6 is expected. It comes from another PROJ installation.
2026-09-07 04:22:38,286 WARNING CPLE_AppDefined in PROJ: internal_proj_create_from_name: /opt/anaconda3/share/proj/proj.db contains DATABASE.LAYOUT.VERSION.MINOR = 2 whereas a number >= 6 is expected. It comes from another PROJ installation.
2026-09-07 04:22:38,317 WARNING CPLE_AppDefined in PROJ: internal_proj_create_from_database: /opt/anaconda3/share/proj/proj.db contains DATABASE.LAYOUT.VERSION.MINOR = 2 whereas a number >= 6 is expected. It comes from another PROJ installation.
2026-09-07 04:22:38,317 WARNING CPLE_AppDefined in PROJ: internal_proj_create_from_name: /opt/anaconda3/share/proj/proj.db contains DATABASE.LAYOUT.VERSION.MINOR = 2 whereas a number >= 6 is expected. It comes from another PROJ installation.
2026-09-07 04:22:38,349 WARNING CPLE_AppDefined in PROJ: internal_proj_create_from_database: /opt/anaconda3/share/proj/proj.db contains DATABASE.LAYOUT.VERSION.MINOR = 2 whereas a number >= 6 is expected. It comes from another PROJ installation.
2026-09-07 04:22:38,349 WARNING CPLE_AppDefined in PROJ: internal_proj_create_from_name: /opt/anaconda3/share/proj/proj.db contains DATABASE.LAYOUT.VERSION.MINOR = 2 whereas a number >= 6 is expected. It comes from another PROJ installation.
2026-09-07 04:22:38,381 WARNING CPLE_AppDefined in PROJ: internal_proj_create_from_database: /opt/anaconda3/share/proj/proj.db contains DATABASE.LAYOUT.VERSION.MINOR = 2 whereas a number >= 6 is expected. It comes from another PROJ installation.
2026-09-07 04:22:38,381 WARNING CPLE_AppDefined in PROJ: internal_proj_create_from_name: /opt/anaconda3/share/proj/proj.db contains DATABASE.LAYOUT.VERSION.MINOR = 2 whereas a number >= 6 is expected. It comes from another PROJ installation.
2026-09-07 04:22:38,412 WARNING CPLE_AppDefined in PROJ: internal_proj_create_from_database: /opt/anaconda3/share/proj/proj.db contains DATABASE.LAYOUT.VERSION.MINOR = 2 whereas a number >= 6 is expected. It comes from another PROJ installation.
2026-09-07 04:22:38,412 WARNING CPLE_AppDefined in PROJ: internal_proj_create_from_name: /opt/anaconda3/share/proj/proj.db contains DATABASE.LAYOUT.VERSION.MINOR = 2 whereas a number >= 6 is expected. It comes from another PROJ installation.
2026-09-07 04:22:38,443 WARNING CPLE_AppDefined in PROJ: internal_proj_create_from_database: /opt/anaconda3/share/proj/proj.db contains DATABASE.LAYOUT.VERSION.MINOR = 2 whereas a number >= 6 is expected. It comes from another PROJ installation.
2026-09-07 04:22:38,443 WARNING CPLE_AppDefined in PROJ: internal_proj_create_from_name: /opt/anaconda3/share/proj/proj.db contains DATABASE.LAYOUT.VERSION.MINOR = 2 whereas a number >= 6 is expected. It comes from another PROJ installation.
2026-09-07 04:22:38,473 WARNING CPLE_AppDefined in PROJ: internal_proj_create_from_database: /opt/anaconda3/share/proj/proj.db contains DATABASE.LAYOUT.VERSION.MINOR = 2 whereas a number >= 6 is expected. It comes from another PROJ installation.
2026-09-07 04:22:38,473 WARNING CPLE_AppDefined in PROJ: internal_proj_create_from_name: /opt/anaconda3/share/proj/proj.db contains DATABASE.LAYOUT.VERSION.MINOR = 2 whereas a number >= 6 is expected. It comes from another PROJ installation.
2026-09-07 04:22:38,505 WARNING CPLE_AppDefined in PROJ: internal_proj_create_from_database: /opt/anaconda3/share/proj/proj.db contains DATABASE.LAYOUT.VERSION.MINOR = 2 whereas a number >= 6 is expected. It comes from another PROJ installation.
2026-09-07 04:22:38,505 WARNING CPLE_AppDefined in PROJ: internal_proj_create_from_name: /opt/anaconda3/share/proj/proj.db contains DATABASE.LAYOUT.VERSION.MINOR = 2 whereas a number >= 6 is expected. It comes from another PROJ installation.
2026-09-07 04:22:38,535 WARNING CPLE_AppDefined in PROJ: internal_proj_create_from_database: /opt/anaconda3/share/proj/proj.db contains DATABASE.LAYOUT.VERSION.MINOR = 2 whereas a number >= 6 is expected. It comes from another PROJ installation.
2026-09-07 04:22:38,536 WARNING CPLE_AppDefined in PROJ: internal_proj_create_from_name: /opt/anaconda3/share/proj/proj.db contains DATABASE.LAYOUT.VERSION.MINOR = 2 whereas a number >= 6 is expected. It comes from another PROJ installation.
2026-09-07 04:22:38,566 WARNING CPLE_AppDefined in PROJ: internal_proj_create_from_database: /opt/anaconda3/share/proj/proj.db contains DATABASE.LAYOUT.VERSION.MINOR = 2 whereas a number >= 6 is expected. It comes from another PROJ installation.
2026-09-07 04:22:38,566 WARNING CPLE_AppDefined in PROJ: internal_proj_create_from_name: /opt/anaconda3/share/proj/proj.db contains DATABASE.LAYOUT.VERSION.MINOR = 2 whereas a number >= 6 is expected. It comes from another PROJ installation.
2026-09-07 04:22:38,597 WARNING CPLE_AppDefined in PROJ: internal_proj_create_from_database: /opt/anaconda3/share/proj/proj.db contains DATABASE.LAYOUT.VERSION.MINOR = 2 whereas a number >= 6 is expected. It comes from another PROJ installation.
2026-09-07 04:22:38,597 WARNING CPLE_AppDefined in PROJ: internal_proj_create_from_name: /opt/anaconda3/share/proj/proj.db contains DATABASE.LAYOUT.VERSION.MINOR = 2 whereas a number >= 6 is expected. It comes from another PROJ installation.
2026-09-07 04:22:38,628 WARNING CPLE_AppDefined in PROJ: internal_proj_create_from_database: /opt/anaconda3/share/proj/proj.db contains DATABASE.LAYOUT.VERSION.MINOR = 2 whereas a number >= 6 is expected. It comes from another PROJ installation.
2026-09-07 04:22:38,628 WARNING CPLE_AppDefined in PROJ: internal_proj_create_from_name: /opt/anaconda3/share/proj/proj.db contains DATABASE.LAYOUT.VERSION.MINOR = 2 whereas a number >= 6 is expected. It comes from another PROJ installation.
2026-09-07 04:22:38,659 WARNING CPLE_AppDefined in PROJ: internal_proj_create_from_database: /opt/anaconda3/share/proj/proj.db contains DATABASE.LAYOUT.VERSION.MINOR = 2 whereas a number >= 6 is expected. It comes from another PROJ installation.
2026-09-07 04:22:38,659 WARNING CPLE_AppDefined in PROJ: internal_proj_create_from_name: /opt/anaconda3/share/proj/proj.db contains DATABASE.LAYOUT.VERSION.MINOR = 2 whereas a number >= 6 is expected. It comes from another PROJ installation.
2026-09-07 04:22:38,689 WARNING CPLE_AppDefined in PROJ: internal_proj_create_from_database: /opt/anaconda3/share/proj/proj.db contains DATABASE.LAYOUT.VERSION.MINOR = 2 whereas a number >= 6 is expected. It comes from another PROJ installation.
2026-09-07 04:22:38,689 WARNING CPLE_AppDefined in PROJ: internal_proj_create_from_name: /opt/anaconda3/share/proj/proj.db contains DATABASE.LAYOUT.VERSION.MINOR = 2 whereas a number >= 6 is expected. It comes from another PROJ installation.
2026-09-07 04:22:38,721 WARNING CPLE_AppDefined in PROJ: internal_proj_create_from_database: /opt/anaconda3/share/proj/proj.db contains DATABASE.LAYOUT.VERSION.MINOR = 2 whereas a number >= 6 is expected. It comes from another PROJ installation.
2026-09-07 04:22:38,721 WARNING CPLE_AppDefined in PROJ: internal_proj_create_from_name: /opt/anaconda3/share/proj/proj.db contains DATABASE.LAYOUT.VERSION.MINOR = 2 whereas a number >= 6 is expected. It comes from another PROJ installation.
2026-09-07 04:22:38,752 WARNING CPLE_AppDefined in PROJ: internal_proj_create_from_database: /opt/anaconda3/share/proj/proj.db contains DATABASE.LAYOUT.VERSION.MINOR = 2 whereas a number >= 6 is expected. It comes from another PROJ installation.
2026-09-07 04:22:38,752 WARNING CPLE_AppDefined in PROJ: internal_proj_create_from_name: /opt/anaconda3/share/proj/proj.db contains DATABASE.LAYOUT.VERSION.MINOR = 2 whereas a number >= 6 is expected. It comes from another PROJ installation.
2026-09-07 04:22:38,782 WARNING CPLE_AppDefined in PROJ: internal_proj_create_from_database: /opt/anaconda3/share/proj/proj.db contains DATABASE.LAYOUT.VERSION.MINOR = 2 whereas a number >= 6 is expected. It comes from another PROJ installation.
2026-09-07 04:22:38,782 WARNING CPLE_AppDefined in PROJ: internal_proj_create_from_name: /opt/anaconda3/share/proj/proj.db contains DATABASE.LAYOUT.VERSION.MINOR = 2 whereas a number >= 6 is expected. It comes from another PROJ installation.
2026-09-07 04:22:38,816 WARNING CPLE_AppDefined in PROJ: internal_proj_create_from_database: /opt/anaconda3/share/proj/proj.db contains DATABASE.LAYOUT.VERSION.MINOR = 2 whereas a number >= 6 is expected. It comes from another PROJ installation.
2026-09-07 04:22:38,816 WARNING CPLE_AppDefined in PROJ: internal_proj_create_from_name: /opt/anaconda3/share/proj/proj.db contains DATABASE.LAYOUT.VERSION.MINOR = 2 whereas a number >= 6 is expected. It comes from another PROJ installation.
2026-09-07 04:22:38,848 WARNING CPLE_AppDefined in PROJ: internal_proj_create_from_database: /opt/anaconda3/share/proj/proj.db contains DATABASE.LAYOUT.VERSION.MINOR = 2 whereas a number >= 6 is expected. It comes from another PROJ installation.
2026-09-07 04:22:38,848 WARNING CPLE_AppDefined in PROJ: internal_proj_create_from_name: /opt/anaconda3/share/proj/proj.db contains DATABASE.LAYOUT.VERSION.MINOR = 2 whereas a number >= 6 is expected. It comes from another PROJ installation.
2026-09-07 04:22:38,879 WARNING CPLE_AppDefined in PROJ: internal_proj_create_from_database: /opt/anaconda3/share/proj/proj.db contains DATABASE.LAYOUT.VERSION.MINOR = 2 whereas a number >= 6 is expected. It comes from another PROJ installation.
2026-09-07 04:22:38,879 WARNING CPLE_AppDefined in PROJ: internal_proj_create_from_name: /opt/anaconda3/share/proj/proj.db contains DATABASE.LAYOUT.VERSION.MINOR = 2 whereas a number >= 6 is expected. It comes from another PROJ installation.
2026-09-07 04:22:38,910 WARNING CPLE_AppDefined in PROJ: internal_proj_create_from_database: /opt/anaconda3/share/proj/proj.db contains DATABASE.LAYOUT.VERSION.MINOR = 2 whereas a number >= 6 is expected. It comes from another PROJ installation.
2026-09-07 04:22:38,910 WARNING CPLE_AppDefined in PROJ: internal_proj_create_from_name: /opt/anaconda3/share/proj/proj.db contains DATABASE.LAYOUT.VERSION.MINOR = 2 whereas a number >= 6 is expected. It comes from another PROJ installation.
2026-09-07 04:22:38,940 WARNING CPLE_AppDefined in PROJ: internal_proj_create_from_database: /opt/anaconda3/share/proj/proj.db contains DATABASE.LAYOUT.VERSION.MINOR = 2 whereas a number >= 6 is expected. It comes from another PROJ installation.
2026-09-07 04:22:38,940 WARNING CPLE_AppDefined in PROJ: internal_proj_create_from_name: /opt/anaconda3/share/proj/proj.db contains DATABASE.LAYOUT.VERSION.MINOR = 2 whereas a number >= 6 is expected. It comes from another PROJ installation.
2026-09-07 04:22:38,971 WARNING CPLE_AppDefined in PROJ: internal_proj_create_from_database: /opt/anaconda3/share/proj/proj.db contains DATABASE.LAYOUT.VERSION.MINOR = 2 whereas a number >= 6 is expected. It comes from another PROJ installation.
2026-09-07 04:22:38,971 WARNING CPLE_AppDefined in PROJ: internal_proj_create_from_name: /opt/anaconda3/share/proj/proj.db contains DATABASE.LAYOUT.VERSION.MINOR = 2 whereas a number >= 6 is expected. It comes from another PROJ installation.
2026-09-07 04:22:39,001 WARNING CPLE_AppDefined in PROJ: internal_proj_create_from_database: /opt/anaconda3/share/proj/proj.db contains DATABASE.LAYOUT.VERSION.MINOR = 2 whereas a number >= 6 is expected. It comes from another PROJ installation.
2026-09-07 04:22:39,001 WARNING CPLE_AppDefined in PROJ: internal_proj_create_from_name: /opt/anaconda3/share/proj/proj.db contains DATABASE.LAYOUT.VERSION.MINOR = 2 whereas a number >= 6 is expected. It comes from another PROJ installation.
2026-09-07 04:22:39,033 WARNING CPLE_AppDefined in PROJ: internal_proj_create_from_database: /opt/anaconda3/share/proj/proj.db contains DATABASE.LAYOUT.VERSION.MINOR = 2 whereas a number >= 6 is expected. It comes from another PROJ installation.
2026-09-07 04:22:39,033 WARNING CPLE_AppDefined in PROJ: internal_proj_create_from_name: /opt/anaconda3/share/proj/proj.db contains DATABASE.LAYOUT.VERSION.MINOR = 2 whereas a number >= 6 is expected. It comes from another PROJ installation.
2026-09-07 04:22:39,063 WARNING CPLE_AppDefined in PROJ: internal_proj_create_from_database: /opt/anaconda3/share/proj/proj.db contains DATABASE.LAYOUT.VERSION.MINOR = 2 whereas a number >= 6 is expected. It comes from another PROJ installation.
2026-09-07 04:22:39,063 WARNING CPLE_AppDefined in PROJ: internal_proj_create_from_name: /opt/anaconda3/share/proj/proj.db contains DATABASE.LAYOUT.VERSION.MINOR = 2 whereas a number >= 6 is expected. It comes from another PROJ installation.
2026-09-07 04:22:39,094 WARNING CPLE_AppDefined in PROJ: internal_proj_create_from_database: /opt/anaconda3/share/proj/proj.db contains DATABASE.LAYOUT.VERSION.MINOR = 2 whereas a number >= 6 is expected. It comes from another PROJ installation.
2026-09-07 04:22:39,094 WARNING CPLE_AppDefined in PROJ: internal_proj_create_from_name: /opt/anaconda3/share/proj/proj.db contains DATABASE.LAYOUT.VERSION.MINOR = 2 whereas a number >= 6 is expected. It comes from another PROJ installation.
2026-09-07 04:22:39,124 WARNING CPLE_AppDefined in PROJ: internal_proj_create_from_database: /opt/anaconda3/share/proj/proj.db contains DATABASE.LAYOUT.VERSION.MINOR = 2 whereas a number >= 6 is expected. It comes from another PROJ installation.
2026-09-07 04:22:39,124 WARNING CPLE_AppDefined in PROJ: internal_proj_create_from_name: /opt/anaconda3/share/proj/proj.db contains DATABASE.LAYOUT.VERSION.MINOR = 2 whereas a number >= 6 is expected. It comes from another PROJ installation.
2026-09-07 04:22:39,154 WARNING CPLE_AppDefined in PROJ: internal_proj_create_from_database: /opt/anaconda3/share/proj/proj.db contains DATABASE.LAYOUT.VERSION.MINOR = 2 whereas a number >= 6 is expected. It comes from another PROJ installation.
2026-09-07 04:22:39,154 WARNING CPLE_AppDefined in PROJ: internal_proj_create_from_name: /opt/anaconda3/share/proj/proj.db contains DATABASE.LAYOUT.VERSION.MINOR = 2 whereas a number >= 6 is expected. It comes from another PROJ installation.
2026-09-07 04:22:39,186 WARNING CPLE_AppDefined in PROJ: internal_proj_create_from_database: /opt/anaconda3/share/proj/proj.db contains DATABASE.LAYOUT.VERSION.MINOR = 2 whereas a number >= 6 is expected. It comes from another PROJ installation.
2026-09-07 04:22:39,186 WARNING CPLE_AppDefined in PROJ: internal_proj_create_from_name: /opt/anaconda3/share/proj/proj.db contains DATABASE.LAYOUT.VERSION.MINOR = 2 whereas a number >= 6 is expected. It comes from another PROJ installation.
2026-09-07 04:22:39,217 WARNING CPLE_AppDefined in PROJ: internal_proj_create_from_database: /opt/anaconda3/share/proj/proj.db contains DATABASE.LAYOUT.VERSION.MINOR = 2 whereas a number >= 6 is expected. It comes from another PROJ installation.
2026-09-07 04:22:39,217 WARNING CPLE_AppDefined in PROJ: internal_proj_create_from_name: /opt/anaconda3/share/proj/proj.db contains DATABASE.LAYOUT.VERSION.MINOR = 2 whereas a number >= 6 is expected. It comes from another PROJ installation.
2026-09-07 04:22:39,248 WARNING CPLE_AppDefined in PROJ: internal_proj_create_from_database: /opt/anaconda3/share/proj/proj.db contains DATABASE.LAYOUT.VERSION.MINOR = 2 whereas a number >= 6 is expected. It comes from another PROJ installation.
2026-09-07 04:22:39,248 WARNING CPLE_AppDefined in PROJ: internal_proj_create_from_name: /opt/anaconda3/share/proj/proj.db contains DATABASE.LAYOUT.VERSION.MINOR = 2 whereas a number >= 6 is expected. It comes from another PROJ installation.
2026-09-07 04:22:39,278 WARNING CPLE_AppDefined in PROJ: internal_proj_create_from_database: /opt/anaconda3/share/proj/proj.db contains DATABASE.LAYOUT.VERSION.MINOR = 2 whereas a number >= 6 is expected. It comes from another PROJ installation.
2026-09-07 04:22:39,278 WARNING CPLE_AppDefined in PROJ: internal_proj_create_from_name: /opt/anaconda3/share/proj/proj.db contains DATABASE.LAYOUT.VERSION.MINOR = 2 whereas a number >= 6 is expected. It comes from another PROJ installation.
2026-09-07 04:22:39,309 WARNING CPLE_AppDefined in PROJ: internal_proj_create_from_database: /opt/anaconda3/share/proj/proj.db contains DATABASE.LAYOUT.VERSION.MINOR = 2 whereas a number >= 6 is expected. It comes from another PROJ installation.
2026-09-07 04:22:39,309 WARNING CPLE_AppDefined in PROJ: internal_proj_create_from_name: /opt/anaconda3/share/proj/proj.db contains DATABASE.LAYOUT.VERSION.MINOR = 2 whereas a number >= 6 is expected. It comes from another PROJ installation.
2026-09-07 04:22:39,340 WARNING CPLE_AppDefined in PROJ: internal_proj_create_from_database: /opt/anaconda3/share/proj/proj.db contains DATABASE.LAYOUT.VERSION.MINOR = 2 whereas a number >= 6 is expected. It comes from another PROJ installation.
2026-09-07 04:22:39,340 WARNING CPLE_AppDefined in PROJ: internal_proj_create_from_name: /opt/anaconda3/share/proj/proj.db contains DATABASE.LAYOUT.VERSION.MINOR = 2 whereas a number >= 6 is expected. It comes from another PROJ installation.
2026-09-07 04:22:39,370 WARNING CPLE_AppDefined in PROJ: internal_proj_create_from_database: /opt/anaconda3/share/proj/proj.db contains DATABASE.LAYOUT.VERSION.MINOR = 2 whereas a number >= 6 is expected. It comes from another PROJ installation.
2026-09-07 04:22:39,370 WARNING CPLE_AppDefined in PROJ: internal_proj_create_from_name: /opt/anaconda3/share/proj/proj.db contains DATABASE.LAYOUT.VERSION.MINOR = 2 whereas a number >= 6 is expected. It comes from another PROJ installation.
2026-09-07 04:22:39,400 WARNING CPLE_AppDefined in PROJ: internal_proj_create_from_database: /opt/anaconda3/share/proj/proj.db contains DATABASE.LAYOUT.VERSION.MINOR = 2 whereas a number >= 6 is expected. It comes from another PROJ installation.
2026-09-07 04:22:39,400 WARNING CPLE_AppDefined in PROJ: internal_proj_create_from_name: /opt/anaconda3/share/proj/proj.db contains DATABASE.LAYOUT.VERSION.MINOR = 2 whereas a number >= 6 is expected. It comes from another PROJ installation.
2026-09-07 04:22:39,432 WARNING CPLE_AppDefined in PROJ: internal_proj_create_from_database: /opt/anaconda3/share/proj/proj.db contains DATABASE.LAYOUT.VERSION.MINOR = 2 whereas a number >= 6 is expected. It comes from another PROJ installation.
2026-09-07 04:22:39,432 WARNING CPLE_AppDefined in PROJ: internal_proj_create_from_name: /opt/anaconda3/share/proj/proj.db contains DATABASE.LAYOUT.VERSION.MINOR = 2 whereas a number >= 6 is expected. It comes from another PROJ installation.
2026-09-07 04:22:39,462 WARNING CPLE_AppDefined in PROJ: internal_proj_create_from_database: /opt/anaconda3/share/proj/proj.db contains DATABASE.LAYOUT.VERSION.MINOR = 2 whereas a number >= 6 is expected. It comes from another PROJ installation.
2026-09-07 04:22:39,462 WARNING CPLE_AppDefined in PROJ: internal_proj_create_from_name: /opt/anaconda3/share/proj/proj.db contains DATABASE.LAYOUT.VERSION.MINOR = 2 whereas a number >= 6 is expected. It comes from another PROJ installation.
2026-09-07 04:22:39,494 WARNING CPLE_AppDefined in PROJ: internal_proj_create_from_database: /opt/anaconda3/share/proj/proj.db contains DATABASE.LAYOUT.VERSION.MINOR = 2 whereas a number >= 6 is expected. It comes from another PROJ installation.
2026-09-07 04:22:39,494 WARNING CPLE_AppDefined in PROJ: internal_proj_create_from_name: /opt/anaconda3/share/proj/proj.db contains DATABASE.LAYOUT.VERSION.MINOR = 2 whereas a number >= 6 is expected. It comes from another PROJ installation.
2026-09-07 04:22:39,523 WARNING CPLE_AppDefined in PROJ: internal_proj_create_from_database: /opt/anaconda3/share/proj/proj.db contains DATABASE.LAYOUT.VERSION.MINOR = 2 whereas a number >= 6 is expected. It comes from another PROJ installation.
2026-09-07 04:22:39,523 WARNING CPLE_AppDefined in PROJ: internal_proj_create_from_name: /opt/anaconda3/share/proj/proj.db contains DATABASE.LAYOUT.VERSION.MINOR = 2 whereas a number >= 6 is expected. It comes from another PROJ installation.
2026-09-07 04:22:39,554 WARNING CPLE_AppDefined in PROJ: internal_proj_create_from_database: /opt/anaconda3/share/proj/proj.db contains DATABASE.LAYOUT.VERSION.MINOR = 2 whereas a number >= 6 is expected. It comes from another PROJ installation.
2026-09-07 04:22:39,554 WARNING CPLE_AppDefined in PROJ: internal_proj_create_from_name: /opt/anaconda3/share/proj/proj.db contains DATABASE.LAYOUT.VERSION.MINOR = 2 whereas a number >= 6 is expected. It comes from another PROJ installation.
2026-09-07 04:22:39,585 WARNING CPLE_AppDefined in PROJ: internal_proj_create_from_database: /opt/anaconda3/share/proj/proj.db contains DATABASE.LAYOUT.VERSION.MINOR = 2 whereas a number >= 6 is expected. It comes from another PROJ installation.
2026-09-07 04:22:39,585 WARNING CPLE_AppDefined in PROJ: internal_proj_create_from_name: /opt/anaconda3/share/proj/proj.db contains DATABASE.LAYOUT.VERSION.MINOR = 2 whereas a number >= 6 is expected. It comes from another PROJ installation.
2026-09-07 04:22:39,617 WARNING CPLE_AppDefined in PROJ: internal_proj_create_from_database: /opt/anaconda3/share/proj/proj.db contains DATABASE.LAYOUT.VERSION.MINOR = 2 whereas a number >= 6 is expected. It comes from another PROJ installation.
2026-09-07 04:22:39,617 WARNING CPLE_AppDefined in PROJ: internal_proj_create_from_name: /opt/anaconda3/share/proj/proj.db contains DATABASE.LAYOUT.VERSION.MINOR = 2 whereas a number >= 6 is expected. It comes from another PROJ installation.
2026-09-07 04:22:39,646 WARNING CPLE_AppDefined in PROJ: internal_proj_create_from_database: /opt/anaconda3/share/proj/proj.db contains DATABASE.LAYOUT.VERSION.MINOR = 2 whereas a number >= 6 is expected. It comes from another PROJ installation.
2026-09-07 04:22:39,646 WARNING CPLE_AppDefined in PROJ: internal_proj_create_from_name: /opt/anaconda3/share/proj/proj.db contains DATABASE.LAYOUT.VERSION.MINOR = 2 whereas a number >= 6 is expected. It comes from another PROJ installation.
2026-09-07 04:22:39,676 WARNING CPLE_AppDefined in PROJ: internal_proj_create_from_database: /opt/anaconda3/share/proj/proj.db contains DATABASE.LAYOUT.VERSION.MINOR = 2 whereas a number >= 6 is expected. It comes from another PROJ installation.
2026-09-07 04:22:39,676 WARNING CPLE_AppDefined in PROJ: internal_proj_create_from_name: /opt/anaconda3/share/proj/proj.db contains DATABASE.LAYOUT.VERSION.MINOR = 2 whereas a number >= 6 is expected. It comes from another PROJ installation.
2026-09-07 04:22:39,706 WARNING CPLE_AppDefined in PROJ: internal_proj_create_from_database: /opt/anaconda3/share/proj/proj.db contains DATABASE.LAYOUT.VERSION.MINOR = 2 whereas a number >= 6 is expected. It comes from another PROJ installation.
2026-09-07 04:22:39,706 WARNING CPLE_AppDefined in PROJ: internal_proj_create_from_name: /opt/anaconda3/share/proj/proj.db contains DATABASE.LAYOUT.VERSION.MINOR = 2 whereas a number >= 6 is expected. It comes from another PROJ installation.
2026-09-07 04:22:39,737 WARNING CPLE_AppDefined in PROJ: internal_proj_create_from_database: /opt/anaconda3/share/proj/proj.db contains DATABASE.LAYOUT.VERSION.MINOR = 2 whereas a number >= 6 is expected. It comes from another PROJ installation.
2026-09-07 04:22:39,737 WARNING CPLE_AppDefined in PROJ: internal_proj_create_from_name: /opt/anaconda3/share/proj/proj.db contains DATABASE.LAYOUT.VERSION.MINOR = 2 whereas a number >= 6 is expected. It comes from another PROJ installation.
2026-09-07 04:22:39,767 WARNING CPLE_AppDefined in PROJ: internal_proj_create_from_database: /opt/anaconda3/share/proj/proj.db contains DATABASE.LAYOUT.VERSION.MINOR = 2 whereas a number >= 6 is expected. It comes from another PROJ installation.
2026-09-07 04:22:39,767 WARNING CPLE_AppDefined in PROJ: internal_proj_create_from_name: /opt/anaconda3/share/proj/proj.db contains DATABASE.LAYOUT.VERSION.MINOR = 2 whereas a number >= 6 is expected. It comes from another PROJ installation.
2026-09-07 04:22:39,797 WARNING CPLE_AppDefined in PROJ: internal_proj_create_from_database: /opt/anaconda3/share/proj/proj.db contains DATABASE.LAYOUT.VERSION.MINOR = 2 whereas a number >= 6 is expected. It comes from another PROJ installation.
2026-09-07 04:22:39,798 WARNING CPLE_AppDefined in PROJ: internal_proj_create_from_name: /opt/anaconda3/share/proj/proj.db contains DATABASE.LAYOUT.VERSION.MINOR = 2 whereas a number >= 6 is expected. It comes from another PROJ installation.
2026-09-07 04:22:39,827 WARNING CPLE_AppDefined in PROJ: internal_proj_create_from_database: /opt/anaconda3/share/proj/proj.db contains DATABASE.LAYOUT.VERSION.MINOR = 2 whereas a number >= 6 is expected. It comes from another PROJ installation.
2026-09-07 04:22:39,827 WARNING CPLE_AppDefined in PROJ: internal_proj_create_from_name: /opt/anaconda3/share/proj/proj.db contains DATABASE.LAYOUT.VERSION.MINOR = 2 whereas a number >= 6 is expected. It comes from another PROJ installation.
2026-09-07 04:22:39,858 WARNING CPLE_AppDefined in PROJ: internal_proj_create_from_database: /opt/anaconda3/share/proj/proj.db contains DATABASE.LAYOUT.VERSION.MINOR = 2 whereas a number >= 6 is expected. It comes from another PROJ installation.
2026-09-07 04:22:39,858 WARNING CPLE_AppDefined in PROJ: internal_proj_create_from_name: /opt/anaconda3/share/proj/proj.db contains DATABASE.LAYOUT.VERSION.MINOR = 2 whereas a number >= 6 is expected. It comes from another PROJ installation.
2026-09-07 04:22:39,889 WARNING CPLE_AppDefined in PROJ: internal_proj_create_from_database: /opt/anaconda3/share/proj/proj.db contains DATABASE.LAYOUT.VERSION.MINOR = 2 whereas a number >= 6 is expected. It comes from another PROJ installation.
2026-09-07 04:22:39,889 WARNING CPLE_AppDefined in PROJ: internal_proj_create_from_name: /opt/anaconda3/share/proj/proj.db contains DATABASE.LAYOUT.VERSION.MINOR = 2 whereas a number >= 6 is expected. It comes from another PROJ installation.
2026-09-07 04:22:39,919 WARNING CPLE_AppDefined in PROJ: internal_proj_create_from_database: /opt/anaconda3/share/proj/proj.db contains DATABASE.LAYOUT.VERSION.MINOR = 2 whereas a number >= 6 is expected. It comes from another PROJ installation.
2026-09-07 04:22:39,919 WARNING CPLE_AppDefined in PROJ: internal_proj_create_from_name: /opt/anaconda3/share/proj/proj.db contains DATABASE.LAYOUT.VERSION.MINOR = 2 whereas a number >= 6 is expected. It comes from another PROJ installation.
2026-09-07 04:22:39,951 WARNING CPLE_AppDefined in PROJ: internal_proj_create_from_database: /opt/anaconda3/share/proj/proj.db contains DATABASE.LAYOUT.VERSION.MINOR = 2 whereas a number >= 6 is expected. It comes from another PROJ installation.
2026-09-07 04:22:39,951 WARNING CPLE_AppDefined in PROJ: internal_proj_create_from_name: /opt/anaconda3/share/proj/proj.db contains DATABASE.LAYOUT.VERSION.MINOR = 2 whereas a number >= 6 is expected. It comes from another PROJ installation.
2026-09-07 04:22:39,982 WARNING CPLE_AppDefined in PROJ: internal_proj_create_from_database: /opt/anaconda3/share/proj/proj.db contains DATABASE.LAYOUT.VERSION.MINOR = 2 whereas a number >= 6 is expected. It comes from another PROJ installation.
2026-09-07 04:22:39,982 WARNING CPLE_AppDefined in PROJ: internal_proj_create_from_name: /opt/anaconda3/share/proj/proj.db contains DATABASE.LAYOUT.VERSION.MINOR = 2 whereas a number >= 6 is expected. It comes from another PROJ installation.
2026-09-07 04:22:40,014 WARNING CPLE_AppDefined in PROJ: internal_proj_create_from_database: /opt/anaconda3/share/proj/proj.db contains DATABASE.LAYOUT.VERSION.MINOR = 2 whereas a number >= 6 is expected. It comes from another PROJ installation.
2026-09-07 04:22:40,014 WARNING CPLE_AppDefined in PROJ: internal_proj_create_from_name: /opt/anaconda3/share/proj/proj.db contains DATABASE.LAYOUT.VERSION.MINOR = 2 whereas a number >= 6 is expected. It comes from another PROJ installation.
2026-09-07 04:22:40,044 WARNING CPLE_AppDefined in PROJ: internal_proj_create_from_database: /opt/anaconda3/share/proj/proj.db contains DATABASE.LAYOUT.VERSION.MINOR = 2 whereas a number >= 6 is expected. It comes from another PROJ installation.
2026-09-07 04:22:40,044 WARNING CPLE_AppDefined in PROJ: internal_proj_create_from_name: /opt/anaconda3/share/proj/proj.db contains DATABASE.LAYOUT.VERSION.MINOR = 2 whereas a number >= 6 is expected. It comes from another PROJ installation.
2026-09-07 04:22:40,075 WARNING CPLE_AppDefined in PROJ: internal_proj_create_from_database: /opt/anaconda3/share/proj/proj.db contains DATABASE.LAYOUT.VERSION.MINOR = 2 whereas a number >= 6 is expected. It comes from another PROJ installation.
2026-09-07 04:22:40,075 WARNING CPLE_AppDefined in PROJ: internal_proj_create_from_name: /opt/anaconda3/share/proj/proj.db contains DATABASE.LAYOUT.VERSION.MINOR = 2 whereas a number >= 6 is expected. It comes from another PROJ installation.
2026-09-07 04:22:40,106 WARNING CPLE_AppDefined in PROJ: internal_proj_create_from_database: /opt/anaconda3/share/proj/proj.db contains DATABASE.LAYOUT.VERSION.MINOR = 2 whereas a number >= 6 is expected. It comes from another PROJ installation.
2026-09-07 04:22:40,106 WARNING CPLE_AppDefined in PROJ: internal_proj_create_from_name: /opt/anaconda3/share/proj/proj.db contains DATABASE.LAYOUT.VERSION.MINOR = 2 whereas a number >= 6 is expected. It comes from another PROJ installation.
2026-09-07 04:22:40,138 WARNING CPLE_AppDefined in PROJ: internal_proj_create_from_database: /opt/anaconda3/share/proj/proj.db contains DATABASE.LAYOUT.VERSION.MINOR = 2 whereas a number >= 6 is expected. It comes from another PROJ installation.
2026-09-07 04:22:40,138 WARNING CPLE_AppDefined in PROJ: internal_proj_create_from_name: /opt/anaconda3/share/proj/proj.db contains DATABASE.LAYOUT.VERSION.MINOR = 2 whereas a number >= 6 is expected. It comes from another PROJ installation.
2026-09-07 04:22:40,169 WARNING CPLE_AppDefined in PROJ: internal_proj_create_from_database: /opt/anaconda3/share/proj/proj.db contains DATABASE.LAYOUT.VERSION.MINOR = 2 whereas a number >= 6 is expected. It comes from another PROJ installation.
2026-09-07 04:22:40,169 WARNING CPLE_AppDefined in PROJ: internal_proj_create_from_name: /opt/anaconda3/share/proj/proj.db contains DATABASE.LAYOUT.VERSION.MINOR = 2 whereas a number >= 6 is expected. It comes from another PROJ installation.
2026-09-07 04:22:40,199 WARNING CPLE_AppDefined in PROJ: internal_proj_create_from_database: /opt/anaconda3/share/proj/proj.db contains DATABASE.LAYOUT.VERSION.MINOR = 2 whereas a number >= 6 is expected. It comes from another PROJ installation.
2026-09-07 04:22:40,199 WARNING CPLE_AppDefined in PROJ: internal_proj_create_from_name: /opt/anaconda3/share/proj/proj.db contains DATABASE.LAYOUT.VERSION.MINOR = 2 whereas a number >= 6 is expected. It comes from another PROJ installation.
2026-09-07 04:22:40,230 WARNING CPLE_AppDefined in PROJ: internal_proj_create_from_database: /opt/anaconda3/share/proj/proj.db contains DATABASE.LAYOUT.VERSION.MINOR = 2 whereas a number >= 6 is expected. It comes from another PROJ installation.
2026-09-07 04:22:40,230 WARNING CPLE_AppDefined in PROJ: internal_proj_create_from_name: /opt/anaconda3/share/proj/proj.db contains DATABASE.LAYOUT.VERSION.MINOR = 2 whereas a number >= 6 is expected. It comes from another PROJ installation.
2026-09-07 04:22:40,260 WARNING CPLE_AppDefined in PROJ: internal_proj_create_from_database: /opt/anaconda3/share/proj/proj.db contains DATABASE.LAYOUT.VERSION.MINOR = 2 whereas a number >= 6 is expected. It comes from another PROJ installation.
2026-09-07 04:22:40,260 WARNING CPLE_AppDefined in PROJ: internal_proj_create_from_name: /opt/anaconda3/share/proj/proj.db contains DATABASE.LAYOUT.VERSION.MINOR = 2 whereas a number >= 6 is expected. It comes from another PROJ installation.
2026-09-07 04:22:40,291 WARNING CPLE_AppDefined in PROJ: internal_proj_create_from_database: /opt/anaconda3/share/proj/proj.db contains DATABASE.LAYOUT.VERSION.MINOR = 2 whereas a number >= 6 is expected. It comes from another PROJ installation.
2026-09-07 04:22:40,291 WARNING CPLE_AppDefined in PROJ: internal_proj_create_from_name: /opt/anaconda3/share/proj/proj.db contains DATABASE.LAYOUT.VERSION.MINOR = 2 whereas a number >= 6 is expected. It comes from another PROJ installation.
2026-09-07 04:22:40,322 WARNING CPLE_AppDefined in PROJ: internal_proj_create_from_database: /opt/anaconda3/share/proj/proj.db contains DATABASE.LAYOUT.VERSION.MINOR = 2 whereas a number >= 6 is expected. It comes from another PROJ installation.
2026-09-07 04:22:40,322 WARNING CPLE_AppDefined in PROJ: internal_proj_create_from_name: /opt/anaconda3/share/proj/proj.db contains DATABASE.LAYOUT.VERSION.MINOR = 2 whereas a number >= 6 is expected. It comes from another PROJ installation.
2026-09-07 04:22:40,353 WARNING CPLE_AppDefined in PROJ: internal_proj_create_from_database: /opt/anaconda3/share/proj/proj.db contains DATABASE.LAYOUT.VERSION.MINOR = 2 whereas a number >= 6 is expected. It comes from another PROJ installation.
2026-09-07 04:22:40,353 WARNING CPLE_AppDefined in PROJ: internal_proj_create_from_name: /opt/anaconda3/share/proj/proj.db contains DATABASE.LAYOUT.VERSION.MINOR = 2 whereas a number >= 6 is expected. It comes from another PROJ installation.
2026-09-07 04:22:40,382 WARNING CPLE_AppDefined in PROJ: internal_proj_create_from_database: /opt/anaconda3/share/proj/proj.db contains DATABASE.LAYOUT.VERSION.MINOR = 2 whereas a number >= 6 is expected. It comes from another PROJ installation.
2026-09-07 04:22:40,383 WARNING CPLE_AppDefined in PROJ: internal_proj_create_from_name: /opt/anaconda3/share/proj/proj.db contains DATABASE.LAYOUT.VERSION.MINOR = 2 whereas a number >= 6 is expected. It comes from another PROJ installation.
2026-09-07 04:22:40,413 WARNING CPLE_AppDefined in PROJ: internal_proj_create_from_database: /opt/anaconda3/share/proj/proj.db contains DATABASE.LAYOUT.VERSION.MINOR = 2 whereas a number >= 6 is expected. It comes from another PROJ installation.
2026-09-07 04:22:40,413 WARNING CPLE_AppDefined in PROJ: internal_proj_create_from_name: /opt/anaconda3/share/proj/proj.db contains DATABASE.LAYOUT.VERSION.MINOR = 2 whereas a number >= 6 is expected. It comes from another PROJ installation.
2026-09-07 04:22:40,444 WARNING CPLE_AppDefined in PROJ: internal_proj_create_from_database: /opt/anaconda3/share/proj/proj.db contains DATABASE.LAYOUT.VERSION.MINOR = 2 whereas a number >= 6 is expected. It comes from another PROJ installation.
2026-09-07 04:22:40,445 WARNING CPLE_AppDefined in PROJ: internal_proj_create_from_name: /opt/anaconda3/share/proj/proj.db contains DATABASE.LAYOUT.VERSION.MINOR = 2 whereas a number >= 6 is expected. It comes from another PROJ installation.
2026-09-07 04:22:40,475 WARNING CPLE_AppDefined in PROJ: internal_proj_create_from_database: /opt/anaconda3/share/proj/proj.db contains DATABASE.LAYOUT.VERSION.MINOR = 2 whereas a number >= 6 is expected. It comes from another PROJ installation.
2026-09-07 04:22:40,475 WARNING CPLE_AppDefined in PROJ: internal_proj_create_from_name: /opt/anaconda3/share/proj/proj.db contains DATABASE.LAYOUT.VERSION.MINOR = 2 whereas a number >= 6 is expected. It comes from another PROJ installation.
2026-09-07 04:22:40,506 WARNING CPLE_AppDefined in PROJ: internal_proj_create_from_database: /opt/anaconda3/share/proj/proj.db contains DATABASE.LAYOUT.VERSION.MINOR = 2 whereas a number >= 6 is expected. It comes from another PROJ installation.
2026-09-07 04:22:40,506 WARNING CPLE_AppDefined in PROJ: internal_proj_create_from_name: /opt/anaconda3/share/proj/proj.db contains DATABASE.LAYOUT.VERSION.MINOR = 2 whereas a number >= 6 is expected. It comes from another PROJ installation.
2026-09-07 04:22:40,537 WARNING CPLE_AppDefined in PROJ: internal_proj_create_from_database: /opt/anaconda3/share/proj/proj.db contains DATABASE.LAYOUT.VERSION.MINOR = 2 whereas a number >= 6 is expected. It comes from another PROJ installation.
2026-09-07 04:22:40,537 WARNING CPLE_AppDefined in PROJ: internal_proj_create_from_name: /opt/anaconda3/share/proj/proj.db contains DATABASE.LAYOUT.VERSION.MINOR = 2 whereas a number >= 6 is expected. It comes from another PROJ installation.
2026-09-07 04:22:40,567 WARNING CPLE_AppDefined in PROJ: internal_proj_create_from_database: /opt/anaconda3/share/proj/proj.db contains DATABASE.LAYOUT.VERSION.MINOR = 2 whereas a number >= 6 is expected. It comes from another PROJ installation.
2026-09-07 04:22:40,567 WARNING CPLE_AppDefined in PROJ: internal_proj_create_from_name: /opt/anaconda3/share/proj/proj.db contains DATABASE.LAYOUT.VERSION.MINOR = 2 whereas a number >= 6 is expected. It comes from another PROJ installation.
2026-09-07 04:22:40,598 WARNING CPLE_AppDefined in PROJ: internal_proj_create_from_database: /opt/anaconda3/share/proj/proj.db contains DATABASE.LAYOUT.VERSION.MINOR = 2 whereas a number >= 6 is expected. It comes from another PROJ installation.
2026-09-07 04:22:40,598 WARNING CPLE_AppDefined in PROJ: internal_proj_create_from_name: /opt/anaconda3/share/proj/proj.db contains DATABASE.LAYOUT.VERSION.MINOR = 2 whereas a number >= 6 is expected. It comes from another PROJ installation.
2026-09-07 04:22:40,628 WARNING CPLE_AppDefined in PROJ: internal_proj_create_from_database: /opt/anaconda3/share/proj/proj.db contains DATABASE.LAYOUT.VERSION.MINOR = 2 whereas a number >= 6 is expected. It comes from another PROJ installation.
2026-09-07 04:22:40,628 WARNING CPLE_AppDefined in PROJ: internal_proj_create_from_name: /opt/anaconda3/share/proj/proj.db contains DATABASE.LAYOUT.VERSION.MINOR = 2 whereas a number >= 6 is expected. It comes from another PROJ installation.
2026-09-07 04:22:40,658 WARNING CPLE_AppDefined in PROJ: internal_proj_create_from_database: /opt/anaconda3/share/proj/proj.db contains DATABASE.LAYOUT.VERSION.MINOR = 2 whereas a number >= 6 is expected. It comes from another PROJ installation.
2026-09-07 04:22:40,658 WARNING CPLE_AppDefined in PROJ: internal_proj_create_from_name: /opt/anaconda3/share/proj/proj.db contains DATABASE.LAYOUT.VERSION.MINOR = 2 whereas a number >= 6 is expected. It comes from another PROJ installation.
2026-09-07 04:22:40,689 WARNING CPLE_AppDefined in PROJ: internal_proj_create_from_database: /opt/anaconda3/share/proj/proj.db contains DATABASE.LAYOUT.VERSION.MINOR = 2 whereas a number >= 6 is expected. It comes from another PROJ installation.
2026-09-07 04:22:40,689 WARNING CPLE_AppDefined in PROJ: internal_proj_create_from_name: /opt/anaconda3/share/proj/proj.db contains DATABASE.LAYOUT.VERSION.MINOR = 2 whereas a number >= 6 is expected. It comes from another PROJ installation.
2026-09-07 04:22:40,720 WARNING CPLE_AppDefined in PROJ: internal_proj_create_from_database: /opt/anaconda3/share/proj/proj.db contains DATABASE.LAYOUT.VERSION.MINOR = 2 whereas a number >= 6 is expected. It comes from another PROJ installation.
2026-09-07 04:22:40,720 WARNING CPLE_AppDefined in PROJ: internal_proj_create_from_name: /opt/anaconda3/share/proj/proj.db contains DATABASE.LAYOUT.VERSION.MINOR = 2 whereas a number >= 6 is expected. It comes from another PROJ installation.
2026-09-07 04:22:40,750 WARNING CPLE_AppDefined in PROJ: internal_proj_create_from_database: /opt/anaconda3/share/proj/proj.db contains DATABASE.LAYOUT.VERSION.MINOR = 2 whereas a number >= 6 is expected. It comes from another PROJ installation.
2026-09-07 04:22:40,750 WARNING CPLE_AppDefined in PROJ: internal_proj_create_from_name: /opt/anaconda3/share/proj/proj.db contains DATABASE.LAYOUT.VERSION.MINOR = 2 whereas a number >= 6 is expected. It comes from another PROJ installation.
2026-09-07 04:22:40,780 WARNING CPLE_AppDefined in PROJ: internal_proj_create_from_database: /opt/anaconda3/share/proj/proj.db contains DATABASE.LAYOUT.VERSION.MINOR = 2 whereas a number >= 6 is expected. It comes from another PROJ installation.
2026-09-07 04:22:40,780 WARNING CPLE_AppDefined in PROJ: internal_proj_create_from_name: /opt/anaconda3/share/proj/proj.db contains DATABASE.LAYOUT.VERSION.MINOR = 2 whereas a number >= 6 is expected. It comes from another PROJ installation.
2026-09-07 04:22:40,811 WARNING CPLE_AppDefined in PROJ: internal_proj_create_from_database: /opt/anaconda3/share/proj/proj.db contains DATABASE.LAYOUT.VERSION.MINOR = 2 whereas a number >= 6 is expected. It comes from another PROJ installation.
2026-09-07 04:22:40,811 WARNING CPLE_AppDefined in PROJ: internal_proj_create_from_name: /opt/anaconda3/share/proj/proj.db contains DATABASE.LAYOUT.VERSION.MINOR = 2 whereas a number >= 6 is expected. It comes from another PROJ installation.
2026-09-07 04:22:40,842 WARNING CPLE_AppDefined in PROJ: internal_proj_create_from_database: /opt/anaconda3/share/proj/proj.db contains DATABASE.LAYOUT.VERSION.MINOR = 2 whereas a number >= 6 is expected. It comes from another PROJ installation.
2026-09-07 04:22:40,843 WARNING CPLE_AppDefined in PROJ: internal_proj_create_from_name: /opt/anaconda3/share/proj/proj.db contains DATABASE.LAYOUT.VERSION.MINOR = 2 whereas a number >= 6 is expected. It comes from another PROJ installation.
2026-09-07 04:22:40,874 WARNING CPLE_AppDefined in PROJ: internal_proj_create_from_database: /opt/anaconda3/share/proj/proj.db contains DATABASE.LAYOUT.VERSION.MINOR = 2 whereas a number >= 6 is expected. It comes from another PROJ installation.
2026-09-07 04:22:40,874 WARNING CPLE_AppDefined in PROJ: internal_proj_create_from_name: /opt/anaconda3/share/proj/proj.db contains DATABASE.LAYOUT.VERSION.MINOR = 2 whereas a number >= 6 is expected. It comes from another PROJ installation.
2026-09-07 04:22:40,904 WARNING CPLE_AppDefined in PROJ: internal_proj_create_from_database: /opt/anaconda3/share/proj/proj.db contains DATABASE.LAYOUT.VERSION.MINOR = 2 whereas a number >= 6 is expected. It comes from another PROJ installation.
2026-09-07 04:22:40,904 WARNING CPLE_AppDefined in PROJ: internal_proj_create_from_name: /opt/anaconda3/share/proj/proj.db contains DATABASE.LAYOUT.VERSION.MINOR = 2 whereas a number >= 6 is expected. It comes from another PROJ installation.
2026-09-07 04:22:40,934 WARNING CPLE_AppDefined in PROJ: internal_proj_create_from_database: /opt/anaconda3/share/proj/proj.db contains DATABASE.LAYOUT.VERSION.MINOR = 2 whereas a number >= 6 is expected. It comes from another PROJ installation.
2026-09-07 04:22:40,934 WARNING CPLE_AppDefined in PROJ: internal_proj_create_from_name: /opt/anaconda3/share/proj/proj.db contains DATABASE.LAYOUT.VERSION.MINOR = 2 whereas a number >= 6 is expected. It comes from another PROJ installation.
2026-09-07 04:22:40,965 WARNING CPLE_AppDefined in PROJ: internal_proj_create_from_database: /opt/anaconda3/share/proj/proj.db contains DATABASE.LAYOUT.VERSION.MINOR = 2 whereas a number >= 6 is expected. It comes from another PROJ installation.
2026-09-07 04:22:40,965 WARNING CPLE_AppDefined in PROJ: internal_proj_create_from_name: /opt/anaconda3/share/proj/proj.db contains DATABASE.LAYOUT.VERSION.MINOR = 2 whereas a number >= 6 is expected. It comes from another PROJ installation.
2026-09-07 04:22:40,996 WARNING CPLE_AppDefined in PROJ: internal_proj_create_from_database: /opt/anaconda3/share/proj/proj.db contains DATABASE.LAYOUT.VERSION.MINOR = 2 whereas a number >= 6 is expected. It comes from another PROJ installation.
2026-09-07 04:22:40,996 WARNING CPLE_AppDefined in PROJ: internal_proj_create_from_name: /opt/anaconda3/share/proj/proj.db contains DATABASE.LAYOUT.VERSION.MINOR = 2 whereas a number >= 6 is expected. It comes from another PROJ installation.
2026-09-07 04:22:41,026 WARNING CPLE_AppDefined in PROJ: internal_proj_create_from_database: /opt/anaconda3/share/proj/proj.db contains DATABASE.LAYOUT.VERSION.MINOR = 2 whereas a number >= 6 is expected. It comes from another PROJ installation.
2026-09-07 04:22:41,026 WARNING CPLE_AppDefined in PROJ: internal_proj_create_from_name: /opt/anaconda3/share/proj/proj.db contains DATABASE.LAYOUT.VERSION.MINOR = 2 whereas a number >= 6 is expected. It comes from another PROJ installation.
2026-09-07 04:22:41,055 WARNING CPLE_AppDefined in PROJ: internal_proj_create_from_database: /opt/anaconda3/share/proj/proj.db contains DATABASE.LAYOUT.VERSION.MINOR = 2 whereas a number >= 6 is expected. It comes from another PROJ installation.
2026-09-07 04:22:41,055 WARNING CPLE_AppDefined in PROJ: internal_proj_create_from_name: /opt/anaconda3/share/proj/proj.db contains DATABASE.LAYOUT.VERSION.MINOR = 2 whereas a number >= 6 is expected. It comes from another PROJ installation.
2026-09-07 04:22:41,085 WARNING CPLE_AppDefined in PROJ: internal_proj_create_from_database: /opt/anaconda3/share/proj/proj.db contains DATABASE.LAYOUT.VERSION.MINOR = 2 whereas a number >= 6 is expected. It comes from another PROJ installation.
2026-09-07 04:22:41,085 WARNING CPLE_AppDefined in PROJ: internal_proj_create_from_name: /opt/anaconda3/share/proj/proj.db contains DATABASE.LAYOUT.VERSION.MINOR = 2 whereas a number >= 6 is expected. It comes from another PROJ installation.
2026-09-07 04:22:41,116 WARNING CPLE_AppDefined in PROJ: internal_proj_create_from_database: /opt/anaconda3/share/proj/proj.db contains DATABASE.LAYOUT.VERSION.MINOR = 2 whereas a number >= 6 is expected. It comes from another PROJ installation.
2026-09-07 04:22:41,116 WARNING CPLE_AppDefined in PROJ: internal_proj_create_from_name: /opt/anaconda3/share/proj/proj.db contains DATABASE.LAYOUT.VERSION.MINOR = 2 whereas a number >= 6 is expected. It comes from another PROJ installation.
2026-09-07 04:22:41,145 WARNING CPLE_AppDefined in PROJ: internal_proj_create_from_database: /opt/anaconda3/share/proj/proj.db contains DATABASE.LAYOUT.VERSION.MINOR = 2 whereas a number >= 6 is expected. It comes from another PROJ installation.
2026-09-07 04:22:41,145 WARNING CPLE_AppDefined in PROJ: internal_proj_create_from_name: /opt/anaconda3/share/proj/proj.db contains DATABASE.LAYOUT.VERSION.MINOR = 2 whereas a number >= 6 is expected. It comes from another PROJ installation.
2026-09-07 04:22:41,175 WARNING CPLE_AppDefined in PROJ: internal_proj_create_from_database: /opt/anaconda3/share/proj/proj.db contains DATABASE.LAYOUT.VERSION.MINOR = 2 whereas a number >= 6 is expected. It comes from another PROJ installation.
2026-09-07 04:22:41,175 WARNING CPLE_AppDefined in PROJ: internal_proj_create_from_name: /opt/anaconda3/share/proj/proj.db contains DATABASE.LAYOUT.VERSION.MINOR = 2 whereas a number >= 6 is expected. It comes from another PROJ installation.
2026-09-07 04:22:41,205 WARNING CPLE_AppDefined in PROJ: internal_proj_create_from_database: /opt/anaconda3/share/proj/proj.db contains DATABASE.LAYOUT.VERSION.MINOR = 2 whereas a number >= 6 is expected. It comes from another PROJ installation.
2026-09-07 04:22:41,205 WARNING CPLE_AppDefined in PROJ: internal_proj_create_from_name: /opt/anaconda3/share/proj/proj.db contains DATABASE.LAYOUT.VERSION.MINOR = 2 whereas a number >= 6 is expected. It comes from another PROJ installation.
2026-09-07 04:22:41,236 WARNING CPLE_AppDefined in PROJ: internal_proj_create_from_database: /opt/anaconda3/share/proj/proj.db contains DATABASE.LAYOUT.VERSION.MINOR = 2 whereas a number >= 6 is expected. It comes from another PROJ installation.
2026-09-07 04:22:41,236 WARNING CPLE_AppDefined in PROJ: internal_proj_create_from_name: /opt/anaconda3/share/proj/proj.db contains DATABASE.LAYOUT.VERSION.MINOR = 2 whereas a number >= 6 is expected. It comes from another PROJ installation.
2026-09-07 04:22:41,266 WARNING CPLE_AppDefined in PROJ: internal_proj_create_from_database: /opt/anaconda3/share/proj/proj.db contains DATABASE.LAYOUT.VERSION.MINOR = 2 whereas a number >= 6 is expected. It comes from another PROJ installation.
2026-09-07 04:22:41,266 WARNING CPLE_AppDefined in PROJ: internal_proj_create_from_name: /opt/anaconda3/share/proj/proj.db contains DATABASE.LAYOUT.VERSION.MINOR = 2 whereas a number >= 6 is expected. It comes from another PROJ installation.
2026-09-07 04:22:41,296 WARNING CPLE_AppDefined in PROJ: internal_proj_create_from_database: /opt/anaconda3/share/proj/proj.db contains DATABASE.LAYOUT.VERSION.MINOR = 2 whereas a number >= 6 is expected. It comes from another PROJ installation.
2026-09-07 04:22:41,296 WARNING CPLE_AppDefined in PROJ: internal_proj_create_from_name: /opt/anaconda3/share/proj/proj.db contains DATABASE.LAYOUT.VERSION.MINOR = 2 whereas a number >= 6 is expected. It comes from another PROJ installation.
2026-09-07 04:22:41,325 WARNING CPLE_AppDefined in PROJ: internal_proj_create_from_database: /opt/anaconda3/share/proj/proj.db contains DATABASE.LAYOUT.VERSION.MINOR = 2 whereas a number >= 6 is expected. It comes from another PROJ installation.
2026-09-07 04:22:41,325 WARNING CPLE_AppDefined in PROJ: internal_proj_create_from_name: /opt/anaconda3/share/proj/proj.db contains DATABASE.LAYOUT.VERSION.MINOR = 2 whereas a number >= 6 is expected. It comes from another PROJ installation.
2026-09-07 04:22:41,354 WARNING CPLE_AppDefined in PROJ: internal_proj_create_from_database: /opt/anaconda3/share/proj/proj.db contains DATABASE.LAYOUT.VERSION.MINOR = 2 whereas a number >= 6 is expected. It comes from another PROJ installation.
2026-09-07 04:22:41,355 WARNING CPLE_AppDefined in PROJ: internal_proj_create_from_name: /opt/anaconda3/share/proj/proj.db contains DATABASE.LAYOUT.VERSION.MINOR = 2 whereas a number >= 6 is expected. It comes from another PROJ installation.
2026-09-07 04:22:41,384 WARNING CPLE_AppDefined in PROJ: internal_proj_create_from_database: /opt/anaconda3/share/proj/proj.db contains DATABASE.LAYOUT.VERSION.MINOR = 2 whereas a number >= 6 is expected. It comes from another PROJ installation.
2026-09-07 04:22:41,384 WARNING CPLE_AppDefined in PROJ: internal_proj_create_from_name: /opt/anaconda3/share/proj/proj.db contains DATABASE.LAYOUT.VERSION.MINOR = 2 whereas a number >= 6 is expected. It comes from another PROJ installation.
2026-09-07 04:22:41,414 WARNING CPLE_AppDefined in PROJ: internal_proj_create_from_database: /opt/anaconda3/share/proj/proj.db contains DATABASE.LAYOUT.VERSION.MINOR = 2 whereas a number >= 6 is expected. It comes from another PROJ installation.
2026-09-07 04:22:41,414 WARNING CPLE_AppDefined in PROJ: internal_proj_create_from_name: /opt/anaconda3/share/proj/proj.db contains DATABASE.LAYOUT.VERSION.MINOR = 2 whereas a number >= 6 is expected. It comes from another PROJ installation.
2026-09-07 04:22:41,444 WARNING CPLE_AppDefined in PROJ: internal_proj_create_from_database: /opt/anaconda3/share/proj/proj.db contains DATABASE.LAYOUT.VERSION.MINOR = 2 whereas a number >= 6 is expected. It comes from another PROJ installation.
2026-09-07 04:22:41,444 WARNING CPLE_AppDefined in PROJ: internal_proj_create_from_name: /opt/anaconda3/share/proj/proj.db contains DATABASE.LAYOUT.VERSION.MINOR = 2 whereas a number >= 6 is expected. It comes from another PROJ installation.
2026-09-07 04:22:41,474 WARNING CPLE_AppDefined in PROJ: internal_proj_create_from_database: /opt/anaconda3/share/proj/proj.db contains DATABASE.LAYOUT.VERSION.MINOR = 2 whereas a number >= 6 is expected. It comes from another PROJ installation.
2026-09-07 04:22:41,474 WARNING CPLE_AppDefined in PROJ: internal_proj_create_from_name: /opt/anaconda3/share/proj/proj.db contains DATABASE.LAYOUT.VERSION.MINOR = 2 whereas a number >= 6 is expected. It comes from another PROJ installation.
2026-09-07 04:22:41,503 WARNING CPLE_AppDefined in PROJ: internal_proj_create_from_database: /opt/anaconda3/share/proj/proj.db contains DATABASE.LAYOUT.VERSION.MINOR = 2 whereas a number >= 6 is expected. It comes from another PROJ installation.
2026-09-07 04:22:41,503 WARNING CPLE_AppDefined in PROJ: internal_proj_create_from_name: /opt/anaconda3/share/proj/proj.db contains DATABASE.LAYOUT.VERSION.MINOR = 2 whereas a number >= 6 is expected. It comes from another PROJ installation.
2026-09-07 04:22:41,533 WARNING CPLE_AppDefined in PROJ: internal_proj_create_from_database: /opt/anaconda3/share/proj/proj.db contains DATABASE.LAYOUT.VERSION.MINOR = 2 whereas a number >= 6 is expected. It comes from another PROJ installation.
2026-09-07 04:22:41,533 WARNING CPLE_AppDefined in PROJ: internal_proj_create_from_name: /opt/anaconda3/share/proj/proj.db contains DATABASE.LAYOUT.VERSION.MINOR = 2 whereas a number >= 6 is expected. It comes from another PROJ installation.
2026-09-07 04:22:41,564 WARNING CPLE_AppDefined in PROJ: internal_proj_create_from_database: /opt/anaconda3/share/proj/proj.db contains DATABASE.LAYOUT.VERSION.MINOR = 2 whereas a number >= 6 is expected. It comes from another PROJ installation.
2026-09-07 04:22:41,564 WARNING CPLE_AppDefined in PROJ: internal_proj_create_from_name: /opt/anaconda3/share/proj/proj.db contains DATABASE.LAYOUT.VERSION.MINOR = 2 whereas a number >= 6 is expected. It comes from another PROJ installation.
2026-09-07 04:22:41,594 WARNING CPLE_AppDefined in PROJ: internal_proj_create_from_database: /opt/anaconda3/share/proj/proj.db contains DATABASE.LAYOUT.VERSION.MINOR = 2 whereas a number >= 6 is expected. It comes from another PROJ installation.
2026-09-07 04:22:41,594 WARNING CPLE_AppDefined in PROJ: internal_proj_create_from_name: /opt/anaconda3/share/proj/proj.db contains DATABASE.LAYOUT.VERSION.MINOR = 2 whereas a number >= 6 is expected. It comes from another PROJ installation.
2026-09-07 04:22:41,624 WARNING CPLE_AppDefined in PROJ: internal_proj_create_from_database: /opt/anaconda3/share/proj/proj.db contains DATABASE.LAYOUT.VERSION.MINOR = 2 whereas a number >= 6 is expected. It comes from another PROJ installation.
2026-09-07 04:22:41,624 WARNING CPLE_AppDefined in PROJ: internal_proj_create_from_name: /opt/anaconda3/share/proj/proj.db contains DATABASE.LAYOUT.VERSION.MINOR = 2 whereas a number >= 6 is expected. It comes from another PROJ installation.
2026-09-07 04:22:41,654 WARNING CPLE_AppDefined in PROJ: internal_proj_create_from_database: /opt/anaconda3/share/proj/proj.db contains DATABASE.LAYOUT.VERSION.MINOR = 2 whereas a number >= 6 is expected. It comes from another PROJ installation.
2026-09-07 04:22:41,655 WARNING CPLE_AppDefined in PROJ: internal_proj_create_from_name: /opt/anaconda3/share/proj/proj.db contains DATABASE.LAYOUT.VERSION.MINOR = 2 whereas a number >= 6 is expected. It comes from another PROJ installation.
2026-09-07 04:22:41,684 WARNING CPLE_AppDefined in PROJ: internal_proj_create_from_database: /opt/anaconda3/share/proj/proj.db contains DATABASE.LAYOUT.VERSION.MINOR = 2 whereas a number >= 6 is expected. It comes from another PROJ installation.
2026-09-07 04:22:41,684 WARNING CPLE_AppDefined in PROJ: internal_proj_create_from_name: /opt/anaconda3/share/proj/proj.db contains DATABASE.LAYOUT.VERSION.MINOR = 2 whereas a number >= 6 is expected. It comes from another PROJ installation.
2026-09-07 04:22:41,713 WARNING CPLE_AppDefined in PROJ: internal_proj_create_from_database: /opt/anaconda3/share/proj/proj.db contains DATABASE.LAYOUT.VERSION.MINOR = 2 whereas a number >= 6 is expected. It comes from another PROJ installation.
2026-09-07 04:22:41,713 WARNING CPLE_AppDefined in PROJ: internal_proj_create_from_name: /opt/anaconda3/share/proj/proj.db contains DATABASE.LAYOUT.VERSION.MINOR = 2 whereas a number >= 6 is expected. It comes from another PROJ installation.
2026-09-07 04:22:41,723 INFO Saved /Users/helloworld/Desktop/SIH/SIH2026/data/regions/uttar_pradesh/satellite/chirps_uttar_pradesh_2016.nc (0.4 MB)
2026-09-07 04:32:17,738 INFO Saved /Users/helloworld/Desktop/SIH/SIH2026/data/regions/uttar_pradesh/nwp/era5_uttar_pradesh_2016.nc
2026-09-07 04:58:27,522 INFO Saved /Users/helloworld/Desktop/SIH/SIH2026/data/regions/uttar_pradesh/radar/merra2_uttar_pradesh_2016.nc
2026-09-07 04:58:27,748 INFO Building CHIRPS NetCDF for 2018 (122 days)...
2026-09-07 04:58:27,777 WARNING CPLE_AppDefined in PROJ: internal_proj_create_from_database: /opt/anaconda3/share/proj/proj.db contains DATABASE.LAYOUT.VERSION.MINOR = 2 whereas a number >= 6 is expected. It comes from another PROJ installation.
2026-09-07 04:58:27,777 WARNING CPLE_AppDefined in PROJ: internal_proj_create_from_name: /opt/anaconda3/share/proj/proj.db contains DATABASE.LAYOUT.VERSION.MINOR = 2 whereas a number >= 6 is expected. It comes from another PROJ installation.
2026-09-07 04:58:27,808 WARNING CPLE_AppDefined in PROJ: internal_proj_create_from_database: /opt/anaconda3/share/proj/proj.db contains DATABASE.LAYOUT.VERSION.MINOR = 2 whereas a number >= 6 is expected. It comes from another PROJ installation.
2026-09-07 04:58:27,808 WARNING CPLE_AppDefined in PROJ: internal_proj_create_from_name: /opt/anaconda3/share/proj/proj.db contains DATABASE.LAYOUT.VERSION.MINOR = 2 whereas a number >= 6 is expected. It comes from another PROJ installation.
2026-09-07 04:58:27,838 WARNING CPLE_AppDefined in PROJ: internal_proj_create_from_database: /opt/anaconda3/share/proj/proj.db contains DATABASE.LAYOUT.VERSION.MINOR = 2 whereas a number >= 6 is expected. It comes from another PROJ installation.
2026-09-07 04:58:27,838 WARNING CPLE_AppDefined in PROJ: internal_proj_create_from_name: /opt/anaconda3/share/proj/proj.db contains DATABASE.LAYOUT.VERSION.MINOR = 2 whereas a number >= 6 is expected. It comes from another PROJ installation.
2026-09-07 04:58:27,869 WARNING CPLE_AppDefined in PROJ: internal_proj_create_from_database: /opt/anaconda3/share/proj/proj.db contains DATABASE.LAYOUT.VERSION.MINOR = 2 whereas a number >= 6 is expected. It comes from another PROJ installation.
2026-09-07 04:58:27,869 WARNING CPLE_AppDefined in PROJ: internal_proj_create_from_name: /opt/anaconda3/share/proj/proj.db contains DATABASE.LAYOUT.VERSION.MINOR = 2 whereas a number >= 6 is expected. It comes from another PROJ installation.
2026-09-07 04:58:27,900 WARNING CPLE_AppDefined in PROJ: internal_proj_create_from_database: /opt/anaconda3/share/proj/proj.db contains DATABASE.LAYOUT.VERSION.MINOR = 2 whereas a number >= 6 is expected. It comes from another PROJ installation.
2026-09-07 04:58:27,900 WARNING CPLE_AppDefined in PROJ: internal_proj_create_from_name: /opt/anaconda3/share/proj/proj.db contains DATABASE.LAYOUT.VERSION.MINOR = 2 whereas a number >= 6 is expected. It comes from another PROJ installation.
2026-09-07 04:58:27,930 WARNING CPLE_AppDefined in PROJ: internal_proj_create_from_database: /opt/anaconda3/share/proj/proj.db contains DATABASE.LAYOUT.VERSION.MINOR = 2 whereas a number >= 6 is expected. It comes from another PROJ installation.
2026-09-07 04:58:27,931 WARNING CPLE_AppDefined in PROJ: internal_proj_create_from_name: /opt/anaconda3/share/proj/proj.db contains DATABASE.LAYOUT.VERSION.MINOR = 2 whereas a number >= 6 is expected. It comes from another PROJ installation.
2026-09-07 04:58:27,962 WARNING CPLE_AppDefined in PROJ: internal_proj_create_from_database: /opt/anaconda3/share/proj/proj.db contains DATABASE.LAYOUT.VERSION.MINOR = 2 whereas a number >= 6 is expected. It comes from another PROJ installation.
2026-09-07 04:58:27,962 WARNING CPLE_AppDefined in PROJ: internal_proj_create_from_name: /opt/anaconda3/share/proj/proj.db contains DATABASE.LAYOUT.VERSION.MINOR = 2 whereas a number >= 6 is expected. It comes from another PROJ installation.
2026-09-07 04:58:27,993 WARNING CPLE_AppDefined in PROJ: internal_proj_create_from_database: /opt/anaconda3/share/proj/proj.db contains DATABASE.LAYOUT.VERSION.MINOR = 2 whereas a number >= 6 is expected. It comes from another PROJ installation.
2026-09-07 04:58:27,993 WARNING CPLE_AppDefined in PROJ: internal_proj_create_from_name: /opt/anaconda3/share/proj/proj.db contains DATABASE.LAYOUT.VERSION.MINOR = 2 whereas a number >= 6 is expected. It comes from another PROJ installation.
2026-09-07 04:58:28,022 WARNING CPLE_AppDefined in PROJ: internal_proj_create_from_database: /opt/anaconda3/share/proj/proj.db contains DATABASE.LAYOUT.VERSION.MINOR = 2 whereas a number >= 6 is expected. It comes from another PROJ installation.
2026-09-07 04:58:28,022 WARNING CPLE_AppDefined in PROJ: internal_proj_create_from_name: /opt/anaconda3/share/proj/proj.db contains DATABASE.LAYOUT.VERSION.MINOR = 2 whereas a number >= 6 is expected. It comes from another PROJ installation.
2026-09-07 04:58:28,053 WARNING CPLE_AppDefined in PROJ: internal_proj_create_from_database: /opt/anaconda3/share/proj/proj.db contains DATABASE.LAYOUT.VERSION.MINOR = 2 whereas a number >= 6 is expected. It comes from another PROJ installation.
2026-09-07 04:58:28,053 WARNING CPLE_AppDefined in PROJ: internal_proj_create_from_name: /opt/anaconda3/share/proj/proj.db contains DATABASE.LAYOUT.VERSION.MINOR = 2 whereas a number >= 6 is expected. It comes from another PROJ installation.
2026-09-07 04:58:28,085 WARNING CPLE_AppDefined in PROJ: internal_proj_create_from_database: /opt/anaconda3/share/proj/proj.db contains DATABASE.LAYOUT.VERSION.MINOR = 2 whereas a number >= 6 is expected. It comes from another PROJ installation.
2026-09-07 04:58:28,086 WARNING CPLE_AppDefined in PROJ: internal_proj_create_from_name: /opt/anaconda3/share/proj/proj.db contains DATABASE.LAYOUT.VERSION.MINOR = 2 whereas a number >= 6 is expected. It comes from another PROJ installation.
2026-09-07 04:58:28,117 WARNING CPLE_AppDefined in PROJ: internal_proj_create_from_database: /opt/anaconda3/share/proj/proj.db contains DATABASE.LAYOUT.VERSION.MINOR = 2 whereas a number >= 6 is expected. It comes from another PROJ installation.
2026-09-07 04:58:28,117 WARNING CPLE_AppDefined in PROJ: internal_proj_create_from_name: /opt/anaconda3/share/proj/proj.db contains DATABASE.LAYOUT.VERSION.MINOR = 2 whereas a number >= 6 is expected. It comes from another PROJ installation.
2026-09-07 04:58:28,148 WARNING CPLE_AppDefined in PROJ: internal_proj_create_from_database: /opt/anaconda3/share/proj/proj.db contains DATABASE.LAYOUT.VERSION.MINOR = 2 whereas a number >= 6 is expected. It comes from another PROJ installation.
2026-09-07 04:58:28,148 WARNING CPLE_AppDefined in PROJ: internal_proj_create_from_name: /opt/anaconda3/share/proj/proj.db contains DATABASE.LAYOUT.VERSION.MINOR = 2 whereas a number >= 6 is expected. It comes from another PROJ installation.
2026-09-07 04:58:28,178 WARNING CPLE_AppDefined in PROJ: internal_proj_create_from_database: /opt/anaconda3/share/proj/proj.db contains DATABASE.LAYOUT.VERSION.MINOR = 2 whereas a number >= 6 is expected. It comes from another PROJ installation.
2026-09-07 04:58:28,178 WARNING CPLE_AppDefined in PROJ: internal_proj_create_from_name: /opt/anaconda3/share/proj/proj.db contains DATABASE.LAYOUT.VERSION.MINOR = 2 whereas a number >= 6 is expected. It comes from another PROJ installation.
2026-09-07 04:58:28,207 WARNING CPLE_AppDefined in PROJ: internal_proj_create_from_database: /opt/anaconda3/share/proj/proj.db contains DATABASE.LAYOUT.VERSION.MINOR = 2 whereas a number >= 6 is expected. It comes from another PROJ installation.
2026-09-07 04:58:28,207 WARNING CPLE_AppDefined in PROJ: internal_proj_create_from_name: /opt/anaconda3/share/proj/proj.db contains DATABASE.LAYOUT.VERSION.MINOR = 2 whereas a number >= 6 is expected. It comes from another PROJ installation.
2026-09-07 04:58:28,238 WARNING CPLE_AppDefined in PROJ: internal_proj_create_from_database: /opt/anaconda3/share/proj/proj.db contains DATABASE.LAYOUT.VERSION.MINOR = 2 whereas a number >= 6 is expected. It comes from another PROJ installation.
2026-09-07 04:58:28,238 WARNING CPLE_AppDefined in PROJ: internal_proj_create_from_name: /opt/anaconda3/share/proj/proj.db contains DATABASE.LAYOUT.VERSION.MINOR = 2 whereas a number >= 6 is expected. It comes from another PROJ installation.
2026-09-07 04:58:28,268 WARNING CPLE_AppDefined in PROJ: internal_proj_create_from_database: /opt/anaconda3/share/proj/proj.db contains DATABASE.LAYOUT.VERSION.MINOR = 2 whereas a number >= 6 is expected. It comes from another PROJ installation.
2026-09-07 04:58:28,268 WARNING CPLE_AppDefined in PROJ: internal_proj_create_from_name: /opt/anaconda3/share/proj/proj.db contains DATABASE.LAYOUT.VERSION.MINOR = 2 whereas a number >= 6 is expected. It comes from another PROJ installation.
2026-09-07 04:58:28,299 WARNING CPLE_AppDefined in PROJ: internal_proj_create_from_database: /opt/anaconda3/share/proj/proj.db contains DATABASE.LAYOUT.VERSION.MINOR = 2 whereas a number >= 6 is expected. It comes from another PROJ installation.
2026-09-07 04:58:28,299 WARNING CPLE_AppDefined in PROJ: internal_proj_create_from_name: /opt/anaconda3/share/proj/proj.db contains DATABASE.LAYOUT.VERSION.MINOR = 2 whereas a number >= 6 is expected. It comes from another PROJ installation.
2026-09-07 04:58:28,328 WARNING CPLE_AppDefined in PROJ: internal_proj_create_from_database: /opt/anaconda3/share/proj/proj.db contains DATABASE.LAYOUT.VERSION.MINOR = 2 whereas a number >= 6 is expected. It comes from another PROJ installation.
2026-09-07 04:58:28,328 WARNING CPLE_AppDefined in PROJ: internal_proj_create_from_name: /opt/anaconda3/share/proj/proj.db contains DATABASE.LAYOUT.VERSION.MINOR = 2 whereas a number >= 6 is expected. It comes from another PROJ installation.
2026-09-07 04:58:28,359 WARNING CPLE_AppDefined in PROJ: internal_proj_create_from_database: /opt/anaconda3/share/proj/proj.db contains DATABASE.LAYOUT.VERSION.MINOR = 2 whereas a number >= 6 is expected. It comes from another PROJ installation.
2026-09-07 04:58:28,359 WARNING CPLE_AppDefined in PROJ: internal_proj_create_from_name: /opt/anaconda3/share/proj/proj.db contains DATABASE.LAYOUT.VERSION.MINOR = 2 whereas a number >= 6 is expected. It comes from another PROJ installation.
2026-09-07 04:58:28,391 WARNING CPLE_AppDefined in PROJ: internal_proj_create_from_database: /opt/anaconda3/share/proj/proj.db contains DATABASE.LAYOUT.VERSION.MINOR = 2 whereas a number >= 6 is expected. It comes from another PROJ installation.
2026-09-07 04:58:28,391 WARNING CPLE_AppDefined in PROJ: internal_proj_create_from_name: /opt/anaconda3/share/proj/proj.db contains DATABASE.LAYOUT.VERSION.MINOR = 2 whereas a number >= 6 is expected. It comes from another PROJ installation.
2026-09-07 04:58:28,420 WARNING CPLE_AppDefined in PROJ: internal_proj_create_from_database: /opt/anaconda3/share/proj/proj.db contains DATABASE.LAYOUT.VERSION.MINOR = 2 whereas a number >= 6 is expected. It comes from another PROJ installation.
2026-09-07 04:58:28,420 WARNING CPLE_AppDefined in PROJ: internal_proj_create_from_name: /opt/anaconda3/share/proj/proj.db contains DATABASE.LAYOUT.VERSION.MINOR = 2 whereas a number >= 6 is expected. It comes from another PROJ installation.
2026-09-07 04:58:28,451 WARNING CPLE_AppDefined in PROJ: internal_proj_create_from_database: /opt/anaconda3/share/proj/proj.db contains DATABASE.LAYOUT.VERSION.MINOR = 2 whereas a number >= 6 is expected. It comes from another PROJ installation.
2026-09-07 04:58:28,451 WARNING CPLE_AppDefined in PROJ: internal_proj_create_from_name: /opt/anaconda3/share/proj/proj.db contains DATABASE.LAYOUT.VERSION.MINOR = 2 whereas a number >= 6 is expected. It comes from another PROJ installation.
2026-09-07 04:58:28,482 WARNING CPLE_AppDefined in PROJ: internal_proj_create_from_database: /opt/anaconda3/share/proj/proj.db contains DATABASE.LAYOUT.VERSION.MINOR = 2 whereas a number >= 6 is expected. It comes from another PROJ installation.
2026-09-07 04:58:28,482 WARNING CPLE_AppDefined in PROJ: internal_proj_create_from_name: /opt/anaconda3/share/proj/proj.db contains DATABASE.LAYOUT.VERSION.MINOR = 2 whereas a number >= 6 is expected. It comes from another PROJ installation.
2026-09-07 04:58:28,512 WARNING CPLE_AppDefined in PROJ: internal_proj_create_from_database: /opt/anaconda3/share/proj/proj.db contains DATABASE.LAYOUT.VERSION.MINOR = 2 whereas a number >= 6 is expected. It comes from another PROJ installation.
2026-09-07 04:58:28,512 WARNING CPLE_AppDefined in PROJ: internal_proj_create_from_name: /opt/anaconda3/share/proj/proj.db contains DATABASE.LAYOUT.VERSION.MINOR = 2 whereas a number >= 6 is expected. It comes from another PROJ installation.
2026-09-07 04:58:28,544 WARNING CPLE_AppDefined in PROJ: internal_proj_create_from_database: /opt/anaconda3/share/proj/proj.db contains DATABASE.LAYOUT.VERSION.MINOR = 2 whereas a number >= 6 is expected. It comes from another PROJ installation.
2026-09-07 04:58:28,544 WARNING CPLE_AppDefined in PROJ: internal_proj_create_from_name: /opt/anaconda3/share/proj/proj.db contains DATABASE.LAYOUT.VERSION.MINOR = 2 whereas a number >= 6 is expected. It comes from another PROJ installation.
2026-09-07 04:58:28,576 WARNING CPLE_AppDefined in PROJ: internal_proj_create_from_database: /opt/anaconda3/share/proj/proj.db contains DATABASE.LAYOUT.VERSION.MINOR = 2 whereas a number >= 6 is expected. It comes from another PROJ installation.
2026-09-07 04:58:28,576 WARNING CPLE_AppDefined in PROJ: internal_proj_create_from_name: /opt/anaconda3/share/proj/proj.db contains DATABASE.LAYOUT.VERSION.MINOR = 2 whereas a number >= 6 is expected. It comes from another PROJ installation.
2026-09-07 04:58:28,607 WARNING CPLE_AppDefined in PROJ: internal_proj_create_from_database: /opt/anaconda3/share/proj/proj.db contains DATABASE.LAYOUT.VERSION.MINOR = 2 whereas a number >= 6 is expected. It comes from another PROJ installation.
2026-09-07 04:58:28,607 WARNING CPLE_AppDefined in PROJ: internal_proj_create_from_name: /opt/anaconda3/share/proj/proj.db contains DATABASE.LAYOUT.VERSION.MINOR = 2 whereas a number >= 6 is expected. It comes from another PROJ installation.
2026-09-07 04:58:28,638 WARNING CPLE_AppDefined in PROJ: internal_proj_create_from_database: /opt/anaconda3/share/proj/proj.db contains DATABASE.LAYOUT.VERSION.MINOR = 2 whereas a number >= 6 is expected. It comes from another PROJ installation.
2026-09-07 04:58:28,638 WARNING CPLE_AppDefined in PROJ: internal_proj_create_from_name: /opt/anaconda3/share/proj/proj.db contains DATABASE.LAYOUT.VERSION.MINOR = 2 whereas a number >= 6 is expected. It comes from another PROJ installation.
2026-09-07 04:58:28,670 WARNING CPLE_AppDefined in PROJ: internal_proj_create_from_database: /opt/anaconda3/share/proj/proj.db contains DATABASE.LAYOUT.VERSION.MINOR = 2 whereas a number >= 6 is expected. It comes from another PROJ installation.
2026-09-07 04:58:28,670 WARNING CPLE_AppDefined in PROJ: internal_proj_create_from_name: /opt/anaconda3/share/proj/proj.db contains DATABASE.LAYOUT.VERSION.MINOR = 2 whereas a number >= 6 is expected. It comes from another PROJ installation.
2026-09-07 04:58:28,701 WARNING CPLE_AppDefined in PROJ: internal_proj_create_from_database: /opt/anaconda3/share/proj/proj.db contains DATABASE.LAYOUT.VERSION.MINOR = 2 whereas a number >= 6 is expected. It comes from another PROJ installation.
2026-09-07 04:58:28,701 WARNING CPLE_AppDefined in PROJ: internal_proj_create_from_name: /opt/anaconda3/share/proj/proj.db contains DATABASE.LAYOUT.VERSION.MINOR = 2 whereas a number >= 6 is expected. It comes from another PROJ installation.
2026-09-07 04:58:28,731 WARNING CPLE_AppDefined in PROJ: internal_proj_create_from_database: /opt/anaconda3/share/proj/proj.db contains DATABASE.LAYOUT.VERSION.MINOR = 2 whereas a number >= 6 is expected. It comes from another PROJ installation.
2026-09-07 04:58:28,731 WARNING CPLE_AppDefined in PROJ: internal_proj_create_from_name: /opt/anaconda3/share/proj/proj.db contains DATABASE.LAYOUT.VERSION.MINOR = 2 whereas a number >= 6 is expected. It comes from another PROJ installation.
2026-09-07 04:58:28,762 WARNING CPLE_AppDefined in PROJ: internal_proj_create_from_database: /opt/anaconda3/share/proj/proj.db contains DATABASE.LAYOUT.VERSION.MINOR = 2 whereas a number >= 6 is expected. It comes from another PROJ installation.
2026-09-07 04:58:28,762 WARNING CPLE_AppDefined in PROJ: internal_proj_create_from_name: /opt/anaconda3/share/proj/proj.db contains DATABASE.LAYOUT.VERSION.MINOR = 2 whereas a number >= 6 is expected. It comes from another PROJ installation.
2026-09-07 04:58:28,792 WARNING CPLE_AppDefined in PROJ: internal_proj_create_from_database: /opt/anaconda3/share/proj/proj.db contains DATABASE.LAYOUT.VERSION.MINOR = 2 whereas a number >= 6 is expected. It comes from another PROJ installation.
2026-09-07 04:58:28,793 WARNING CPLE_AppDefined in PROJ: internal_proj_create_from_name: /opt/anaconda3/share/proj/proj.db contains DATABASE.LAYOUT.VERSION.MINOR = 2 whereas a number >= 6 is expected. It comes from another PROJ installation.
2026-09-07 04:58:28,823 WARNING CPLE_AppDefined in PROJ: internal_proj_create_from_database: /opt/anaconda3/share/proj/proj.db contains DATABASE.LAYOUT.VERSION.MINOR = 2 whereas a number >= 6 is expected. It comes from another PROJ installation.
2026-09-07 04:58:28,823 WARNING CPLE_AppDefined in PROJ: internal_proj_create_from_name: /opt/anaconda3/share/proj/proj.db contains DATABASE.LAYOUT.VERSION.MINOR = 2 whereas a number >= 6 is expected. It comes from another PROJ installation.
2026-09-07 04:58:28,854 WARNING CPLE_AppDefined in PROJ: internal_proj_create_from_database: /opt/anaconda3/share/proj/proj.db contains DATABASE.LAYOUT.VERSION.MINOR = 2 whereas a number >= 6 is expected. It comes from another PROJ installation.
2026-09-07 04:58:28,854 WARNING CPLE_AppDefined in PROJ: internal_proj_create_from_name: /opt/anaconda3/share/proj/proj.db contains DATABASE.LAYOUT.VERSION.MINOR = 2 whereas a number >= 6 is expected. It comes from another PROJ installation.
2026-09-07 04:58:28,884 WARNING CPLE_AppDefined in PROJ: internal_proj_create_from_database: /opt/anaconda3/share/proj/proj.db contains DATABASE.LAYOUT.VERSION.MINOR = 2 whereas a number >= 6 is expected. It comes from another PROJ installation.
2026-09-07 04:58:28,884 WARNING CPLE_AppDefined in PROJ: internal_proj_create_from_name: /opt/anaconda3/share/proj/proj.db contains DATABASE.LAYOUT.VERSION.MINOR = 2 whereas a number >= 6 is expected. It comes from another PROJ installation.
2026-09-07 04:58:28,914 WARNING CPLE_AppDefined in PROJ: internal_proj_create_from_database: /opt/anaconda3/share/proj/proj.db contains DATABASE.LAYOUT.VERSION.MINOR = 2 whereas a number >= 6 is expected. It comes from another PROJ installation.
2026-09-07 04:58:28,914 WARNING CPLE_AppDefined in PROJ: internal_proj_create_from_name: /opt/anaconda3/share/proj/proj.db contains DATABASE.LAYOUT.VERSION.MINOR = 2 whereas a number >= 6 is expected. It comes from another PROJ installation.
2026-09-07 04:58:28,946 WARNING CPLE_AppDefined in PROJ: internal_proj_create_from_database: /opt/anaconda3/share/proj/proj.db contains DATABASE.LAYOUT.VERSION.MINOR = 2 whereas a number >= 6 is expected. It comes from another PROJ installation.
2026-09-07 04:58:28,946 WARNING CPLE_AppDefined in PROJ: internal_proj_create_from_name: /opt/anaconda3/share/proj/proj.db contains DATABASE.LAYOUT.VERSION.MINOR = 2 whereas a number >= 6 is expected. It comes from another PROJ installation.
2026-09-07 04:58:28,976 WARNING CPLE_AppDefined in PROJ: internal_proj_create_from_database: /opt/anaconda3/share/proj/proj.db contains DATABASE.LAYOUT.VERSION.MINOR = 2 whereas a number >= 6 is expected. It comes from another PROJ installation.
2026-09-07 04:58:28,976 WARNING CPLE_AppDefined in PROJ: internal_proj_create_from_name: /opt/anaconda3/share/proj/proj.db contains DATABASE.LAYOUT.VERSION.MINOR = 2 whereas a number >= 6 is expected. It comes from another PROJ installation.
2026-09-07 04:58:29,007 WARNING CPLE_AppDefined in PROJ: internal_proj_create_from_database: /opt/anaconda3/share/proj/proj.db contains DATABASE.LAYOUT.VERSION.MINOR = 2 whereas a number >= 6 is expected. It comes from another PROJ installation.
2026-09-07 04:58:29,007 WARNING CPLE_AppDefined in PROJ: internal_proj_create_from_name: /opt/anaconda3/share/proj/proj.db contains DATABASE.LAYOUT.VERSION.MINOR = 2 whereas a number >= 6 is expected. It comes from another PROJ installation.
2026-09-07 04:58:29,036 WARNING CPLE_AppDefined in PROJ: internal_proj_create_from_database: /opt/anaconda3/share/proj/proj.db contains DATABASE.LAYOUT.VERSION.MINOR = 2 whereas a number >= 6 is expected. It comes from another PROJ installation.
2026-09-07 04:58:29,036 WARNING CPLE_AppDefined in PROJ: internal_proj_create_from_name: /opt/anaconda3/share/proj/proj.db contains DATABASE.LAYOUT.VERSION.MINOR = 2 whereas a number >= 6 is expected. It comes from another PROJ installation.
2026-09-07 04:58:29,067 WARNING CPLE_AppDefined in PROJ: internal_proj_create_from_database: /opt/anaconda3/share/proj/proj.db contains DATABASE.LAYOUT.VERSION.MINOR = 2 whereas a number >= 6 is expected. It comes from another PROJ installation.
2026-09-07 04:58:29,067 WARNING CPLE_AppDefined in PROJ: internal_proj_create_from_name: /opt/anaconda3/share/proj/proj.db contains DATABASE.LAYOUT.VERSION.MINOR = 2 whereas a number >= 6 is expected. It comes from another PROJ installation.
2026-09-07 04:58:29,097 WARNING CPLE_AppDefined in PROJ: internal_proj_create_from_database: /opt/anaconda3/share/proj/proj.db contains DATABASE.LAYOUT.VERSION.MINOR = 2 whereas a number >= 6 is expected. It comes from another PROJ installation.
2026-09-07 04:58:29,097 WARNING CPLE_AppDefined in PROJ: internal_proj_create_from_name: /opt/anaconda3/share/proj/proj.db contains DATABASE.LAYOUT.VERSION.MINOR = 2 whereas a number >= 6 is expected. It comes from another PROJ installation.
2026-09-07 04:58:29,128 WARNING CPLE_AppDefined in PROJ: internal_proj_create_from_database: /opt/anaconda3/share/proj/proj.db contains DATABASE.LAYOUT.VERSION.MINOR = 2 whereas a number >= 6 is expected. It comes from another PROJ installation.
2026-09-07 04:58:29,128 WARNING CPLE_AppDefined in PROJ: internal_proj_create_from_name: /opt/anaconda3/share/proj/proj.db contains DATABASE.LAYOUT.VERSION.MINOR = 2 whereas a number >= 6 is expected. It comes from another PROJ installation.
2026-09-07 04:58:29,158 WARNING CPLE_AppDefined in PROJ: internal_proj_create_from_database: /opt/anaconda3/share/proj/proj.db contains DATABASE.LAYOUT.VERSION.MINOR = 2 whereas a number >= 6 is expected. It comes from another PROJ installation.
2026-09-07 04:58:29,159 WARNING CPLE_AppDefined in PROJ: internal_proj_create_from_name: /opt/anaconda3/share/proj/proj.db contains DATABASE.LAYOUT.VERSION.MINOR = 2 whereas a number >= 6 is expected. It comes from another PROJ installation.
2026-09-07 04:58:29,188 WARNING CPLE_AppDefined in PROJ: internal_proj_create_from_database: /opt/anaconda3/share/proj/proj.db contains DATABASE.LAYOUT.VERSION.MINOR = 2 whereas a number >= 6 is expected. It comes from another PROJ installation.
2026-09-07 04:58:29,188 WARNING CPLE_AppDefined in PROJ: internal_proj_create_from_name: /opt/anaconda3/share/proj/proj.db contains DATABASE.LAYOUT.VERSION.MINOR = 2 whereas a number >= 6 is expected. It comes from another PROJ installation.
2026-09-07 04:58:29,218 WARNING CPLE_AppDefined in PROJ: internal_proj_create_from_database: /opt/anaconda3/share/proj/proj.db contains DATABASE.LAYOUT.VERSION.MINOR = 2 whereas a number >= 6 is expected. It comes from another PROJ installation.
2026-09-07 04:58:29,218 WARNING CPLE_AppDefined in PROJ: internal_proj_create_from_name: /opt/anaconda3/share/proj/proj.db contains DATABASE.LAYOUT.VERSION.MINOR = 2 whereas a number >= 6 is expected. It comes from another PROJ installation.
2026-09-07 04:58:29,248 WARNING CPLE_AppDefined in PROJ: internal_proj_create_from_database: /opt/anaconda3/share/proj/proj.db contains DATABASE.LAYOUT.VERSION.MINOR = 2 whereas a number >= 6 is expected. It comes from another PROJ installation.
2026-09-07 04:58:29,248 WARNING CPLE_AppDefined in PROJ: internal_proj_create_from_name: /opt/anaconda3/share/proj/proj.db contains DATABASE.LAYOUT.VERSION.MINOR = 2 whereas a number >= 6 is expected. It comes from another PROJ installation.
2026-09-07 04:58:29,278 WARNING CPLE_AppDefined in PROJ: internal_proj_create_from_database: /opt/anaconda3/share/proj/proj.db contains DATABASE.LAYOUT.VERSION.MINOR = 2 whereas a number >= 6 is expected. It comes from another PROJ installation.
2026-09-07 04:58:29,278 WARNING CPLE_AppDefined in PROJ: internal_proj_create_from_name: /opt/anaconda3/share/proj/proj.db contains DATABASE.LAYOUT.VERSION.MINOR = 2 whereas a number >= 6 is expected. It comes from another PROJ installation.
2026-09-07 04:58:29,308 WARNING CPLE_AppDefined in PROJ: internal_proj_create_from_database: /opt/anaconda3/share/proj/proj.db contains DATABASE.LAYOUT.VERSION.MINOR = 2 whereas a number >= 6 is expected. It comes from another PROJ installation.
2026-09-07 04:58:29,308 WARNING CPLE_AppDefined in PROJ: internal_proj_create_from_name: /opt/anaconda3/share/proj/proj.db contains DATABASE.LAYOUT.VERSION.MINOR = 2 whereas a number >= 6 is expected. It comes from another PROJ installation.
2026-09-07 04:58:29,338 WARNING CPLE_AppDefined in PROJ: internal_proj_create_from_database: /opt/anaconda3/share/proj/proj.db contains DATABASE.LAYOUT.VERSION.MINOR = 2 whereas a number >= 6 is expected. It comes from another PROJ installation.
2026-09-07 04:58:29,338 WARNING CPLE_AppDefined in PROJ: internal_proj_create_from_name: /opt/anaconda3/share/proj/proj.db contains DATABASE.LAYOUT.VERSION.MINOR = 2 whereas a number >= 6 is expected. It comes from another PROJ installation.
2026-09-07 04:58:29,369 WARNING CPLE_AppDefined in PROJ: internal_proj_create_from_database: /opt/anaconda3/share/proj/proj.db contains DATABASE.LAYOUT.VERSION.MINOR = 2 whereas a number >= 6 is expected. It comes from another PROJ installation.
2026-09-07 04:58:29,369 WARNING CPLE_AppDefined in PROJ: internal_proj_create_from_name: /opt/anaconda3/share/proj/proj.db contains DATABASE.LAYOUT.VERSION.MINOR = 2 whereas a number >= 6 is expected. It comes from another PROJ installation.
2026-09-07 04:58:29,399 WARNING CPLE_AppDefined in PROJ: internal_proj_create_from_database: /opt/anaconda3/share/proj/proj.db contains DATABASE.LAYOUT.VERSION.MINOR = 2 whereas a number >= 6 is expected. It comes from another PROJ installation.
2026-09-07 04:58:29,399 WARNING CPLE_AppDefined in PROJ: internal_proj_create_from_name: /opt/anaconda3/share/proj/proj.db contains DATABASE.LAYOUT.VERSION.MINOR = 2 whereas a number >= 6 is expected. It comes from another PROJ installation.
2026-09-07 04:58:29,429 WARNING CPLE_AppDefined in PROJ: internal_proj_create_from_database: /opt/anaconda3/share/proj/proj.db contains DATABASE.LAYOUT.VERSION.MINOR = 2 whereas a number >= 6 is expected. It comes from another PROJ installation.
2026-09-07 04:58:29,429 WARNING CPLE_AppDefined in PROJ: internal_proj_create_from_name: /opt/anaconda3/share/proj/proj.db contains DATABASE.LAYOUT.VERSION.MINOR = 2 whereas a number >= 6 is expected. It comes from another PROJ installation.
2026-09-07 04:58:29,460 WARNING CPLE_AppDefined in PROJ: internal_proj_create_from_database: /opt/anaconda3/share/proj/proj.db contains DATABASE.LAYOUT.VERSION.MINOR = 2 whereas a number >= 6 is expected. It comes from another PROJ installation.
2026-09-07 04:58:29,460 WARNING CPLE_AppDefined in PROJ: internal_proj_create_from_name: /opt/anaconda3/share/proj/proj.db contains DATABASE.LAYOUT.VERSION.MINOR = 2 whereas a number >= 6 is expected. It comes from another PROJ installation.
2026-09-07 04:58:29,490 WARNING CPLE_AppDefined in PROJ: internal_proj_create_from_database: /opt/anaconda3/share/proj/proj.db contains DATABASE.LAYOUT.VERSION.MINOR = 2 whereas a number >= 6 is expected. It comes from another PROJ installation.
2026-09-07 04:58:29,490 WARNING CPLE_AppDefined in PROJ: internal_proj_create_from_name: /opt/anaconda3/share/proj/proj.db contains DATABASE.LAYOUT.VERSION.MINOR = 2 whereas a number >= 6 is expected. It comes from another PROJ installation.
2026-09-07 04:58:29,521 WARNING CPLE_AppDefined in PROJ: internal_proj_create_from_database: /opt/anaconda3/share/proj/proj.db contains DATABASE.LAYOUT.VERSION.MINOR = 2 whereas a number >= 6 is expected. It comes from another PROJ installation.
2026-09-07 04:58:29,521 WARNING CPLE_AppDefined in PROJ: internal_proj_create_from_name: /opt/anaconda3/share/proj/proj.db contains DATABASE.LAYOUT.VERSION.MINOR = 2 whereas a number >= 6 is expected. It comes from another PROJ installation.
2026-09-07 04:58:29,552 WARNING CPLE_AppDefined in PROJ: internal_proj_create_from_database: /opt/anaconda3/share/proj/proj.db contains DATABASE.LAYOUT.VERSION.MINOR = 2 whereas a number >= 6 is expected. It comes from another PROJ installation.
2026-09-07 04:58:29,552 WARNING CPLE_AppDefined in PROJ: internal_proj_create_from_name: /opt/anaconda3/share/proj/proj.db contains DATABASE.LAYOUT.VERSION.MINOR = 2 whereas a number >= 6 is expected. It comes from another PROJ installation.
2026-09-07 04:58:29,581 WARNING CPLE_AppDefined in PROJ: internal_proj_create_from_database: /opt/anaconda3/share/proj/proj.db contains DATABASE.LAYOUT.VERSION.MINOR = 2 whereas a number >= 6 is expected. It comes from another PROJ installation.
2026-09-07 04:58:29,581 WARNING CPLE_AppDefined in PROJ: internal_proj_create_from_name: /opt/anaconda3/share/proj/proj.db contains DATABASE.LAYOUT.VERSION.MINOR = 2 whereas a number >= 6 is expected. It comes from another PROJ installation.
2026-09-07 04:58:29,613 WARNING CPLE_AppDefined in PROJ: internal_proj_create_from_database: /opt/anaconda3/share/proj/proj.db contains DATABASE.LAYOUT.VERSION.MINOR = 2 whereas a number >= 6 is expected. It comes from another PROJ installation.
2026-09-07 04:58:29,613 WARNING CPLE_AppDefined in PROJ: internal_proj_create_from_name: /opt/anaconda3/share/proj/proj.db contains DATABASE.LAYOUT.VERSION.MINOR = 2 whereas a number >= 6 is expected. It comes from another PROJ installation.
2026-09-07 04:58:29,642 WARNING CPLE_AppDefined in PROJ: internal_proj_create_from_database: /opt/anaconda3/share/proj/proj.db contains DATABASE.LAYOUT.VERSION.MINOR = 2 whereas a number >= 6 is expected. It comes from another PROJ installation.
2026-09-07 04:58:29,642 WARNING CPLE_AppDefined in PROJ: internal_proj_create_from_name: /opt/anaconda3/share/proj/proj.db contains DATABASE.LAYOUT.VERSION.MINOR = 2 whereas a number >= 6 is expected. It comes from another PROJ installation.
2026-09-07 04:58:29,673 WARNING CPLE_AppDefined in PROJ: internal_proj_create_from_database: /opt/anaconda3/share/proj/proj.db contains DATABASE.LAYOUT.VERSION.MINOR = 2 whereas a number >= 6 is expected. It comes from another PROJ installation.
2026-09-07 04:58:29,673 WARNING CPLE_AppDefined in PROJ: internal_proj_create_from_name: /opt/anaconda3/share/proj/proj.db contains DATABASE.LAYOUT.VERSION.MINOR = 2 whereas a number >= 6 is expected. It comes from another PROJ installation.
2026-09-07 04:58:29,704 WARNING CPLE_AppDefined in PROJ: internal_proj_create_from_database: /opt/anaconda3/share/proj/proj.db contains DATABASE.LAYOUT.VERSION.MINOR = 2 whereas a number >= 6 is expected. It comes from another PROJ installation.
2026-09-07 04:58:29,704 WARNING CPLE_AppDefined in PROJ: internal_proj_create_from_name: /opt/anaconda3/share/proj/proj.db contains DATABASE.LAYOUT.VERSION.MINOR = 2 whereas a number >= 6 is expected. It comes from another PROJ installation.
2026-09-07 04:58:29,736 WARNING CPLE_AppDefined in PROJ: internal_proj_create_from_database: /opt/anaconda3/share/proj/proj.db contains DATABASE.LAYOUT.VERSION.MINOR = 2 whereas a number >= 6 is expected. It comes from another PROJ installation.
2026-09-07 04:58:29,736 WARNING CPLE_AppDefined in PROJ: internal_proj_create_from_name: /opt/anaconda3/share/proj/proj.db contains DATABASE.LAYOUT.VERSION.MINOR = 2 whereas a number >= 6 is expected. It comes from another PROJ installation.
2026-09-07 04:58:29,767 WARNING CPLE_AppDefined in PROJ: internal_proj_create_from_database: /opt/anaconda3/share/proj/proj.db contains DATABASE.LAYOUT.VERSION.MINOR = 2 whereas a number >= 6 is expected. It comes from another PROJ installation.
2026-09-07 04:58:29,767 WARNING CPLE_AppDefined in PROJ: internal_proj_create_from_name: /opt/anaconda3/share/proj/proj.db contains DATABASE.LAYOUT.VERSION.MINOR = 2 whereas a number >= 6 is expected. It comes from another PROJ installation.
2026-09-07 04:58:29,797 WARNING CPLE_AppDefined in PROJ: internal_proj_create_from_database: /opt/anaconda3/share/proj/proj.db contains DATABASE.LAYOUT.VERSION.MINOR = 2 whereas a number >= 6 is expected. It comes from another PROJ installation.
2026-09-07 04:58:29,798 WARNING CPLE_AppDefined in PROJ: internal_proj_create_from_name: /opt/anaconda3/share/proj/proj.db contains DATABASE.LAYOUT.VERSION.MINOR = 2 whereas a number >= 6 is expected. It comes from another PROJ installation.
2026-09-07 04:58:29,827 WARNING CPLE_AppDefined in PROJ: internal_proj_create_from_database: /opt/anaconda3/share/proj/proj.db contains DATABASE.LAYOUT.VERSION.MINOR = 2 whereas a number >= 6 is expected. It comes from another PROJ installation.
2026-09-07 04:58:29,827 WARNING CPLE_AppDefined in PROJ: internal_proj_create_from_name: /opt/anaconda3/share/proj/proj.db contains DATABASE.LAYOUT.VERSION.MINOR = 2 whereas a number >= 6 is expected. It comes from another PROJ installation.
2026-09-07 04:58:29,857 WARNING CPLE_AppDefined in PROJ: internal_proj_create_from_database: /opt/anaconda3/share/proj/proj.db contains DATABASE.LAYOUT.VERSION.MINOR = 2 whereas a number >= 6 is expected. It comes from another PROJ installation.
2026-09-07 04:58:29,857 WARNING CPLE_AppDefined in PROJ: internal_proj_create_from_name: /opt/anaconda3/share/proj/proj.db contains DATABASE.LAYOUT.VERSION.MINOR = 2 whereas a number >= 6 is expected. It comes from another PROJ installation.
2026-09-07 04:58:29,888 WARNING CPLE_AppDefined in PROJ: internal_proj_create_from_database: /opt/anaconda3/share/proj/proj.db contains DATABASE.LAYOUT.VERSION.MINOR = 2 whereas a number >= 6 is expected. It comes from another PROJ installation.
2026-09-07 04:58:29,888 WARNING CPLE_AppDefined in PROJ: internal_proj_create_from_name: /opt/anaconda3/share/proj/proj.db contains DATABASE.LAYOUT.VERSION.MINOR = 2 whereas a number >= 6 is expected. It comes from another PROJ installation.
2026-09-07 04:58:29,918 WARNING CPLE_AppDefined in PROJ: internal_proj_create_from_database: /opt/anaconda3/share/proj/proj.db contains DATABASE.LAYOUT.VERSION.MINOR = 2 whereas a number >= 6 is expected. It comes from another PROJ installation.
2026-09-07 04:58:29,919 WARNING CPLE_AppDefined in PROJ: internal_proj_create_from_name: /opt/anaconda3/share/proj/proj.db contains DATABASE.LAYOUT.VERSION.MINOR = 2 whereas a number >= 6 is expected. It comes from another PROJ installation.
2026-09-07 04:58:29,948 WARNING CPLE_AppDefined in PROJ: internal_proj_create_from_database: /opt/anaconda3/share/proj/proj.db contains DATABASE.LAYOUT.VERSION.MINOR = 2 whereas a number >= 6 is expected. It comes from another PROJ installation.
2026-09-07 04:58:29,948 WARNING CPLE_AppDefined in PROJ: internal_proj_create_from_name: /opt/anaconda3/share/proj/proj.db contains DATABASE.LAYOUT.VERSION.MINOR = 2 whereas a number >= 6 is expected. It comes from another PROJ installation.
2026-09-07 04:58:29,977 WARNING CPLE_AppDefined in PROJ: internal_proj_create_from_database: /opt/anaconda3/share/proj/proj.db contains DATABASE.LAYOUT.VERSION.MINOR = 2 whereas a number >= 6 is expected. It comes from another PROJ installation.
2026-09-07 04:58:29,977 WARNING CPLE_AppDefined in PROJ: internal_proj_create_from_name: /opt/anaconda3/share/proj/proj.db contains DATABASE.LAYOUT.VERSION.MINOR = 2 whereas a number >= 6 is expected. It comes from another PROJ installation.
2026-09-07 04:58:30,008 WARNING CPLE_AppDefined in PROJ: internal_proj_create_from_database: /opt/anaconda3/share/proj/proj.db contains DATABASE.LAYOUT.VERSION.MINOR = 2 whereas a number >= 6 is expected. It comes from another PROJ installation.
2026-09-07 04:58:30,008 WARNING CPLE_AppDefined in PROJ: internal_proj_create_from_name: /opt/anaconda3/share/proj/proj.db contains DATABASE.LAYOUT.VERSION.MINOR = 2 whereas a number >= 6 is expected. It comes from another PROJ installation.
2026-09-07 04:58:30,037 WARNING CPLE_AppDefined in PROJ: internal_proj_create_from_database: /opt/anaconda3/share/proj/proj.db contains DATABASE.LAYOUT.VERSION.MINOR = 2 whereas a number >= 6 is expected. It comes from another PROJ installation.
2026-09-07 04:58:30,037 WARNING CPLE_AppDefined in PROJ: internal_proj_create_from_name: /opt/anaconda3/share/proj/proj.db contains DATABASE.LAYOUT.VERSION.MINOR = 2 whereas a number >= 6 is expected. It comes from another PROJ installation.
2026-09-07 04:58:30,068 WARNING CPLE_AppDefined in PROJ: internal_proj_create_from_database: /opt/anaconda3/share/proj/proj.db contains DATABASE.LAYOUT.VERSION.MINOR = 2 whereas a number >= 6 is expected. It comes from another PROJ installation.
2026-09-07 04:58:30,068 WARNING CPLE_AppDefined in PROJ: internal_proj_create_from_name: /opt/anaconda3/share/proj/proj.db contains DATABASE.LAYOUT.VERSION.MINOR = 2 whereas a number >= 6 is expected. It comes from another PROJ installation.
2026-09-07 04:58:30,098 WARNING CPLE_AppDefined in PROJ: internal_proj_create_from_database: /opt/anaconda3/share/proj/proj.db contains DATABASE.LAYOUT.VERSION.MINOR = 2 whereas a number >= 6 is expected. It comes from another PROJ installation.
2026-09-07 04:58:30,098 WARNING CPLE_AppDefined in PROJ: internal_proj_create_from_name: /opt/anaconda3/share/proj/proj.db contains DATABASE.LAYOUT.VERSION.MINOR = 2 whereas a number >= 6 is expected. It comes from another PROJ installation.
2026-09-07 04:58:30,129 WARNING CPLE_AppDefined in PROJ: internal_proj_create_from_database: /opt/anaconda3/share/proj/proj.db contains DATABASE.LAYOUT.VERSION.MINOR = 2 whereas a number >= 6 is expected. It comes from another PROJ installation.
2026-09-07 04:58:30,129 WARNING CPLE_AppDefined in PROJ: internal_proj_create_from_name: /opt/anaconda3/share/proj/proj.db contains DATABASE.LAYOUT.VERSION.MINOR = 2 whereas a number >= 6 is expected. It comes from another PROJ installation.
2026-09-07 04:58:30,159 WARNING CPLE_AppDefined in PROJ: internal_proj_create_from_database: /opt/anaconda3/share/proj/proj.db contains DATABASE.LAYOUT.VERSION.MINOR = 2 whereas a number >= 6 is expected. It comes from another PROJ installation.
2026-09-07 04:58:30,160 WARNING CPLE_AppDefined in PROJ: internal_proj_create_from_name: /opt/anaconda3/share/proj/proj.db contains DATABASE.LAYOUT.VERSION.MINOR = 2 whereas a number >= 6 is expected. It comes from another PROJ installation.
2026-09-07 04:58:30,191 WARNING CPLE_AppDefined in PROJ: internal_proj_create_from_database: /opt/anaconda3/share/proj/proj.db contains DATABASE.LAYOUT.VERSION.MINOR = 2 whereas a number >= 6 is expected. It comes from another PROJ installation.
2026-09-07 04:58:30,191 WARNING CPLE_AppDefined in PROJ: internal_proj_create_from_name: /opt/anaconda3/share/proj/proj.db contains DATABASE.LAYOUT.VERSION.MINOR = 2 whereas a number >= 6 is expected. It comes from another PROJ installation.
2026-09-07 04:58:30,220 WARNING CPLE_AppDefined in PROJ: internal_proj_create_from_database: /opt/anaconda3/share/proj/proj.db contains DATABASE.LAYOUT.VERSION.MINOR = 2 whereas a number >= 6 is expected. It comes from another PROJ installation.
2026-09-07 04:58:30,220 WARNING CPLE_AppDefined in PROJ: internal_proj_create_from_name: /opt/anaconda3/share/proj/proj.db contains DATABASE.LAYOUT.VERSION.MINOR = 2 whereas a number >= 6 is expected. It comes from another PROJ installation.
2026-09-07 04:58:30,250 WARNING CPLE_AppDefined in PROJ: internal_proj_create_from_database: /opt/anaconda3/share/proj/proj.db contains DATABASE.LAYOUT.VERSION.MINOR = 2 whereas a number >= 6 is expected. It comes from another PROJ installation.
2026-09-07 04:58:30,250 WARNING CPLE_AppDefined in PROJ: internal_proj_create_from_name: /opt/anaconda3/share/proj/proj.db contains DATABASE.LAYOUT.VERSION.MINOR = 2 whereas a number >= 6 is expected. It comes from another PROJ installation.
2026-09-07 04:58:30,281 WARNING CPLE_AppDefined in PROJ: internal_proj_create_from_database: /opt/anaconda3/share/proj/proj.db contains DATABASE.LAYOUT.VERSION.MINOR = 2 whereas a number >= 6 is expected. It comes from another PROJ installation.
2026-09-07 04:58:30,281 WARNING CPLE_AppDefined in PROJ: internal_proj_create_from_name: /opt/anaconda3/share/proj/proj.db contains DATABASE.LAYOUT.VERSION.MINOR = 2 whereas a number >= 6 is expected. It comes from another PROJ installation.
2026-09-07 04:58:30,311 WARNING CPLE_AppDefined in PROJ: internal_proj_create_from_database: /opt/anaconda3/share/proj/proj.db contains DATABASE.LAYOUT.VERSION.MINOR = 2 whereas a number >= 6 is expected. It comes from another PROJ installation.
2026-09-07 04:58:30,311 WARNING CPLE_AppDefined in PROJ: internal_proj_create_from_name: /opt/anaconda3/share/proj/proj.db contains DATABASE.LAYOUT.VERSION.MINOR = 2 whereas a number >= 6 is expected. It comes from another PROJ installation.
2026-09-07 04:58:30,341 WARNING CPLE_AppDefined in PROJ: internal_proj_create_from_database: /opt/anaconda3/share/proj/proj.db contains DATABASE.LAYOUT.VERSION.MINOR = 2 whereas a number >= 6 is expected. It comes from another PROJ installation.
2026-09-07 04:58:30,341 WARNING CPLE_AppDefined in PROJ: internal_proj_create_from_name: /opt/anaconda3/share/proj/proj.db contains DATABASE.LAYOUT.VERSION.MINOR = 2 whereas a number >= 6 is expected. It comes from another PROJ installation.
2026-09-07 04:58:30,371 WARNING CPLE_AppDefined in PROJ: internal_proj_create_from_database: /opt/anaconda3/share/proj/proj.db contains DATABASE.LAYOUT.VERSION.MINOR = 2 whereas a number >= 6 is expected. It comes from another PROJ installation.
2026-09-07 04:58:30,371 WARNING CPLE_AppDefined in PROJ: internal_proj_create_from_name: /opt/anaconda3/share/proj/proj.db contains DATABASE.LAYOUT.VERSION.MINOR = 2 whereas a number >= 6 is expected. It comes from another PROJ installation.
2026-09-07 04:58:30,401 WARNING CPLE_AppDefined in PROJ: internal_proj_create_from_database: /opt/anaconda3/share/proj/proj.db contains DATABASE.LAYOUT.VERSION.MINOR = 2 whereas a number >= 6 is expected. It comes from another PROJ installation.
2026-09-07 04:58:30,401 WARNING CPLE_AppDefined in PROJ: internal_proj_create_from_name: /opt/anaconda3/share/proj/proj.db contains DATABASE.LAYOUT.VERSION.MINOR = 2 whereas a number >= 6 is expected. It comes from another PROJ installation.
2026-09-07 04:58:30,431 WARNING CPLE_AppDefined in PROJ: internal_proj_create_from_database: /opt/anaconda3/share/proj/proj.db contains DATABASE.LAYOUT.VERSION.MINOR = 2 whereas a number >= 6 is expected. It comes from another PROJ installation.
2026-09-07 04:58:30,431 WARNING CPLE_AppDefined in PROJ: internal_proj_create_from_name: /opt/anaconda3/share/proj/proj.db contains DATABASE.LAYOUT.VERSION.MINOR = 2 whereas a number >= 6 is expected. It comes from another PROJ installation.
2026-09-07 04:58:30,461 WARNING CPLE_AppDefined in PROJ: internal_proj_create_from_database: /opt/anaconda3/share/proj/proj.db contains DATABASE.LAYOUT.VERSION.MINOR = 2 whereas a number >= 6 is expected. It comes from another PROJ installation.
2026-09-07 04:58:30,461 WARNING CPLE_AppDefined in PROJ: internal_proj_create_from_name: /opt/anaconda3/share/proj/proj.db contains DATABASE.LAYOUT.VERSION.MINOR = 2 whereas a number >= 6 is expected. It comes from another PROJ installation.
2026-09-07 04:58:30,492 WARNING CPLE_AppDefined in PROJ: internal_proj_create_from_database: /opt/anaconda3/share/proj/proj.db contains DATABASE.LAYOUT.VERSION.MINOR = 2 whereas a number >= 6 is expected. It comes from another PROJ installation.
2026-09-07 04:58:30,492 WARNING CPLE_AppDefined in PROJ: internal_proj_create_from_name: /opt/anaconda3/share/proj/proj.db contains DATABASE.LAYOUT.VERSION.MINOR = 2 whereas a number >= 6 is expected. It comes from another PROJ installation.
2026-09-07 04:58:30,521 WARNING CPLE_AppDefined in PROJ: internal_proj_create_from_database: /opt/anaconda3/share/proj/proj.db contains DATABASE.LAYOUT.VERSION.MINOR = 2 whereas a number >= 6 is expected. It comes from another PROJ installation.
2026-09-07 04:58:30,521 WARNING CPLE_AppDefined in PROJ: internal_proj_create_from_name: /opt/anaconda3/share/proj/proj.db contains DATABASE.LAYOUT.VERSION.MINOR = 2 whereas a number >= 6 is expected. It comes from another PROJ installation.
2026-09-07 04:58:30,554 WARNING CPLE_AppDefined in PROJ: internal_proj_create_from_database: /opt/anaconda3/share/proj/proj.db contains DATABASE.LAYOUT.VERSION.MINOR = 2 whereas a number >= 6 is expected. It comes from another PROJ installation.
2026-09-07 04:58:30,554 WARNING CPLE_AppDefined in PROJ: internal_proj_create_from_name: /opt/anaconda3/share/proj/proj.db contains DATABASE.LAYOUT.VERSION.MINOR = 2 whereas a number >= 6 is expected. It comes from another PROJ installation.
2026-09-07 04:58:30,583 WARNING CPLE_AppDefined in PROJ: internal_proj_create_from_database: /opt/anaconda3/share/proj/proj.db contains DATABASE.LAYOUT.VERSION.MINOR = 2 whereas a number >= 6 is expected. It comes from another PROJ installation.
2026-09-07 04:58:30,584 WARNING CPLE_AppDefined in PROJ: internal_proj_create_from_name: /opt/anaconda3/share/proj/proj.db contains DATABASE.LAYOUT.VERSION.MINOR = 2 whereas a number >= 6 is expected. It comes from another PROJ installation.
2026-09-07 04:58:30,614 WARNING CPLE_AppDefined in PROJ: internal_proj_create_from_database: /opt/anaconda3/share/proj/proj.db contains DATABASE.LAYOUT.VERSION.MINOR = 2 whereas a number >= 6 is expected. It comes from another PROJ installation.
2026-09-07 04:58:30,614 WARNING CPLE_AppDefined in PROJ: internal_proj_create_from_name: /opt/anaconda3/share/proj/proj.db contains DATABASE.LAYOUT.VERSION.MINOR = 2 whereas a number >= 6 is expected. It comes from another PROJ installation.
2026-09-07 04:58:30,644 WARNING CPLE_AppDefined in PROJ: internal_proj_create_from_database: /opt/anaconda3/share/proj/proj.db contains DATABASE.LAYOUT.VERSION.MINOR = 2 whereas a number >= 6 is expected. It comes from another PROJ installation.
2026-09-07 04:58:30,644 WARNING CPLE_AppDefined in PROJ: internal_proj_create_from_name: /opt/anaconda3/share/proj/proj.db contains DATABASE.LAYOUT.VERSION.MINOR = 2 whereas a number >= 6 is expected. It comes from another PROJ installation.
2026-09-07 04:58:30,673 WARNING CPLE_AppDefined in PROJ: internal_proj_create_from_database: /opt/anaconda3/share/proj/proj.db contains DATABASE.LAYOUT.VERSION.MINOR = 2 whereas a number >= 6 is expected. It comes from another PROJ installation.
2026-09-07 04:58:30,673 WARNING CPLE_AppDefined in PROJ: internal_proj_create_from_name: /opt/anaconda3/share/proj/proj.db contains DATABASE.LAYOUT.VERSION.MINOR = 2 whereas a number >= 6 is expected. It comes from another PROJ installation.
2026-09-07 04:58:30,703 WARNING CPLE_AppDefined in PROJ: internal_proj_create_from_database: /opt/anaconda3/share/proj/proj.db contains DATABASE.LAYOUT.VERSION.MINOR = 2 whereas a number >= 6 is expected. It comes from another PROJ installation.
2026-09-07 04:58:30,703 WARNING CPLE_AppDefined in PROJ: internal_proj_create_from_name: /opt/anaconda3/share/proj/proj.db contains DATABASE.LAYOUT.VERSION.MINOR = 2 whereas a number >= 6 is expected. It comes from another PROJ installation.
2026-09-07 04:58:30,733 WARNING CPLE_AppDefined in PROJ: internal_proj_create_from_database: /opt/anaconda3/share/proj/proj.db contains DATABASE.LAYOUT.VERSION.MINOR = 2 whereas a number >= 6 is expected. It comes from another PROJ installation.
2026-09-07 04:58:30,733 WARNING CPLE_AppDefined in PROJ: internal_proj_create_from_name: /opt/anaconda3/share/proj/proj.db contains DATABASE.LAYOUT.VERSION.MINOR = 2 whereas a number >= 6 is expected. It comes from another PROJ installation.
2026-09-07 04:58:30,764 WARNING CPLE_AppDefined in PROJ: internal_proj_create_from_database: /opt/anaconda3/share/proj/proj.db contains DATABASE.LAYOUT.VERSION.MINOR = 2 whereas a number >= 6 is expected. It comes from another PROJ installation.
2026-09-07 04:58:30,764 WARNING CPLE_AppDefined in PROJ: internal_proj_create_from_name: /opt/anaconda3/share/proj/proj.db contains DATABASE.LAYOUT.VERSION.MINOR = 2 whereas a number >= 6 is expected. It comes from another PROJ installation.
2026-09-07 04:58:30,794 WARNING CPLE_AppDefined in PROJ: internal_proj_create_from_database: /opt/anaconda3/share/proj/proj.db contains DATABASE.LAYOUT.VERSION.MINOR = 2 whereas a number >= 6 is expected. It comes from another PROJ installation.
2026-09-07 04:58:30,794 WARNING CPLE_AppDefined in PROJ: internal_proj_create_from_name: /opt/anaconda3/share/proj/proj.db contains DATABASE.LAYOUT.VERSION.MINOR = 2 whereas a number >= 6 is expected. It comes from another PROJ installation.
2026-09-07 04:58:30,824 WARNING CPLE_AppDefined in PROJ: internal_proj_create_from_database: /opt/anaconda3/share/proj/proj.db contains DATABASE.LAYOUT.VERSION.MINOR = 2 whereas a number >= 6 is expected. It comes from another PROJ installation.
2026-09-07 04:58:30,824 WARNING CPLE_AppDefined in PROJ: internal_proj_create_from_name: /opt/anaconda3/share/proj/proj.db contains DATABASE.LAYOUT.VERSION.MINOR = 2 whereas a number >= 6 is expected. It comes from another PROJ installation.
2026-09-07 04:58:30,854 WARNING CPLE_AppDefined in PROJ: internal_proj_create_from_database: /opt/anaconda3/share/proj/proj.db contains DATABASE.LAYOUT.VERSION.MINOR = 2 whereas a number >= 6 is expected. It comes from another PROJ installation.
2026-09-07 04:58:30,854 WARNING CPLE_AppDefined in PROJ: internal_proj_create_from_name: /opt/anaconda3/share/proj/proj.db contains DATABASE.LAYOUT.VERSION.MINOR = 2 whereas a number >= 6 is expected. It comes from another PROJ installation.
2026-09-07 04:58:30,886 WARNING CPLE_AppDefined in PROJ: internal_proj_create_from_database: /opt/anaconda3/share/proj/proj.db contains DATABASE.LAYOUT.VERSION.MINOR = 2 whereas a number >= 6 is expected. It comes from another PROJ installation.
2026-09-07 04:58:30,886 WARNING CPLE_AppDefined in PROJ: internal_proj_create_from_name: /opt/anaconda3/share/proj/proj.db contains DATABASE.LAYOUT.VERSION.MINOR = 2 whereas a number >= 6 is expected. It comes from another PROJ installation.
2026-09-07 04:58:30,916 WARNING CPLE_AppDefined in PROJ: internal_proj_create_from_database: /opt/anaconda3/share/proj/proj.db contains DATABASE.LAYOUT.VERSION.MINOR = 2 whereas a number >= 6 is expected. It comes from another PROJ installation.
2026-09-07 04:58:30,916 WARNING CPLE_AppDefined in PROJ: internal_proj_create_from_name: /opt/anaconda3/share/proj/proj.db contains DATABASE.LAYOUT.VERSION.MINOR = 2 whereas a number >= 6 is expected. It comes from another PROJ installation.
2026-09-07 04:58:30,945 WARNING CPLE_AppDefined in PROJ: internal_proj_create_from_database: /opt/anaconda3/share/proj/proj.db contains DATABASE.LAYOUT.VERSION.MINOR = 2 whereas a number >= 6 is expected. It comes from another PROJ installation.
2026-09-07 04:58:30,945 WARNING CPLE_AppDefined in PROJ: internal_proj_create_from_name: /opt/anaconda3/share/proj/proj.db contains DATABASE.LAYOUT.VERSION.MINOR = 2 whereas a number >= 6 is expected. It comes from another PROJ installation.
2026-09-07 04:58:30,975 WARNING CPLE_AppDefined in PROJ: internal_proj_create_from_database: /opt/anaconda3/share/proj/proj.db contains DATABASE.LAYOUT.VERSION.MINOR = 2 whereas a number >= 6 is expected. It comes from another PROJ installation.
2026-09-07 04:58:30,975 WARNING CPLE_AppDefined in PROJ: internal_proj_create_from_name: /opt/anaconda3/share/proj/proj.db contains DATABASE.LAYOUT.VERSION.MINOR = 2 whereas a number >= 6 is expected. It comes from another PROJ installation.
2026-09-07 04:58:31,004 WARNING CPLE_AppDefined in PROJ: internal_proj_create_from_database: /opt/anaconda3/share/proj/proj.db contains DATABASE.LAYOUT.VERSION.MINOR = 2 whereas a number >= 6 is expected. It comes from another PROJ installation.
2026-09-07 04:58:31,004 WARNING CPLE_AppDefined in PROJ: internal_proj_create_from_name: /opt/anaconda3/share/proj/proj.db contains DATABASE.LAYOUT.VERSION.MINOR = 2 whereas a number >= 6 is expected. It comes from another PROJ installation.
2026-09-07 04:58:31,034 WARNING CPLE_AppDefined in PROJ: internal_proj_create_from_database: /opt/anaconda3/share/proj/proj.db contains DATABASE.LAYOUT.VERSION.MINOR = 2 whereas a number >= 6 is expected. It comes from another PROJ installation.
2026-09-07 04:58:31,034 WARNING CPLE_AppDefined in PROJ: internal_proj_create_from_name: /opt/anaconda3/share/proj/proj.db contains DATABASE.LAYOUT.VERSION.MINOR = 2 whereas a number >= 6 is expected. It comes from another PROJ installation.
2026-09-07 04:58:31,065 WARNING CPLE_AppDefined in PROJ: internal_proj_create_from_database: /opt/anaconda3/share/proj/proj.db contains DATABASE.LAYOUT.VERSION.MINOR = 2 whereas a number >= 6 is expected. It comes from another PROJ installation.
2026-09-07 04:58:31,065 WARNING CPLE_AppDefined in PROJ: internal_proj_create_from_name: /opt/anaconda3/share/proj/proj.db contains DATABASE.LAYOUT.VERSION.MINOR = 2 whereas a number >= 6 is expected. It comes from another PROJ installation.
2026-09-07 04:58:31,096 WARNING CPLE_AppDefined in PROJ: internal_proj_create_from_database: /opt/anaconda3/share/proj/proj.db contains DATABASE.LAYOUT.VERSION.MINOR = 2 whereas a number >= 6 is expected. It comes from another PROJ installation.
2026-09-07 04:58:31,096 WARNING CPLE_AppDefined in PROJ: internal_proj_create_from_name: /opt/anaconda3/share/proj/proj.db contains DATABASE.LAYOUT.VERSION.MINOR = 2 whereas a number >= 6 is expected. It comes from another PROJ installation.
2026-09-07 04:58:31,126 WARNING CPLE_AppDefined in PROJ: internal_proj_create_from_database: /opt/anaconda3/share/proj/proj.db contains DATABASE.LAYOUT.VERSION.MINOR = 2 whereas a number >= 6 is expected. It comes from another PROJ installation.
2026-09-07 04:58:31,126 WARNING CPLE_AppDefined in PROJ: internal_proj_create_from_name: /opt/anaconda3/share/proj/proj.db contains DATABASE.LAYOUT.VERSION.MINOR = 2 whereas a number >= 6 is expected. It comes from another PROJ installation.
2026-09-07 04:58:31,157 WARNING CPLE_AppDefined in PROJ: internal_proj_create_from_database: /opt/anaconda3/share/proj/proj.db contains DATABASE.LAYOUT.VERSION.MINOR = 2 whereas a number >= 6 is expected. It comes from another PROJ installation.
2026-09-07 04:58:31,157 WARNING CPLE_AppDefined in PROJ: internal_proj_create_from_name: /opt/anaconda3/share/proj/proj.db contains DATABASE.LAYOUT.VERSION.MINOR = 2 whereas a number >= 6 is expected. It comes from another PROJ installation.
2026-09-07 04:58:31,187 WARNING CPLE_AppDefined in PROJ: internal_proj_create_from_database: /opt/anaconda3/share/proj/proj.db contains DATABASE.LAYOUT.VERSION.MINOR = 2 whereas a number >= 6 is expected. It comes from another PROJ installation.
2026-09-07 04:58:31,187 WARNING CPLE_AppDefined in PROJ: internal_proj_create_from_name: /opt/anaconda3/share/proj/proj.db contains DATABASE.LAYOUT.VERSION.MINOR = 2 whereas a number >= 6 is expected. It comes from another PROJ installation.
2026-09-07 04:58:31,217 WARNING CPLE_AppDefined in PROJ: internal_proj_create_from_database: /opt/anaconda3/share/proj/proj.db contains DATABASE.LAYOUT.VERSION.MINOR = 2 whereas a number >= 6 is expected. It comes from another PROJ installation.
2026-09-07 04:58:31,217 WARNING CPLE_AppDefined in PROJ: internal_proj_create_from_name: /opt/anaconda3/share/proj/proj.db contains DATABASE.LAYOUT.VERSION.MINOR = 2 whereas a number >= 6 is expected. It comes from another PROJ installation.
2026-09-07 04:58:31,246 WARNING CPLE_AppDefined in PROJ: internal_proj_create_from_database: /opt/anaconda3/share/proj/proj.db contains DATABASE.LAYOUT.VERSION.MINOR = 2 whereas a number >= 6 is expected. It comes from another PROJ installation.
2026-09-07 04:58:31,247 WARNING CPLE_AppDefined in PROJ: internal_proj_create_from_name: /opt/anaconda3/share/proj/proj.db contains DATABASE.LAYOUT.VERSION.MINOR = 2 whereas a number >= 6 is expected. It comes from another PROJ installation.
2026-09-07 04:58:31,276 WARNING CPLE_AppDefined in PROJ: internal_proj_create_from_database: /opt/anaconda3/share/proj/proj.db contains DATABASE.LAYOUT.VERSION.MINOR = 2 whereas a number >= 6 is expected. It comes from another PROJ installation.
2026-09-07 04:58:31,276 WARNING CPLE_AppDefined in PROJ: internal_proj_create_from_name: /opt/anaconda3/share/proj/proj.db contains DATABASE.LAYOUT.VERSION.MINOR = 2 whereas a number >= 6 is expected. It comes from another PROJ installation.
2026-09-07 04:58:31,306 WARNING CPLE_AppDefined in PROJ: internal_proj_create_from_database: /opt/anaconda3/share/proj/proj.db contains DATABASE.LAYOUT.VERSION.MINOR = 2 whereas a number >= 6 is expected. It comes from another PROJ installation.
2026-09-07 04:58:31,306 WARNING CPLE_AppDefined in PROJ: internal_proj_create_from_name: /opt/anaconda3/share/proj/proj.db contains DATABASE.LAYOUT.VERSION.MINOR = 2 whereas a number >= 6 is expected. It comes from another PROJ installation.
2026-09-07 04:58:31,337 WARNING CPLE_AppDefined in PROJ: internal_proj_create_from_database: /opt/anaconda3/share/proj/proj.db contains DATABASE.LAYOUT.VERSION.MINOR = 2 whereas a number >= 6 is expected. It comes from another PROJ installation.
2026-09-07 04:58:31,337 WARNING CPLE_AppDefined in PROJ: internal_proj_create_from_name: /opt/anaconda3/share/proj/proj.db contains DATABASE.LAYOUT.VERSION.MINOR = 2 whereas a number >= 6 is expected. It comes from another PROJ installation.
2026-09-07 04:58:31,368 WARNING CPLE_AppDefined in PROJ: internal_proj_create_from_database: /opt/anaconda3/share/proj/proj.db contains DATABASE.LAYOUT.VERSION.MINOR = 2 whereas a number >= 6 is expected. It comes from another PROJ installation.
2026-09-07 04:58:31,368 WARNING CPLE_AppDefined in PROJ: internal_proj_create_from_name: /opt/anaconda3/share/proj/proj.db contains DATABASE.LAYOUT.VERSION.MINOR = 2 whereas a number >= 6 is expected. It comes from another PROJ installation.
2026-09-07 04:58:31,398 WARNING CPLE_AppDefined in PROJ: internal_proj_create_from_database: /opt/anaconda3/share/proj/proj.db contains DATABASE.LAYOUT.VERSION.MINOR = 2 whereas a number >= 6 is expected. It comes from another PROJ installation.
2026-09-07 04:58:31,398 WARNING CPLE_AppDefined in PROJ: internal_proj_create_from_name: /opt/anaconda3/share/proj/proj.db contains DATABASE.LAYOUT.VERSION.MINOR = 2 whereas a number >= 6 is expected. It comes from another PROJ installation.
2026-09-07 04:58:31,429 WARNING CPLE_AppDefined in PROJ: internal_proj_create_from_database: /opt/anaconda3/share/proj/proj.db contains DATABASE.LAYOUT.VERSION.MINOR = 2 whereas a number >= 6 is expected. It comes from another PROJ installation.
2026-09-07 04:58:31,429 WARNING CPLE_AppDefined in PROJ: internal_proj_create_from_name: /opt/anaconda3/share/proj/proj.db contains DATABASE.LAYOUT.VERSION.MINOR = 2 whereas a number >= 6 is expected. It comes from another PROJ installation.
2026-09-07 04:58:31,460 WARNING CPLE_AppDefined in PROJ: internal_proj_create_from_database: /opt/anaconda3/share/proj/proj.db contains DATABASE.LAYOUT.VERSION.MINOR = 2 whereas a number >= 6 is expected. It comes from another PROJ installation.
2026-09-07 04:58:31,460 WARNING CPLE_AppDefined in PROJ: internal_proj_create_from_name: /opt/anaconda3/share/proj/proj.db contains DATABASE.LAYOUT.VERSION.MINOR = 2 whereas a number >= 6 is expected. It comes from another PROJ installation.
2026-09-07 04:58:31,470 INFO Saved /Users/helloworld/Desktop/SIH/SIH2026/data/regions/uttar_pradesh/satellite/chirps_uttar_pradesh_2018.nc (0.4 MB)
2026-09-07 05:07:33,303 INFO Saved /Users/helloworld/Desktop/SIH/SIH2026/data/regions/uttar_pradesh/nwp/era5_uttar_pradesh_2018.nc
2026-09-07 05:33:01,033 INFO Saved /Users/helloworld/Desktop/SIH/SIH2026/data/regions/uttar_pradesh/radar/merra2_uttar_pradesh_2018.nc
2026-09-07 05:33:04,087 INFO Building CHIRPS NetCDF for 2019 (122 days)...
2026-09-07 05:33:04,140 WARNING CPLE_AppDefined in PROJ: internal_proj_create_from_database: /opt/anaconda3/share/proj/proj.db contains DATABASE.LAYOUT.VERSION.MINOR = 2 whereas a number >= 6 is expected. It comes from another PROJ installation.
2026-09-07 05:33:04,140 WARNING CPLE_AppDefined in PROJ: internal_proj_create_from_name: /opt/anaconda3/share/proj/proj.db contains DATABASE.LAYOUT.VERSION.MINOR = 2 whereas a number >= 6 is expected. It comes from another PROJ installation.
2026-09-07 05:33:04,178 WARNING CPLE_AppDefined in PROJ: internal_proj_create_from_database: /opt/anaconda3/share/proj/proj.db contains DATABASE.LAYOUT.VERSION.MINOR = 2 whereas a number >= 6 is expected. It comes from another PROJ installation.
2026-09-07 05:33:04,178 WARNING CPLE_AppDefined in PROJ: internal_proj_create_from_name: /opt/anaconda3/share/proj/proj.db contains DATABASE.LAYOUT.VERSION.MINOR = 2 whereas a number >= 6 is expected. It comes from another PROJ installation.
2026-09-07 05:33:04,210 WARNING CPLE_AppDefined in PROJ: internal_proj_create_from_database: /opt/anaconda3/share/proj/proj.db contains DATABASE.LAYOUT.VERSION.MINOR = 2 whereas a number >= 6 is expected. It comes from another PROJ installation.
2026-09-07 05:33:04,210 WARNING CPLE_AppDefined in PROJ: internal_proj_create_from_name: /opt/anaconda3/share/proj/proj.db contains DATABASE.LAYOUT.VERSION.MINOR = 2 whereas a number >= 6 is expected. It comes from another PROJ installation.
2026-09-07 05:33:04,241 WARNING CPLE_AppDefined in PROJ: internal_proj_create_from_database: /opt/anaconda3/share/proj/proj.db contains DATABASE.LAYOUT.VERSION.MINOR = 2 whereas a number >= 6 is expected. It comes from another PROJ installation.
2026-09-07 05:33:04,241 WARNING CPLE_AppDefined in PROJ: internal_proj_create_from_name: /opt/anaconda3/share/proj/proj.db contains DATABASE.LAYOUT.VERSION.MINOR = 2 whereas a number >= 6 is expected. It comes from another PROJ installation.
2026-09-07 05:33:04,272 WARNING CPLE_AppDefined in PROJ: internal_proj_create_from_database: /opt/anaconda3/share/proj/proj.db contains DATABASE.LAYOUT.VERSION.MINOR = 2 whereas a number >= 6 is expected. It comes from another PROJ installation.
2026-09-07 05:33:04,273 WARNING CPLE_AppDefined in PROJ: internal_proj_create_from_name: /opt/anaconda3/share/proj/proj.db contains DATABASE.LAYOUT.VERSION.MINOR = 2 whereas a number >= 6 is expected. It comes from another PROJ installation.
2026-09-07 05:33:04,305 WARNING CPLE_AppDefined in PROJ: internal_proj_create_from_database: /opt/anaconda3/share/proj/proj.db contains DATABASE.LAYOUT.VERSION.MINOR = 2 whereas a number >= 6 is expected. It comes from another PROJ installation.
2026-09-07 05:33:04,305 WARNING CPLE_AppDefined in PROJ: internal_proj_create_from_name: /opt/anaconda3/share/proj/proj.db contains DATABASE.LAYOUT.VERSION.MINOR = 2 whereas a number >= 6 is expected. It comes from another PROJ installation.
2026-09-07 05:33:04,335 WARNING CPLE_AppDefined in PROJ: internal_proj_create_from_database: /opt/anaconda3/share/proj/proj.db contains DATABASE.LAYOUT.VERSION.MINOR = 2 whereas a number >= 6 is expected. It comes from another PROJ installation.
2026-09-07 05:33:04,335 WARNING CPLE_AppDefined in PROJ: internal_proj_create_from_name: /opt/anaconda3/share/proj/proj.db contains DATABASE.LAYOUT.VERSION.MINOR = 2 whereas a number >= 6 is expected. It comes from another PROJ installation.
2026-09-07 05:33:04,366 WARNING CPLE_AppDefined in PROJ: internal_proj_create_from_database: /opt/anaconda3/share/proj/proj.db contains DATABASE.LAYOUT.VERSION.MINOR = 2 whereas a number >= 6 is expected. It comes from another PROJ installation.
2026-09-07 05:33:04,366 WARNING CPLE_AppDefined in PROJ: internal_proj_create_from_name: /opt/anaconda3/share/proj/proj.db contains DATABASE.LAYOUT.VERSION.MINOR = 2 whereas a number >= 6 is expected. It comes from another PROJ installation.
2026-09-07 05:33:04,395 WARNING CPLE_AppDefined in PROJ: internal_proj_create_from_database: /opt/anaconda3/share/proj/proj.db contains DATABASE.LAYOUT.VERSION.MINOR = 2 whereas a number >= 6 is expected. It comes from another PROJ installation.
2026-09-07 05:33:04,395 WARNING CPLE_AppDefined in PROJ: internal_proj_create_from_name: /opt/anaconda3/share/proj/proj.db contains DATABASE.LAYOUT.VERSION.MINOR = 2 whereas a number >= 6 is expected. It comes from another PROJ installation.
2026-09-07 05:33:04,426 WARNING CPLE_AppDefined in PROJ: internal_proj_create_from_database: /opt/anaconda3/share/proj/proj.db contains DATABASE.LAYOUT.VERSION.MINOR = 2 whereas a number >= 6 is expected. It comes from another PROJ installation.
2026-09-07 05:33:04,426 WARNING CPLE_AppDefined in PROJ: internal_proj_create_from_name: /opt/anaconda3/share/proj/proj.db contains DATABASE.LAYOUT.VERSION.MINOR = 2 whereas a number >= 6 is expected. It comes from another PROJ installation.
2026-09-07 05:33:04,456 WARNING CPLE_AppDefined in PROJ: internal_proj_create_from_database: /opt/anaconda3/share/proj/proj.db contains DATABASE.LAYOUT.VERSION.MINOR = 2 whereas a number >= 6 is expected. It comes from another PROJ installation.
2026-09-07 05:33:04,456 WARNING CPLE_AppDefined in PROJ: internal_proj_create_from_name: /opt/anaconda3/share/proj/proj.db contains DATABASE.LAYOUT.VERSION.MINOR = 2 whereas a number >= 6 is expected. It comes from another PROJ installation.
2026-09-07 05:33:04,488 WARNING CPLE_AppDefined in PROJ: internal_proj_create_from_database: /opt/anaconda3/share/proj/proj.db contains DATABASE.LAYOUT.VERSION.MINOR = 2 whereas a number >= 6 is expected. It comes from another PROJ installation.
2026-09-07 05:33:04,488 WARNING CPLE_AppDefined in PROJ: internal_proj_create_from_name: /opt/anaconda3/share/proj/proj.db contains DATABASE.LAYOUT.VERSION.MINOR = 2 whereas a number >= 6 is expected. It comes from another PROJ installation.
2026-09-07 05:33:04,519 WARNING CPLE_AppDefined in PROJ: internal_proj_create_from_database: /opt/anaconda3/share/proj/proj.db contains DATABASE.LAYOUT.VERSION.MINOR = 2 whereas a number >= 6 is expected. It comes from another PROJ installation.
2026-09-07 05:33:04,519 WARNING CPLE_AppDefined in PROJ: internal_proj_create_from_name: /opt/anaconda3/share/proj/proj.db contains DATABASE.LAYOUT.VERSION.MINOR = 2 whereas a number >= 6 is expected. It comes from another PROJ installation.
2026-09-07 05:33:04,548 WARNING CPLE_AppDefined in PROJ: internal_proj_create_from_database: /opt/anaconda3/share/proj/proj.db contains DATABASE.LAYOUT.VERSION.MINOR = 2 whereas a number >= 6 is expected. It comes from another PROJ installation.
2026-09-07 05:33:04,548 WARNING CPLE_AppDefined in PROJ: internal_proj_create_from_name: /opt/anaconda3/share/proj/proj.db contains DATABASE.LAYOUT.VERSION.MINOR = 2 whereas a number >= 6 is expected. It comes from another PROJ installation.
2026-09-07 05:33:04,579 WARNING CPLE_AppDefined in PROJ: internal_proj_create_from_database: /opt/anaconda3/share/proj/proj.db contains DATABASE.LAYOUT.VERSION.MINOR = 2 whereas a number >= 6 is expected. It comes from another PROJ installation.
2026-09-07 05:33:04,579 WARNING CPLE_AppDefined in PROJ: internal_proj_create_from_name: /opt/anaconda3/share/proj/proj.db contains DATABASE.LAYOUT.VERSION.MINOR = 2 whereas a number >= 6 is expected. It comes from another PROJ installation.
2026-09-07 05:33:04,610 WARNING CPLE_AppDefined in PROJ: internal_proj_create_from_database: /opt/anaconda3/share/proj/proj.db contains DATABASE.LAYOUT.VERSION.MINOR = 2 whereas a number >= 6 is expected. It comes from another PROJ installation.
2026-09-07 05:33:04,610 WARNING CPLE_AppDefined in PROJ: internal_proj_create_from_name: /opt/anaconda3/share/proj/proj.db contains DATABASE.LAYOUT.VERSION.MINOR = 2 whereas a number >= 6 is expected. It comes from another PROJ installation.
2026-09-07 05:33:04,641 WARNING CPLE_AppDefined in PROJ: internal_proj_create_from_database: /opt/anaconda3/share/proj/proj.db contains DATABASE.LAYOUT.VERSION.MINOR = 2 whereas a number >= 6 is expected. It comes from another PROJ installation.
2026-09-07 05:33:04,641 WARNING CPLE_AppDefined in PROJ: internal_proj_create_from_name: /opt/anaconda3/share/proj/proj.db contains DATABASE.LAYOUT.VERSION.MINOR = 2 whereas a number >= 6 is expected. It comes from another PROJ installation.
2026-09-07 05:33:04,671 WARNING CPLE_AppDefined in PROJ: internal_proj_create_from_database: /opt/anaconda3/share/proj/proj.db contains DATABASE.LAYOUT.VERSION.MINOR = 2 whereas a number >= 6 is expected. It comes from another PROJ installation.
2026-09-07 05:33:04,671 WARNING CPLE_AppDefined in PROJ: internal_proj_create_from_name: /opt/anaconda3/share/proj/proj.db contains DATABASE.LAYOUT.VERSION.MINOR = 2 whereas a number >= 6 is expected. It comes from another PROJ installation.
2026-09-07 05:33:04,701 WARNING CPLE_AppDefined in PROJ: internal_proj_create_from_database: /opt/anaconda3/share/proj/proj.db contains DATABASE.LAYOUT.VERSION.MINOR = 2 whereas a number >= 6 is expected. It comes from another PROJ installation.
2026-09-07 05:33:04,701 WARNING CPLE_AppDefined in PROJ: internal_proj_create_from_name: /opt/anaconda3/share/proj/proj.db contains DATABASE.LAYOUT.VERSION.MINOR = 2 whereas a number >= 6 is expected. It comes from another PROJ installation.
2026-09-07 05:33:04,733 WARNING CPLE_AppDefined in PROJ: internal_proj_create_from_database: /opt/anaconda3/share/proj/proj.db contains DATABASE.LAYOUT.VERSION.MINOR = 2 whereas a number >= 6 is expected. It comes from another PROJ installation.
2026-09-07 05:33:04,733 WARNING CPLE_AppDefined in PROJ: internal_proj_create_from_name: /opt/anaconda3/share/proj/proj.db contains DATABASE.LAYOUT.VERSION.MINOR = 2 whereas a number >= 6 is expected. It comes from another PROJ installation.
2026-09-07 05:33:04,763 WARNING CPLE_AppDefined in PROJ: internal_proj_create_from_database: /opt/anaconda3/share/proj/proj.db contains DATABASE.LAYOUT.VERSION.MINOR = 2 whereas a number >= 6 is expected. It comes from another PROJ installation.
2026-09-07 05:33:04,763 WARNING CPLE_AppDefined in PROJ: internal_proj_create_from_name: /opt/anaconda3/share/proj/proj.db contains DATABASE.LAYOUT.VERSION.MINOR = 2 whereas a number >= 6 is expected. It comes from another PROJ installation.
2026-09-07 05:33:04,792 WARNING CPLE_AppDefined in PROJ: internal_proj_create_from_database: /opt/anaconda3/share/proj/proj.db contains DATABASE.LAYOUT.VERSION.MINOR = 2 whereas a number >= 6 is expected. It comes from another PROJ installation.
2026-09-07 05:33:04,792 WARNING CPLE_AppDefined in PROJ: internal_proj_create_from_name: /opt/anaconda3/share/proj/proj.db contains DATABASE.LAYOUT.VERSION.MINOR = 2 whereas a number >= 6 is expected. It comes from another PROJ installation.
2026-09-07 05:33:04,821 WARNING CPLE_AppDefined in PROJ: internal_proj_create_from_database: /opt/anaconda3/share/proj/proj.db contains DATABASE.LAYOUT.VERSION.MINOR = 2 whereas a number >= 6 is expected. It comes from another PROJ installation.
2026-09-07 05:33:04,821 WARNING CPLE_AppDefined in PROJ: internal_proj_create_from_name: /opt/anaconda3/share/proj/proj.db contains DATABASE.LAYOUT.VERSION.MINOR = 2 whereas a number >= 6 is expected. It comes from another PROJ installation.
2026-09-07 05:33:04,852 WARNING CPLE_AppDefined in PROJ: internal_proj_create_from_database: /opt/anaconda3/share/proj/proj.db contains DATABASE.LAYOUT.VERSION.MINOR = 2 whereas a number >= 6 is expected. It comes from another PROJ installation.
2026-09-07 05:33:04,852 WARNING CPLE_AppDefined in PROJ: internal_proj_create_from_name: /opt/anaconda3/share/proj/proj.db contains DATABASE.LAYOUT.VERSION.MINOR = 2 whereas a number >= 6 is expected. It comes from another PROJ installation.
2026-09-07 05:33:04,885 WARNING CPLE_AppDefined in PROJ: internal_proj_create_from_database: /opt/anaconda3/share/proj/proj.db contains DATABASE.LAYOUT.VERSION.MINOR = 2 whereas a number >= 6 is expected. It comes from another PROJ installation.
2026-09-07 05:33:04,885 WARNING CPLE_AppDefined in PROJ: internal_proj_create_from_name: /opt/anaconda3/share/proj/proj.db contains DATABASE.LAYOUT.VERSION.MINOR = 2 whereas a number >= 6 is expected. It comes from another PROJ installation.
2026-09-07 05:33:04,915 WARNING CPLE_AppDefined in PROJ: internal_proj_create_from_database: /opt/anaconda3/share/proj/proj.db contains DATABASE.LAYOUT.VERSION.MINOR = 2 whereas a number >= 6 is expected. It comes from another PROJ installation.
2026-09-07 05:33:04,916 WARNING CPLE_AppDefined in PROJ: internal_proj_create_from_name: /opt/anaconda3/share/proj/proj.db contains DATABASE.LAYOUT.VERSION.MINOR = 2 whereas a number >= 6 is expected. It comes from another PROJ installation.
2026-09-07 05:33:04,945 WARNING CPLE_AppDefined in PROJ: internal_proj_create_from_database: /opt/anaconda3/share/proj/proj.db contains DATABASE.LAYOUT.VERSION.MINOR = 2 whereas a number >= 6 is expected. It comes from another PROJ installation.
2026-09-07 05:33:04,945 WARNING CPLE_AppDefined in PROJ: internal_proj_create_from_name: /opt/anaconda3/share/proj/proj.db contains DATABASE.LAYOUT.VERSION.MINOR = 2 whereas a number >= 6 is expected. It comes from another PROJ installation.
2026-09-07 05:33:04,976 WARNING CPLE_AppDefined in PROJ: internal_proj_create_from_database: /opt/anaconda3/share/proj/proj.db contains DATABASE.LAYOUT.VERSION.MINOR = 2 whereas a number >= 6 is expected. It comes from another PROJ installation.
2026-09-07 05:33:04,976 WARNING CPLE_AppDefined in PROJ: internal_proj_create_from_name: /opt/anaconda3/share/proj/proj.db contains DATABASE.LAYOUT.VERSION.MINOR = 2 whereas a number >= 6 is expected. It comes from another PROJ installation.
2026-09-07 05:33:05,006 WARNING CPLE_AppDefined in PROJ: internal_proj_create_from_database: /opt/anaconda3/share/proj/proj.db contains DATABASE.LAYOUT.VERSION.MINOR = 2 whereas a number >= 6 is expected. It comes from another PROJ installation.
2026-09-07 05:33:05,006 WARNING CPLE_AppDefined in PROJ: internal_proj_create_from_name: /opt/anaconda3/share/proj/proj.db contains DATABASE.LAYOUT.VERSION.MINOR = 2 whereas a number >= 6 is expected. It comes from another PROJ installation.
2026-09-07 05:33:05,037 WARNING CPLE_AppDefined in PROJ: internal_proj_create_from_database: /opt/anaconda3/share/proj/proj.db contains DATABASE.LAYOUT.VERSION.MINOR = 2 whereas a number >= 6 is expected. It comes from another PROJ installation.
2026-09-07 05:33:05,037 WARNING CPLE_AppDefined in PROJ: internal_proj_create_from_name: /opt/anaconda3/share/proj/proj.db contains DATABASE.LAYOUT.VERSION.MINOR = 2 whereas a number >= 6 is expected. It comes from another PROJ installation.
2026-09-07 05:33:05,068 WARNING CPLE_AppDefined in PROJ: internal_proj_create_from_database: /opt/anaconda3/share/proj/proj.db contains DATABASE.LAYOUT.VERSION.MINOR = 2 whereas a number >= 6 is expected. It comes from another PROJ installation.
2026-09-07 05:33:05,069 WARNING CPLE_AppDefined in PROJ: internal_proj_create_from_name: /opt/anaconda3/share/proj/proj.db contains DATABASE.LAYOUT.VERSION.MINOR = 2 whereas a number >= 6 is expected. It comes from another PROJ installation.
2026-09-07 05:33:05,099 WARNING CPLE_AppDefined in PROJ: internal_proj_create_from_database: /opt/anaconda3/share/proj/proj.db contains DATABASE.LAYOUT.VERSION.MINOR = 2 whereas a number >= 6 is expected. It comes from another PROJ installation.
2026-09-07 05:33:05,099 WARNING CPLE_AppDefined in PROJ: internal_proj_create_from_name: /opt/anaconda3/share/proj/proj.db contains DATABASE.LAYOUT.VERSION.MINOR = 2 whereas a number >= 6 is expected. It comes from another PROJ installation.
2026-09-07 05:33:05,129 WARNING CPLE_AppDefined in PROJ: internal_proj_create_from_database: /opt/anaconda3/share/proj/proj.db contains DATABASE.LAYOUT.VERSION.MINOR = 2 whereas a number >= 6 is expected. It comes from another PROJ installation.
2026-09-07 05:33:05,129 WARNING CPLE_AppDefined in PROJ: internal_proj_create_from_name: /opt/anaconda3/share/proj/proj.db contains DATABASE.LAYOUT.VERSION.MINOR = 2 whereas a number >= 6 is expected. It comes from another PROJ installation.
2026-09-07 05:33:05,160 WARNING CPLE_AppDefined in PROJ: internal_proj_create_from_database: /opt/anaconda3/share/proj/proj.db contains DATABASE.LAYOUT.VERSION.MINOR = 2 whereas a number >= 6 is expected. It comes from another PROJ installation.
2026-09-07 05:33:05,160 WARNING CPLE_AppDefined in PROJ: internal_proj_create_from_name: /opt/anaconda3/share/proj/proj.db contains DATABASE.LAYOUT.VERSION.MINOR = 2 whereas a number >= 6 is expected. It comes from another PROJ installation.
2026-09-07 05:33:05,189 WARNING CPLE_AppDefined in PROJ: internal_proj_create_from_database: /opt/anaconda3/share/proj/proj.db contains DATABASE.LAYOUT.VERSION.MINOR = 2 whereas a number >= 6 is expected. It comes from another PROJ installation.
2026-09-07 05:33:05,190 WARNING CPLE_AppDefined in PROJ: internal_proj_create_from_name: /opt/anaconda3/share/proj/proj.db contains DATABASE.LAYOUT.VERSION.MINOR = 2 whereas a number >= 6 is expected. It comes from another PROJ installation.
2026-09-07 05:33:05,219 WARNING CPLE_AppDefined in PROJ: internal_proj_create_from_database: /opt/anaconda3/share/proj/proj.db contains DATABASE.LAYOUT.VERSION.MINOR = 2 whereas a number >= 6 is expected. It comes from another PROJ installation.
2026-09-07 05:33:05,220 WARNING CPLE_AppDefined in PROJ: internal_proj_create_from_name: /opt/anaconda3/share/proj/proj.db contains DATABASE.LAYOUT.VERSION.MINOR = 2 whereas a number >= 6 is expected. It comes from another PROJ installation.
2026-09-07 05:33:05,250 WARNING CPLE_AppDefined in PROJ: internal_proj_create_from_database: /opt/anaconda3/share/proj/proj.db contains DATABASE.LAYOUT.VERSION.MINOR = 2 whereas a number >= 6 is expected. It comes from another PROJ installation.
2026-09-07 05:33:05,250 WARNING CPLE_AppDefined in PROJ: internal_proj_create_from_name: /opt/anaconda3/share/proj/proj.db contains DATABASE.LAYOUT.VERSION.MINOR = 2 whereas a number >= 6 is expected. It comes from another PROJ installation.
2026-09-07 05:33:05,279 WARNING CPLE_AppDefined in PROJ: internal_proj_create_from_database: /opt/anaconda3/share/proj/proj.db contains DATABASE.LAYOUT.VERSION.MINOR = 2 whereas a number >= 6 is expected. It comes from another PROJ installation.
2026-09-07 05:33:05,279 WARNING CPLE_AppDefined in PROJ: internal_proj_create_from_name: /opt/anaconda3/share/proj/proj.db contains DATABASE.LAYOUT.VERSION.MINOR = 2 whereas a number >= 6 is expected. It comes from another PROJ installation.
2026-09-07 05:33:05,308 WARNING CPLE_AppDefined in PROJ: internal_proj_create_from_database: /opt/anaconda3/share/proj/proj.db contains DATABASE.LAYOUT.VERSION.MINOR = 2 whereas a number >= 6 is expected. It comes from another PROJ installation.
2026-09-07 05:33:05,308 WARNING CPLE_AppDefined in PROJ: internal_proj_create_from_name: /opt/anaconda3/share/proj/proj.db contains DATABASE.LAYOUT.VERSION.MINOR = 2 whereas a number >= 6 is expected. It comes from another PROJ installation.
2026-09-07 05:33:05,338 WARNING CPLE_AppDefined in PROJ: internal_proj_create_from_database: /opt/anaconda3/share/proj/proj.db contains DATABASE.LAYOUT.VERSION.MINOR = 2 whereas a number >= 6 is expected. It comes from another PROJ installation.
2026-09-07 05:33:05,338 WARNING CPLE_AppDefined in PROJ: internal_proj_create_from_name: /opt/anaconda3/share/proj/proj.db contains DATABASE.LAYOUT.VERSION.MINOR = 2 whereas a number >= 6 is expected. It comes from another PROJ installation.
2026-09-07 05:33:05,370 WARNING CPLE_AppDefined in PROJ: internal_proj_create_from_database: /opt/anaconda3/share/proj/proj.db contains DATABASE.LAYOUT.VERSION.MINOR = 2 whereas a number >= 6 is expected. It comes from another PROJ installation.
2026-09-07 05:33:05,370 WARNING CPLE_AppDefined in PROJ: internal_proj_create_from_name: /opt/anaconda3/share/proj/proj.db contains DATABASE.LAYOUT.VERSION.MINOR = 2 whereas a number >= 6 is expected. It comes from another PROJ installation.
2026-09-07 05:33:05,400 WARNING CPLE_AppDefined in PROJ: internal_proj_create_from_database: /opt/anaconda3/share/proj/proj.db contains DATABASE.LAYOUT.VERSION.MINOR = 2 whereas a number >= 6 is expected. It comes from another PROJ installation.
2026-09-07 05:33:05,400 WARNING CPLE_AppDefined in PROJ: internal_proj_create_from_name: /opt/anaconda3/share/proj/proj.db contains DATABASE.LAYOUT.VERSION.MINOR = 2 whereas a number >= 6 is expected. It comes from another PROJ installation.
2026-09-07 05:33:05,430 WARNING CPLE_AppDefined in PROJ: internal_proj_create_from_database: /opt/anaconda3/share/proj/proj.db contains DATABASE.LAYOUT.VERSION.MINOR = 2 whereas a number >= 6 is expected. It comes from another PROJ installation.
2026-09-07 05:33:05,430 WARNING CPLE_AppDefined in PROJ: internal_proj_create_from_name: /opt/anaconda3/share/proj/proj.db contains DATABASE.LAYOUT.VERSION.MINOR = 2 whereas a number >= 6 is expected. It comes from another PROJ installation.
2026-09-07 05:33:05,460 WARNING CPLE_AppDefined in PROJ: internal_proj_create_from_database: /opt/anaconda3/share/proj/proj.db contains DATABASE.LAYOUT.VERSION.MINOR = 2 whereas a number >= 6 is expected. It comes from another PROJ installation.
2026-09-07 05:33:05,460 WARNING CPLE_AppDefined in PROJ: internal_proj_create_from_name: /opt/anaconda3/share/proj/proj.db contains DATABASE.LAYOUT.VERSION.MINOR = 2 whereas a number >= 6 is expected. It comes from another PROJ installation.
2026-09-07 05:33:05,491 WARNING CPLE_AppDefined in PROJ: internal_proj_create_from_database: /opt/anaconda3/share/proj/proj.db contains DATABASE.LAYOUT.VERSION.MINOR = 2 whereas a number >= 6 is expected. It comes from another PROJ installation.
2026-09-07 05:33:05,491 WARNING CPLE_AppDefined in PROJ: internal_proj_create_from_name: /opt/anaconda3/share/proj/proj.db contains DATABASE.LAYOUT.VERSION.MINOR = 2 whereas a number >= 6 is expected. It comes from another PROJ installation.
2026-09-07 05:33:05,522 WARNING CPLE_AppDefined in PROJ: internal_proj_create_from_database: /opt/anaconda3/share/proj/proj.db contains DATABASE.LAYOUT.VERSION.MINOR = 2 whereas a number >= 6 is expected. It comes from another PROJ installation.
2026-09-07 05:33:05,522 WARNING CPLE_AppDefined in PROJ: internal_proj_create_from_name: /opt/anaconda3/share/proj/proj.db contains DATABASE.LAYOUT.VERSION.MINOR = 2 whereas a number >= 6 is expected. It comes from another PROJ installation.
2026-09-07 05:33:05,553 WARNING CPLE_AppDefined in PROJ: internal_proj_create_from_database: /opt/anaconda3/share/proj/proj.db contains DATABASE.LAYOUT.VERSION.MINOR = 2 whereas a number >= 6 is expected. It comes from another PROJ installation.
2026-09-07 05:33:05,553 WARNING CPLE_AppDefined in PROJ: internal_proj_create_from_name: /opt/anaconda3/share/proj/proj.db contains DATABASE.LAYOUT.VERSION.MINOR = 2 whereas a number >= 6 is expected. It comes from another PROJ installation.
2026-09-07 05:33:05,583 WARNING CPLE_AppDefined in PROJ: internal_proj_create_from_database: /opt/anaconda3/share/proj/proj.db contains DATABASE.LAYOUT.VERSION.MINOR = 2 whereas a number >= 6 is expected. It comes from another PROJ installation.
2026-09-07 05:33:05,583 WARNING CPLE_AppDefined in PROJ: internal_proj_create_from_name: /opt/anaconda3/share/proj/proj.db contains DATABASE.LAYOUT.VERSION.MINOR = 2 whereas a number >= 6 is expected. It comes from another PROJ installation.
2026-09-07 05:33:05,614 WARNING CPLE_AppDefined in PROJ: internal_proj_create_from_database: /opt/anaconda3/share/proj/proj.db contains DATABASE.LAYOUT.VERSION.MINOR = 2 whereas a number >= 6 is expected. It comes from another PROJ installation.
2026-09-07 05:33:05,614 WARNING CPLE_AppDefined in PROJ: internal_proj_create_from_name: /opt/anaconda3/share/proj/proj.db contains DATABASE.LAYOUT.VERSION.MINOR = 2 whereas a number >= 6 is expected. It comes from another PROJ installation.
2026-09-07 05:33:05,643 WARNING CPLE_AppDefined in PROJ: internal_proj_create_from_database: /opt/anaconda3/share/proj/proj.db contains DATABASE.LAYOUT.VERSION.MINOR = 2 whereas a number >= 6 is expected. It comes from another PROJ installation.
2026-09-07 05:33:05,644 WARNING CPLE_AppDefined in PROJ: internal_proj_create_from_name: /opt/anaconda3/share/proj/proj.db contains DATABASE.LAYOUT.VERSION.MINOR = 2 whereas a number >= 6 is expected. It comes from another PROJ installation.
2026-09-07 05:33:05,675 WARNING CPLE_AppDefined in PROJ: internal_proj_create_from_database: /opt/anaconda3/share/proj/proj.db contains DATABASE.LAYOUT.VERSION.MINOR = 2 whereas a number >= 6 is expected. It comes from another PROJ installation.
2026-09-07 05:33:05,675 WARNING CPLE_AppDefined in PROJ: internal_proj_create_from_name: /opt/anaconda3/share/proj/proj.db contains DATABASE.LAYOUT.VERSION.MINOR = 2 whereas a number >= 6 is expected. It comes from another PROJ installation.
2026-09-07 05:33:05,705 WARNING CPLE_AppDefined in PROJ: internal_proj_create_from_database: /opt/anaconda3/share/proj/proj.db contains DATABASE.LAYOUT.VERSION.MINOR = 2 whereas a number >= 6 is expected. It comes from another PROJ installation.
2026-09-07 05:33:05,705 WARNING CPLE_AppDefined in PROJ: internal_proj_create_from_name: /opt/anaconda3/share/proj/proj.db contains DATABASE.LAYOUT.VERSION.MINOR = 2 whereas a number >= 6 is expected. It comes from another PROJ installation.
2026-09-07 05:33:05,736 WARNING CPLE_AppDefined in PROJ: internal_proj_create_from_database: /opt/anaconda3/share/proj/proj.db contains DATABASE.LAYOUT.VERSION.MINOR = 2 whereas a number >= 6 is expected. It comes from another PROJ installation.
2026-09-07 05:33:05,736 WARNING CPLE_AppDefined in PROJ: internal_proj_create_from_name: /opt/anaconda3/share/proj/proj.db contains DATABASE.LAYOUT.VERSION.MINOR = 2 whereas a number >= 6 is expected. It comes from another PROJ installation.
2026-09-07 05:33:05,766 WARNING CPLE_AppDefined in PROJ: internal_proj_create_from_database: /opt/anaconda3/share/proj/proj.db contains DATABASE.LAYOUT.VERSION.MINOR = 2 whereas a number >= 6 is expected. It comes from another PROJ installation.
2026-09-07 05:33:05,766 WARNING CPLE_AppDefined in PROJ: internal_proj_create_from_name: /opt/anaconda3/share/proj/proj.db contains DATABASE.LAYOUT.VERSION.MINOR = 2 whereas a number >= 6 is expected. It comes from another PROJ installation.
2026-09-07 05:33:05,796 WARNING CPLE_AppDefined in PROJ: internal_proj_create_from_database: /opt/anaconda3/share/proj/proj.db contains DATABASE.LAYOUT.VERSION.MINOR = 2 whereas a number >= 6 is expected. It comes from another PROJ installation.
2026-09-07 05:33:05,796 WARNING CPLE_AppDefined in PROJ: internal_proj_create_from_name: /opt/anaconda3/share/proj/proj.db contains DATABASE.LAYOUT.VERSION.MINOR = 2 whereas a number >= 6 is expected. It comes from another PROJ installation.
2026-09-07 05:33:05,826 WARNING CPLE_AppDefined in PROJ: internal_proj_create_from_database: /opt/anaconda3/share/proj/proj.db contains DATABASE.LAYOUT.VERSION.MINOR = 2 whereas a number >= 6 is expected. It comes from another PROJ installation.
2026-09-07 05:33:05,826 WARNING CPLE_AppDefined in PROJ: internal_proj_create_from_name: /opt/anaconda3/share/proj/proj.db contains DATABASE.LAYOUT.VERSION.MINOR = 2 whereas a number >= 6 is expected. It comes from another PROJ installation.
2026-09-07 05:33:05,856 WARNING CPLE_AppDefined in PROJ: internal_proj_create_from_database: /opt/anaconda3/share/proj/proj.db contains DATABASE.LAYOUT.VERSION.MINOR = 2 whereas a number >= 6 is expected. It comes from another PROJ installation.
2026-09-07 05:33:05,856 WARNING CPLE_AppDefined in PROJ: internal_proj_create_from_name: /opt/anaconda3/share/proj/proj.db contains DATABASE.LAYOUT.VERSION.MINOR = 2 whereas a number >= 6 is expected. It comes from another PROJ installation.
2026-09-07 05:33:05,887 WARNING CPLE_AppDefined in PROJ: internal_proj_create_from_database: /opt/anaconda3/share/proj/proj.db contains DATABASE.LAYOUT.VERSION.MINOR = 2 whereas a number >= 6 is expected. It comes from another PROJ installation.
2026-09-07 05:33:05,887 WARNING CPLE_AppDefined in PROJ: internal_proj_create_from_name: /opt/anaconda3/share/proj/proj.db contains DATABASE.LAYOUT.VERSION.MINOR = 2 whereas a number >= 6 is expected. It comes from another PROJ installation.
2026-09-07 05:33:05,918 WARNING CPLE_AppDefined in PROJ: internal_proj_create_from_database: /opt/anaconda3/share/proj/proj.db contains DATABASE.LAYOUT.VERSION.MINOR = 2 whereas a number >= 6 is expected. It comes from another PROJ installation.
2026-09-07 05:33:05,918 WARNING CPLE_AppDefined in PROJ: internal_proj_create_from_name: /opt/anaconda3/share/proj/proj.db contains DATABASE.LAYOUT.VERSION.MINOR = 2 whereas a number >= 6 is expected. It comes from another PROJ installation.
2026-09-07 05:33:05,948 WARNING CPLE_AppDefined in PROJ: internal_proj_create_from_database: /opt/anaconda3/share/proj/proj.db contains DATABASE.LAYOUT.VERSION.MINOR = 2 whereas a number >= 6 is expected. It comes from another PROJ installation.
2026-09-07 05:33:05,948 WARNING CPLE_AppDefined in PROJ: internal_proj_create_from_name: /opt/anaconda3/share/proj/proj.db contains DATABASE.LAYOUT.VERSION.MINOR = 2 whereas a number >= 6 is expected. It comes from another PROJ installation.
2026-09-07 05:33:05,979 WARNING CPLE_AppDefined in PROJ: internal_proj_create_from_database: /opt/anaconda3/share/proj/proj.db contains DATABASE.LAYOUT.VERSION.MINOR = 2 whereas a number >= 6 is expected. It comes from another PROJ installation.
2026-09-07 05:33:05,979 WARNING CPLE_AppDefined in PROJ: internal_proj_create_from_name: /opt/anaconda3/share/proj/proj.db contains DATABASE.LAYOUT.VERSION.MINOR = 2 whereas a number >= 6 is expected. It comes from another PROJ installation.
2026-09-07 05:33:06,009 WARNING CPLE_AppDefined in PROJ: internal_proj_create_from_database: /opt/anaconda3/share/proj/proj.db contains DATABASE.LAYOUT.VERSION.MINOR = 2 whereas a number >= 6 is expected. It comes from another PROJ installation.
2026-09-07 05:33:06,010 WARNING CPLE_AppDefined in PROJ: internal_proj_create_from_name: /opt/anaconda3/share/proj/proj.db contains DATABASE.LAYOUT.VERSION.MINOR = 2 whereas a number >= 6 is expected. It comes from another PROJ installation.
2026-09-07 05:33:06,041 WARNING CPLE_AppDefined in PROJ: internal_proj_create_from_database: /opt/anaconda3/share/proj/proj.db contains DATABASE.LAYOUT.VERSION.MINOR = 2 whereas a number >= 6 is expected. It comes from another PROJ installation.
2026-09-07 05:33:06,041 WARNING CPLE_AppDefined in PROJ: internal_proj_create_from_name: /opt/anaconda3/share/proj/proj.db contains DATABASE.LAYOUT.VERSION.MINOR = 2 whereas a number >= 6 is expected. It comes from another PROJ installation.
2026-09-07 05:33:06,072 WARNING CPLE_AppDefined in PROJ: internal_proj_create_from_database: /opt/anaconda3/share/proj/proj.db contains DATABASE.LAYOUT.VERSION.MINOR = 2 whereas a number >= 6 is expected. It comes from another PROJ installation.
2026-09-07 05:33:06,072 WARNING CPLE_AppDefined in PROJ: internal_proj_create_from_name: /opt/anaconda3/share/proj/proj.db contains DATABASE.LAYOUT.VERSION.MINOR = 2 whereas a number >= 6 is expected. It comes from another PROJ installation.
2026-09-07 05:33:06,103 WARNING CPLE_AppDefined in PROJ: internal_proj_create_from_database: /opt/anaconda3/share/proj/proj.db contains DATABASE.LAYOUT.VERSION.MINOR = 2 whereas a number >= 6 is expected. It comes from another PROJ installation.
2026-09-07 05:33:06,103 WARNING CPLE_AppDefined in PROJ: internal_proj_create_from_name: /opt/anaconda3/share/proj/proj.db contains DATABASE.LAYOUT.VERSION.MINOR = 2 whereas a number >= 6 is expected. It comes from another PROJ installation.
2026-09-07 05:33:06,133 WARNING CPLE_AppDefined in PROJ: internal_proj_create_from_database: /opt/anaconda3/share/proj/proj.db contains DATABASE.LAYOUT.VERSION.MINOR = 2 whereas a number >= 6 is expected. It comes from another PROJ installation.
2026-09-07 05:33:06,133 WARNING CPLE_AppDefined in PROJ: internal_proj_create_from_name: /opt/anaconda3/share/proj/proj.db contains DATABASE.LAYOUT.VERSION.MINOR = 2 whereas a number >= 6 is expected. It comes from another PROJ installation.
2026-09-07 05:33:06,164 WARNING CPLE_AppDefined in PROJ: internal_proj_create_from_database: /opt/anaconda3/share/proj/proj.db contains DATABASE.LAYOUT.VERSION.MINOR = 2 whereas a number >= 6 is expected. It comes from another PROJ installation.
2026-09-07 05:33:06,164 WARNING CPLE_AppDefined in PROJ: internal_proj_create_from_name: /opt/anaconda3/share/proj/proj.db contains DATABASE.LAYOUT.VERSION.MINOR = 2 whereas a number >= 6 is expected. It comes from another PROJ installation.
2026-09-07 05:33:06,194 WARNING CPLE_AppDefined in PROJ: internal_proj_create_from_database: /opt/anaconda3/share/proj/proj.db contains DATABASE.LAYOUT.VERSION.MINOR = 2 whereas a number >= 6 is expected. It comes from another PROJ installation.
2026-09-07 05:33:06,194 WARNING CPLE_AppDefined in PROJ: internal_proj_create_from_name: /opt/anaconda3/share/proj/proj.db contains DATABASE.LAYOUT.VERSION.MINOR = 2 whereas a number >= 6 is expected. It comes from another PROJ installation.
2026-09-07 05:33:06,226 WARNING CPLE_AppDefined in PROJ: internal_proj_create_from_database: /opt/anaconda3/share/proj/proj.db contains DATABASE.LAYOUT.VERSION.MINOR = 2 whereas a number >= 6 is expected. It comes from another PROJ installation.
2026-09-07 05:33:06,226 WARNING CPLE_AppDefined in PROJ: internal_proj_create_from_name: /opt/anaconda3/share/proj/proj.db contains DATABASE.LAYOUT.VERSION.MINOR = 2 whereas a number >= 6 is expected. It comes from another PROJ installation.
2026-09-07 05:33:06,255 WARNING CPLE_AppDefined in PROJ: internal_proj_create_from_database: /opt/anaconda3/share/proj/proj.db contains DATABASE.LAYOUT.VERSION.MINOR = 2 whereas a number >= 6 is expected. It comes from another PROJ installation.
2026-09-07 05:33:06,255 WARNING CPLE_AppDefined in PROJ: internal_proj_create_from_name: /opt/anaconda3/share/proj/proj.db contains DATABASE.LAYOUT.VERSION.MINOR = 2 whereas a number >= 6 is expected. It comes from another PROJ installation.
2026-09-07 05:33:06,285 WARNING CPLE_AppDefined in PROJ: internal_proj_create_from_database: /opt/anaconda3/share/proj/proj.db contains DATABASE.LAYOUT.VERSION.MINOR = 2 whereas a number >= 6 is expected. It comes from another PROJ installation.
2026-09-07 05:33:06,285 WARNING CPLE_AppDefined in PROJ: internal_proj_create_from_name: /opt/anaconda3/share/proj/proj.db contains DATABASE.LAYOUT.VERSION.MINOR = 2 whereas a number >= 6 is expected. It comes from another PROJ installation.
2026-09-07 05:33:06,316 WARNING CPLE_AppDefined in PROJ: internal_proj_create_from_database: /opt/anaconda3/share/proj/proj.db contains DATABASE.LAYOUT.VERSION.MINOR = 2 whereas a number >= 6 is expected. It comes from another PROJ installation.
2026-09-07 05:33:06,316 WARNING CPLE_AppDefined in PROJ: internal_proj_create_from_name: /opt/anaconda3/share/proj/proj.db contains DATABASE.LAYOUT.VERSION.MINOR = 2 whereas a number >= 6 is expected. It comes from another PROJ installation.
2026-09-07 05:33:06,347 WARNING CPLE_AppDefined in PROJ: internal_proj_create_from_database: /opt/anaconda3/share/proj/proj.db contains DATABASE.LAYOUT.VERSION.MINOR = 2 whereas a number >= 6 is expected. It comes from another PROJ installation.
2026-09-07 05:33:06,348 WARNING CPLE_AppDefined in PROJ: internal_proj_create_from_name: /opt/anaconda3/share/proj/proj.db contains DATABASE.LAYOUT.VERSION.MINOR = 2 whereas a number >= 6 is expected. It comes from another PROJ installation.
2026-09-07 05:33:06,377 WARNING CPLE_AppDefined in PROJ: internal_proj_create_from_database: /opt/anaconda3/share/proj/proj.db contains DATABASE.LAYOUT.VERSION.MINOR = 2 whereas a number >= 6 is expected. It comes from another PROJ installation.
2026-09-07 05:33:06,377 WARNING CPLE_AppDefined in PROJ: internal_proj_create_from_name: /opt/anaconda3/share/proj/proj.db contains DATABASE.LAYOUT.VERSION.MINOR = 2 whereas a number >= 6 is expected. It comes from another PROJ installation.
2026-09-07 05:33:06,408 WARNING CPLE_AppDefined in PROJ: internal_proj_create_from_database: /opt/anaconda3/share/proj/proj.db contains DATABASE.LAYOUT.VERSION.MINOR = 2 whereas a number >= 6 is expected. It comes from another PROJ installation.
2026-09-07 05:33:06,409 WARNING CPLE_AppDefined in PROJ: internal_proj_create_from_name: /opt/anaconda3/share/proj/proj.db contains DATABASE.LAYOUT.VERSION.MINOR = 2 whereas a number >= 6 is expected. It comes from another PROJ installation.
2026-09-07 05:33:06,440 WARNING CPLE_AppDefined in PROJ: internal_proj_create_from_database: /opt/anaconda3/share/proj/proj.db contains DATABASE.LAYOUT.VERSION.MINOR = 2 whereas a number >= 6 is expected. It comes from another PROJ installation.
2026-09-07 05:33:06,440 WARNING CPLE_AppDefined in PROJ: internal_proj_create_from_name: /opt/anaconda3/share/proj/proj.db contains DATABASE.LAYOUT.VERSION.MINOR = 2 whereas a number >= 6 is expected. It comes from another PROJ installation.
2026-09-07 05:33:06,471 WARNING CPLE_AppDefined in PROJ: internal_proj_create_from_database: /opt/anaconda3/share/proj/proj.db contains DATABASE.LAYOUT.VERSION.MINOR = 2 whereas a number >= 6 is expected. It comes from another PROJ installation.
2026-09-07 05:33:06,471 WARNING CPLE_AppDefined in PROJ: internal_proj_create_from_name: /opt/anaconda3/share/proj/proj.db contains DATABASE.LAYOUT.VERSION.MINOR = 2 whereas a number >= 6 is expected. It comes from another PROJ installation.
2026-09-07 05:33:06,501 WARNING CPLE_AppDefined in PROJ: internal_proj_create_from_database: /opt/anaconda3/share/proj/proj.db contains DATABASE.LAYOUT.VERSION.MINOR = 2 whereas a number >= 6 is expected. It comes from another PROJ installation.
2026-09-07 05:33:06,501 WARNING CPLE_AppDefined in PROJ: internal_proj_create_from_name: /opt/anaconda3/share/proj/proj.db contains DATABASE.LAYOUT.VERSION.MINOR = 2 whereas a number >= 6 is expected. It comes from another PROJ installation.
2026-09-07 05:33:06,532 WARNING CPLE_AppDefined in PROJ: internal_proj_create_from_database: /opt/anaconda3/share/proj/proj.db contains DATABASE.LAYOUT.VERSION.MINOR = 2 whereas a number >= 6 is expected. It comes from another PROJ installation.
2026-09-07 05:33:06,532 WARNING CPLE_AppDefined in PROJ: internal_proj_create_from_name: /opt/anaconda3/share/proj/proj.db contains DATABASE.LAYOUT.VERSION.MINOR = 2 whereas a number >= 6 is expected. It comes from another PROJ installation.
2026-09-07 05:33:06,561 WARNING CPLE_AppDefined in PROJ: internal_proj_create_from_database: /opt/anaconda3/share/proj/proj.db contains DATABASE.LAYOUT.VERSION.MINOR = 2 whereas a number >= 6 is expected. It comes from another PROJ installation.
2026-09-07 05:33:06,561 WARNING CPLE_AppDefined in PROJ: internal_proj_create_from_name: /opt/anaconda3/share/proj/proj.db contains DATABASE.LAYOUT.VERSION.MINOR = 2 whereas a number >= 6 is expected. It comes from another PROJ installation.
2026-09-07 05:33:06,591 WARNING CPLE_AppDefined in PROJ: internal_proj_create_from_database: /opt/anaconda3/share/proj/proj.db contains DATABASE.LAYOUT.VERSION.MINOR = 2 whereas a number >= 6 is expected. It comes from another PROJ installation.
2026-09-07 05:33:06,591 WARNING CPLE_AppDefined in PROJ: internal_proj_create_from_name: /opt/anaconda3/share/proj/proj.db contains DATABASE.LAYOUT.VERSION.MINOR = 2 whereas a number >= 6 is expected. It comes from another PROJ installation.
2026-09-07 05:33:06,620 WARNING CPLE_AppDefined in PROJ: internal_proj_create_from_database: /opt/anaconda3/share/proj/proj.db contains DATABASE.LAYOUT.VERSION.MINOR = 2 whereas a number >= 6 is expected. It comes from another PROJ installation.
2026-09-07 05:33:06,620 WARNING CPLE_AppDefined in PROJ: internal_proj_create_from_name: /opt/anaconda3/share/proj/proj.db contains DATABASE.LAYOUT.VERSION.MINOR = 2 whereas a number >= 6 is expected. It comes from another PROJ installation.
2026-09-07 05:33:06,648 WARNING CPLE_AppDefined in PROJ: internal_proj_create_from_database: /opt/anaconda3/share/proj/proj.db contains DATABASE.LAYOUT.VERSION.MINOR = 2 whereas a number >= 6 is expected. It comes from another PROJ installation.
2026-09-07 05:33:06,648 WARNING CPLE_AppDefined in PROJ: internal_proj_create_from_name: /opt/anaconda3/share/proj/proj.db contains DATABASE.LAYOUT.VERSION.MINOR = 2 whereas a number >= 6 is expected. It comes from another PROJ installation.
2026-09-07 05:33:06,678 WARNING CPLE_AppDefined in PROJ: internal_proj_create_from_database: /opt/anaconda3/share/proj/proj.db contains DATABASE.LAYOUT.VERSION.MINOR = 2 whereas a number >= 6 is expected. It comes from another PROJ installation.
2026-09-07 05:33:06,678 WARNING CPLE_AppDefined in PROJ: internal_proj_create_from_name: /opt/anaconda3/share/proj/proj.db contains DATABASE.LAYOUT.VERSION.MINOR = 2 whereas a number >= 6 is expected. It comes from another PROJ installation.
2026-09-07 05:33:06,708 WARNING CPLE_AppDefined in PROJ: internal_proj_create_from_database: /opt/anaconda3/share/proj/proj.db contains DATABASE.LAYOUT.VERSION.MINOR = 2 whereas a number >= 6 is expected. It comes from another PROJ installation.
2026-09-07 05:33:06,708 WARNING CPLE_AppDefined in PROJ: internal_proj_create_from_name: /opt/anaconda3/share/proj/proj.db contains DATABASE.LAYOUT.VERSION.MINOR = 2 whereas a number >= 6 is expected. It comes from another PROJ installation.
2026-09-07 05:33:06,738 WARNING CPLE_AppDefined in PROJ: internal_proj_create_from_database: /opt/anaconda3/share/proj/proj.db contains DATABASE.LAYOUT.VERSION.MINOR = 2 whereas a number >= 6 is expected. It comes from another PROJ installation.
2026-09-07 05:33:06,738 WARNING CPLE_AppDefined in PROJ: internal_proj_create_from_name: /opt/anaconda3/share/proj/proj.db contains DATABASE.LAYOUT.VERSION.MINOR = 2 whereas a number >= 6 is expected. It comes from another PROJ installation.
2026-09-07 05:33:06,769 WARNING CPLE_AppDefined in PROJ: internal_proj_create_from_database: /opt/anaconda3/share/proj/proj.db contains DATABASE.LAYOUT.VERSION.MINOR = 2 whereas a number >= 6 is expected. It comes from another PROJ installation.
2026-09-07 05:33:06,769 WARNING CPLE_AppDefined in PROJ: internal_proj_create_from_name: /opt/anaconda3/share/proj/proj.db contains DATABASE.LAYOUT.VERSION.MINOR = 2 whereas a number >= 6 is expected. It comes from another PROJ installation.
2026-09-07 05:33:06,800 WARNING CPLE_AppDefined in PROJ: internal_proj_create_from_database: /opt/anaconda3/share/proj/proj.db contains DATABASE.LAYOUT.VERSION.MINOR = 2 whereas a number >= 6 is expected. It comes from another PROJ installation.
2026-09-07 05:33:06,800 WARNING CPLE_AppDefined in PROJ: internal_proj_create_from_name: /opt/anaconda3/share/proj/proj.db contains DATABASE.LAYOUT.VERSION.MINOR = 2 whereas a number >= 6 is expected. It comes from another PROJ installation.
2026-09-07 05:33:06,830 WARNING CPLE_AppDefined in PROJ: internal_proj_create_from_database: /opt/anaconda3/share/proj/proj.db contains DATABASE.LAYOUT.VERSION.MINOR = 2 whereas a number >= 6 is expected. It comes from another PROJ installation.
2026-09-07 05:33:06,830 WARNING CPLE_AppDefined in PROJ: internal_proj_create_from_name: /opt/anaconda3/share/proj/proj.db contains DATABASE.LAYOUT.VERSION.MINOR = 2 whereas a number >= 6 is expected. It comes from another PROJ installation.
2026-09-07 05:33:06,859 WARNING CPLE_AppDefined in PROJ: internal_proj_create_from_database: /opt/anaconda3/share/proj/proj.db contains DATABASE.LAYOUT.VERSION.MINOR = 2 whereas a number >= 6 is expected. It comes from another PROJ installation.
2026-09-07 05:33:06,859 WARNING CPLE_AppDefined in PROJ: internal_proj_create_from_name: /opt/anaconda3/share/proj/proj.db contains DATABASE.LAYOUT.VERSION.MINOR = 2 whereas a number >= 6 is expected. It comes from another PROJ installation.
2026-09-07 05:33:06,890 WARNING CPLE_AppDefined in PROJ: internal_proj_create_from_database: /opt/anaconda3/share/proj/proj.db contains DATABASE.LAYOUT.VERSION.MINOR = 2 whereas a number >= 6 is expected. It comes from another PROJ installation.
2026-09-07 05:33:06,890 WARNING CPLE_AppDefined in PROJ: internal_proj_create_from_name: /opt/anaconda3/share/proj/proj.db contains DATABASE.LAYOUT.VERSION.MINOR = 2 whereas a number >= 6 is expected. It comes from another PROJ installation.
2026-09-07 05:33:06,920 WARNING CPLE_AppDefined in PROJ: internal_proj_create_from_database: /opt/anaconda3/share/proj/proj.db contains DATABASE.LAYOUT.VERSION.MINOR = 2 whereas a number >= 6 is expected. It comes from another PROJ installation.
2026-09-07 05:33:06,921 WARNING CPLE_AppDefined in PROJ: internal_proj_create_from_name: /opt/anaconda3/share/proj/proj.db contains DATABASE.LAYOUT.VERSION.MINOR = 2 whereas a number >= 6 is expected. It comes from another PROJ installation.
2026-09-07 05:33:06,950 WARNING CPLE_AppDefined in PROJ: internal_proj_create_from_database: /opt/anaconda3/share/proj/proj.db contains DATABASE.LAYOUT.VERSION.MINOR = 2 whereas a number >= 6 is expected. It comes from another PROJ installation.
2026-09-07 05:33:06,950 WARNING CPLE_AppDefined in PROJ: internal_proj_create_from_name: /opt/anaconda3/share/proj/proj.db contains DATABASE.LAYOUT.VERSION.MINOR = 2 whereas a number >= 6 is expected. It comes from another PROJ installation.
2026-09-07 05:33:06,978 WARNING CPLE_AppDefined in PROJ: internal_proj_create_from_database: /opt/anaconda3/share/proj/proj.db contains DATABASE.LAYOUT.VERSION.MINOR = 2 whereas a number >= 6 is expected. It comes from another PROJ installation.
2026-09-07 05:33:06,978 WARNING CPLE_AppDefined in PROJ: internal_proj_create_from_name: /opt/anaconda3/share/proj/proj.db contains DATABASE.LAYOUT.VERSION.MINOR = 2 whereas a number >= 6 is expected. It comes from another PROJ installation.
2026-09-07 05:33:07,006 WARNING CPLE_AppDefined in PROJ: internal_proj_create_from_database: /opt/anaconda3/share/proj/proj.db contains DATABASE.LAYOUT.VERSION.MINOR = 2 whereas a number >= 6 is expected. It comes from another PROJ installation.
2026-09-07 05:33:07,006 WARNING CPLE_AppDefined in PROJ: internal_proj_create_from_name: /opt/anaconda3/share/proj/proj.db contains DATABASE.LAYOUT.VERSION.MINOR = 2 whereas a number >= 6 is expected. It comes from another PROJ installation.
2026-09-07 05:33:07,037 WARNING CPLE_AppDefined in PROJ: internal_proj_create_from_database: /opt/anaconda3/share/proj/proj.db contains DATABASE.LAYOUT.VERSION.MINOR = 2 whereas a number >= 6 is expected. It comes from another PROJ installation.
2026-09-07 05:33:07,037 WARNING CPLE_AppDefined in PROJ: internal_proj_create_from_name: /opt/anaconda3/share/proj/proj.db contains DATABASE.LAYOUT.VERSION.MINOR = 2 whereas a number >= 6 is expected. It comes from another PROJ installation.
2026-09-07 05:33:07,070 WARNING CPLE_AppDefined in PROJ: internal_proj_create_from_database: /opt/anaconda3/share/proj/proj.db contains DATABASE.LAYOUT.VERSION.MINOR = 2 whereas a number >= 6 is expected. It comes from another PROJ installation.
2026-09-07 05:33:07,070 WARNING CPLE_AppDefined in PROJ: internal_proj_create_from_name: /opt/anaconda3/share/proj/proj.db contains DATABASE.LAYOUT.VERSION.MINOR = 2 whereas a number >= 6 is expected. It comes from another PROJ installation.
2026-09-07 05:33:07,100 WARNING CPLE_AppDefined in PROJ: internal_proj_create_from_database: /opt/anaconda3/share/proj/proj.db contains DATABASE.LAYOUT.VERSION.MINOR = 2 whereas a number >= 6 is expected. It comes from another PROJ installation.
2026-09-07 05:33:07,100 WARNING CPLE_AppDefined in PROJ: internal_proj_create_from_name: /opt/anaconda3/share/proj/proj.db contains DATABASE.LAYOUT.VERSION.MINOR = 2 whereas a number >= 6 is expected. It comes from another PROJ installation.
2026-09-07 05:33:07,130 WARNING CPLE_AppDefined in PROJ: internal_proj_create_from_database: /opt/anaconda3/share/proj/proj.db contains DATABASE.LAYOUT.VERSION.MINOR = 2 whereas a number >= 6 is expected. It comes from another PROJ installation.
2026-09-07 05:33:07,130 WARNING CPLE_AppDefined in PROJ: internal_proj_create_from_name: /opt/anaconda3/share/proj/proj.db contains DATABASE.LAYOUT.VERSION.MINOR = 2 whereas a number >= 6 is expected. It comes from another PROJ installation.
2026-09-07 05:33:07,161 WARNING CPLE_AppDefined in PROJ: internal_proj_create_from_database: /opt/anaconda3/share/proj/proj.db contains DATABASE.LAYOUT.VERSION.MINOR = 2 whereas a number >= 6 is expected. It comes from another PROJ installation.
2026-09-07 05:33:07,161 WARNING CPLE_AppDefined in PROJ: internal_proj_create_from_name: /opt/anaconda3/share/proj/proj.db contains DATABASE.LAYOUT.VERSION.MINOR = 2 whereas a number >= 6 is expected. It comes from another PROJ installation.
2026-09-07 05:33:07,192 WARNING CPLE_AppDefined in PROJ: internal_proj_create_from_database: /opt/anaconda3/share/proj/proj.db contains DATABASE.LAYOUT.VERSION.MINOR = 2 whereas a number >= 6 is expected. It comes from another PROJ installation.
2026-09-07 05:33:07,192 WARNING CPLE_AppDefined in PROJ: internal_proj_create_from_name: /opt/anaconda3/share/proj/proj.db contains DATABASE.LAYOUT.VERSION.MINOR = 2 whereas a number >= 6 is expected. It comes from another PROJ installation.
2026-09-07 05:33:07,223 WARNING CPLE_AppDefined in PROJ: internal_proj_create_from_database: /opt/anaconda3/share/proj/proj.db contains DATABASE.LAYOUT.VERSION.MINOR = 2 whereas a number >= 6 is expected. It comes from another PROJ installation.
2026-09-07 05:33:07,223 WARNING CPLE_AppDefined in PROJ: internal_proj_create_from_name: /opt/anaconda3/share/proj/proj.db contains DATABASE.LAYOUT.VERSION.MINOR = 2 whereas a number >= 6 is expected. It comes from another PROJ installation.
2026-09-07 05:33:07,254 WARNING CPLE_AppDefined in PROJ: internal_proj_create_from_database: /opt/anaconda3/share/proj/proj.db contains DATABASE.LAYOUT.VERSION.MINOR = 2 whereas a number >= 6 is expected. It comes from another PROJ installation.
2026-09-07 05:33:07,254 WARNING CPLE_AppDefined in PROJ: internal_proj_create_from_name: /opt/anaconda3/share/proj/proj.db contains DATABASE.LAYOUT.VERSION.MINOR = 2 whereas a number >= 6 is expected. It comes from another PROJ installation.
2026-09-07 05:33:07,286 WARNING CPLE_AppDefined in PROJ: internal_proj_create_from_database: /opt/anaconda3/share/proj/proj.db contains DATABASE.LAYOUT.VERSION.MINOR = 2 whereas a number >= 6 is expected. It comes from another PROJ installation.
2026-09-07 05:33:07,286 WARNING CPLE_AppDefined in PROJ: internal_proj_create_from_name: /opt/anaconda3/share/proj/proj.db contains DATABASE.LAYOUT.VERSION.MINOR = 2 whereas a number >= 6 is expected. It comes from another PROJ installation.
2026-09-07 05:33:07,314 WARNING CPLE_AppDefined in PROJ: internal_proj_create_from_database: /opt/anaconda3/share/proj/proj.db contains DATABASE.LAYOUT.VERSION.MINOR = 2 whereas a number >= 6 is expected. It comes from another PROJ installation.
2026-09-07 05:33:07,314 WARNING CPLE_AppDefined in PROJ: internal_proj_create_from_name: /opt/anaconda3/share/proj/proj.db contains DATABASE.LAYOUT.VERSION.MINOR = 2 whereas a number >= 6 is expected. It comes from another PROJ installation.
2026-09-07 05:33:07,346 WARNING CPLE_AppDefined in PROJ: internal_proj_create_from_database: /opt/anaconda3/share/proj/proj.db contains DATABASE.LAYOUT.VERSION.MINOR = 2 whereas a number >= 6 is expected. It comes from another PROJ installation.
2026-09-07 05:33:07,346 WARNING CPLE_AppDefined in PROJ: internal_proj_create_from_name: /opt/anaconda3/share/proj/proj.db contains DATABASE.LAYOUT.VERSION.MINOR = 2 whereas a number >= 6 is expected. It comes from another PROJ installation.
2026-09-07 05:33:07,377 WARNING CPLE_AppDefined in PROJ: internal_proj_create_from_database: /opt/anaconda3/share/proj/proj.db contains DATABASE.LAYOUT.VERSION.MINOR = 2 whereas a number >= 6 is expected. It comes from another PROJ installation.
2026-09-07 05:33:07,378 WARNING CPLE_AppDefined in PROJ: internal_proj_create_from_name: /opt/anaconda3/share/proj/proj.db contains DATABASE.LAYOUT.VERSION.MINOR = 2 whereas a number >= 6 is expected. It comes from another PROJ installation.
2026-09-07 05:33:07,406 WARNING CPLE_AppDefined in PROJ: internal_proj_create_from_database: /opt/anaconda3/share/proj/proj.db contains DATABASE.LAYOUT.VERSION.MINOR = 2 whereas a number >= 6 is expected. It comes from another PROJ installation.
2026-09-07 05:33:07,406 WARNING CPLE_AppDefined in PROJ: internal_proj_create_from_name: /opt/anaconda3/share/proj/proj.db contains DATABASE.LAYOUT.VERSION.MINOR = 2 whereas a number >= 6 is expected. It comes from another PROJ installation.
2026-09-07 05:33:07,437 WARNING CPLE_AppDefined in PROJ: internal_proj_create_from_database: /opt/anaconda3/share/proj/proj.db contains DATABASE.LAYOUT.VERSION.MINOR = 2 whereas a number >= 6 is expected. It comes from another PROJ installation.
2026-09-07 05:33:07,437 WARNING CPLE_AppDefined in PROJ: internal_proj_create_from_name: /opt/anaconda3/share/proj/proj.db contains DATABASE.LAYOUT.VERSION.MINOR = 2 whereas a number >= 6 is expected. It comes from another PROJ installation.
2026-09-07 05:33:07,469 WARNING CPLE_AppDefined in PROJ: internal_proj_create_from_database: /opt/anaconda3/share/proj/proj.db contains DATABASE.LAYOUT.VERSION.MINOR = 2 whereas a number >= 6 is expected. It comes from another PROJ installation.
2026-09-07 05:33:07,469 WARNING CPLE_AppDefined in PROJ: internal_proj_create_from_name: /opt/anaconda3/share/proj/proj.db contains DATABASE.LAYOUT.VERSION.MINOR = 2 whereas a number >= 6 is expected. It comes from another PROJ installation.
2026-09-07 05:33:07,499 WARNING CPLE_AppDefined in PROJ: internal_proj_create_from_database: /opt/anaconda3/share/proj/proj.db contains DATABASE.LAYOUT.VERSION.MINOR = 2 whereas a number >= 6 is expected. It comes from another PROJ installation.
2026-09-07 05:33:07,499 WARNING CPLE_AppDefined in PROJ: internal_proj_create_from_name: /opt/anaconda3/share/proj/proj.db contains DATABASE.LAYOUT.VERSION.MINOR = 2 whereas a number >= 6 is expected. It comes from another PROJ installation.
2026-09-07 05:33:07,529 WARNING CPLE_AppDefined in PROJ: internal_proj_create_from_database: /opt/anaconda3/share/proj/proj.db contains DATABASE.LAYOUT.VERSION.MINOR = 2 whereas a number >= 6 is expected. It comes from another PROJ installation.
2026-09-07 05:33:07,529 WARNING CPLE_AppDefined in PROJ: internal_proj_create_from_name: /opt/anaconda3/share/proj/proj.db contains DATABASE.LAYOUT.VERSION.MINOR = 2 whereas a number >= 6 is expected. It comes from another PROJ installation.
2026-09-07 05:33:07,559 WARNING CPLE_AppDefined in PROJ: internal_proj_create_from_database: /opt/anaconda3/share/proj/proj.db contains DATABASE.LAYOUT.VERSION.MINOR = 2 whereas a number >= 6 is expected. It comes from another PROJ installation.
2026-09-07 05:33:07,559 WARNING CPLE_AppDefined in PROJ: internal_proj_create_from_name: /opt/anaconda3/share/proj/proj.db contains DATABASE.LAYOUT.VERSION.MINOR = 2 whereas a number >= 6 is expected. It comes from another PROJ installation.
2026-09-07 05:33:07,589 WARNING CPLE_AppDefined in PROJ: internal_proj_create_from_database: /opt/anaconda3/share/proj/proj.db contains DATABASE.LAYOUT.VERSION.MINOR = 2 whereas a number >= 6 is expected. It comes from another PROJ installation.
2026-09-07 05:33:07,589 WARNING CPLE_AppDefined in PROJ: internal_proj_create_from_name: /opt/anaconda3/share/proj/proj.db contains DATABASE.LAYOUT.VERSION.MINOR = 2 whereas a number >= 6 is expected. It comes from another PROJ installation.
2026-09-07 05:33:07,618 WARNING CPLE_AppDefined in PROJ: internal_proj_create_from_database: /opt/anaconda3/share/proj/proj.db contains DATABASE.LAYOUT.VERSION.MINOR = 2 whereas a number >= 6 is expected. It comes from another PROJ installation.
2026-09-07 05:33:07,618 WARNING CPLE_AppDefined in PROJ: internal_proj_create_from_name: /opt/anaconda3/share/proj/proj.db contains DATABASE.LAYOUT.VERSION.MINOR = 2 whereas a number >= 6 is expected. It comes from another PROJ installation.
2026-09-07 05:33:07,648 WARNING CPLE_AppDefined in PROJ: internal_proj_create_from_database: /opt/anaconda3/share/proj/proj.db contains DATABASE.LAYOUT.VERSION.MINOR = 2 whereas a number >= 6 is expected. It comes from another PROJ installation.
2026-09-07 05:33:07,648 WARNING CPLE_AppDefined in PROJ: internal_proj_create_from_name: /opt/anaconda3/share/proj/proj.db contains DATABASE.LAYOUT.VERSION.MINOR = 2 whereas a number >= 6 is expected. It comes from another PROJ installation.
2026-09-07 05:33:07,679 WARNING CPLE_AppDefined in PROJ: internal_proj_create_from_database: /opt/anaconda3/share/proj/proj.db contains DATABASE.LAYOUT.VERSION.MINOR = 2 whereas a number >= 6 is expected. It comes from another PROJ installation.
2026-09-07 05:33:07,679 WARNING CPLE_AppDefined in PROJ: internal_proj_create_from_name: /opt/anaconda3/share/proj/proj.db contains DATABASE.LAYOUT.VERSION.MINOR = 2 whereas a number >= 6 is expected. It comes from another PROJ installation.
2026-09-07 05:33:07,709 WARNING CPLE_AppDefined in PROJ: internal_proj_create_from_database: /opt/anaconda3/share/proj/proj.db contains DATABASE.LAYOUT.VERSION.MINOR = 2 whereas a number >= 6 is expected. It comes from another PROJ installation.
2026-09-07 05:33:07,710 WARNING CPLE_AppDefined in PROJ: internal_proj_create_from_name: /opt/anaconda3/share/proj/proj.db contains DATABASE.LAYOUT.VERSION.MINOR = 2 whereas a number >= 6 is expected. It comes from another PROJ installation.
2026-09-07 05:33:07,738 WARNING CPLE_AppDefined in PROJ: internal_proj_create_from_database: /opt/anaconda3/share/proj/proj.db contains DATABASE.LAYOUT.VERSION.MINOR = 2 whereas a number >= 6 is expected. It comes from another PROJ installation.
2026-09-07 05:33:07,738 WARNING CPLE_AppDefined in PROJ: internal_proj_create_from_name: /opt/anaconda3/share/proj/proj.db contains DATABASE.LAYOUT.VERSION.MINOR = 2 whereas a number >= 6 is expected. It comes from another PROJ installation.
2026-09-07 05:33:07,769 WARNING CPLE_AppDefined in PROJ: internal_proj_create_from_database: /opt/anaconda3/share/proj/proj.db contains DATABASE.LAYOUT.VERSION.MINOR = 2 whereas a number >= 6 is expected. It comes from another PROJ installation.
2026-09-07 05:33:07,769 WARNING CPLE_AppDefined in PROJ: internal_proj_create_from_name: /opt/anaconda3/share/proj/proj.db contains DATABASE.LAYOUT.VERSION.MINOR = 2 whereas a number >= 6 is expected. It comes from another PROJ installation.
2026-09-07 05:33:07,799 WARNING CPLE_AppDefined in PROJ: internal_proj_create_from_database: /opt/anaconda3/share/proj/proj.db contains DATABASE.LAYOUT.VERSION.MINOR = 2 whereas a number >= 6 is expected. It comes from another PROJ installation.
2026-09-07 05:33:07,800 WARNING CPLE_AppDefined in PROJ: internal_proj_create_from_name: /opt/anaconda3/share/proj/proj.db contains DATABASE.LAYOUT.VERSION.MINOR = 2 whereas a number >= 6 is expected. It comes from another PROJ installation.
2026-09-07 05:33:07,829 WARNING CPLE_AppDefined in PROJ: internal_proj_create_from_database: /opt/anaconda3/share/proj/proj.db contains DATABASE.LAYOUT.VERSION.MINOR = 2 whereas a number >= 6 is expected. It comes from another PROJ installation.
2026-09-07 05:33:07,829 WARNING CPLE_AppDefined in PROJ: internal_proj_create_from_name: /opt/anaconda3/share/proj/proj.db contains DATABASE.LAYOUT.VERSION.MINOR = 2 whereas a number >= 6 is expected. It comes from another PROJ installation.
2026-09-07 05:33:07,838 INFO Saved /Users/helloworld/Desktop/SIH/SIH2026/data/regions/uttar_pradesh/satellite/chirps_uttar_pradesh_2019.nc (0.4 MB)
2026-09-07 05:41:02,958 INFO Saved /Users/helloworld/Desktop/SIH/SIH2026/data/regions/uttar_pradesh/nwp/era5_uttar_pradesh_2019.nc
2026-09-07 06:05:57,095 INFO Saved /Users/helloworld/Desktop/SIH/SIH2026/data/regions/uttar_pradesh/radar/merra2_uttar_pradesh_2019.nc
2026-09-07 06:05:59,649 WARNING GPM IMERG requires NASA Earthdata login — skipping
2026-09-07 06:06:03,110 INFO Merged CHIRPS -> /Users/helloworld/Desktop/SIH/SIH2026/data/regions/uttar_pradesh/satellite/chirps_uttar_pradesh_20120101_20191231.nc (2.5 MB)
/Users/helloworld/Desktop/SIH/SIH2026/scripts/download_training_years.py:354: DeprecationWarning: datetime.datetime.utcnow() is deprecated and scheduled for removal in a future version. Use timezone-aware objects to represent datetimes in UTC: datetime.datetime.now(datetime.UTC).
  manifest["finished_at"] = datetime.utcnow().isoformat() + "Z"
2026-09-07 06:06:03,112 INFO Done. Manifest -> /Users/helloworld/Desktop/SIH/SIH2026/data/regions/uttar_pradesh/training_manifest.json
